id,subreddit,created_utc,title,selftext,score,num_comments,permalink,date
1um0w6x,sixers,1783042813,I don't want lebron james,"Cupcake Looney tunes ring if he signs here on the veteran minimum. No different than KD going to the warriors 🤷‍♂️ where gonna have guys like maxey averaging 18 ppg, nobody is gonna hit there stats. The fans clamoring for lebron seem delusional. Not to mention the trend hes gonna start with guys ring chasing signing for the veteran minimum. Real fans know wassup, even if i didn't word this whole post right lol CUPCAKE MOVE!!!",0,93,/r/sixers/comments/1um0w6x/i_dont_want_lebron_james/,2026-07-03
1umgd5h,nba,1783089829,[Gozlan] Let’s say Sixers sign and trade for Dean Wade by sending out Dominick Barlow & Johni Broome (preserves $9 million of MLE). Replace Dalen Terry & Jabari Walker with 1-year vet mins ($260K in savings). They could give LeBron James up to $6.7 million within first apron hard cap.,[removed],1,0,/r/nba/comments/1umgd5h/gozlan_lets_say_sixers_sign_and_trade_for_dean/,2026-07-03
1umge88,nba,1783089899,How much power will Klutch have after LeBron retires?,"I have to be honest up front: I dont like the way Klutch moves. Theyve routinely gone past normal agent relations. I know Laker fans have said that they basically tried to take over the Lakers 

The Nerlens Noel thing still bites me the wrong way.

Do you believe Klutch will still have outsized power or will they fade without LeBron?",15,81,/r/nba/comments/1umge88/how_much_power_will_klutch_have_after_lebron/,2026-07-03
1umguk7,nba,1783090954,LeBron gets a complete pass here – and in NBA media – for building his entire résumé on team hopping and latching onto other superstars.,"I’ve watched this sub tear into players for weeks over the most minor stuff – contract details, off nights, rumors, whatever. People here will psychoanalyze a role player’s body language for a three-game stretch. But somehow, LeBron’s entire career blueprint – team hopping and attaching himself to other superstars – barely gets any serious criticism.

If you look at his career objectively, there’s a very clear through-line: the moment the roster around him doesn’t scream “championship shortcut,” he’s looking for the next place to jump or the next big name to recruit.

For a guy constantly jammed into the GOAT conversation, that’s a pretty weak backbone for a legacy. It’s hard to call it the strongest career ever when the default setting has always been “where’s my next superstar co-pilot?”

Look at how people talk about him right now. There are constant conversations about him teaming up with Curry, Giannis, and Wemby.

The discourse assumes the next chapter of his career has to involve another generational or near-generational talent. That alone says a lot about how people subconsciously view his path: he doesn’t stand on his own; he’s always orbiting other stars.

Wade, Bosh, Love, Kyrie, AD, Luka.

Who’s it going to be next?

You can respect his numbers, his longevity, and the fact that he’s one of the best players ever, and still say the way he’s gone about it makes his career arc feel hollow compared to the all-time greats who didn’t spend their entire career bouncing between stacked rosters.

  
",0,82,/r/nba/comments/1umguk7/lebron_gets_a_complete_pass_here_and_in_nba_media/,2026-07-03
1umh3ta,nba,1783091569,The best part of the LeBron saga,"Watching this sub is the best part. For literal years I’ve watched 

“he needs a ring to be considered the best”

Goes to Miami

“ok well he couldn’t carry the Cavs”

Wins with Cavs

“Well he still hasn’t won enough. He needs a few rings to be considered”

Wins with Lakers 

“Well he’s old. He only has the records because he played so long”

Just stop. He’s LeBron. He’s always been if not the best player in the league at least top 20 for decades at this point.

I’m just tired of pretending the people who act like saying he’s the GOAT is so out of pocket. Like grow the fuck up. I think he’s the best but when you say MJ I’ll politely disagree. 

TLDR: when you act like it’s absurd to think LeBron is the greatest all you’re doing is pointing out how little you know about basketball.",113,204,/r/nba/comments/1umh3ta/the_best_part_of_the_lebron_saga/,2026-07-03
1umhexd,nba,1783092283,Lebron headed to Philly,"He’s going to Philly. Why wouldn’t he? We keep saying embiid this, embiid that but think about this for a second… with LeBron, Maxey, edgecomb and brown neither he or LeBron would have to play 30 min+ and or score a crap ton a game which means fresh legs and less injury long term.

Here is the other part is that he would fit seamlessly in this lineup… Maxey, edgecomb, brown, lebron and embiid… that’s just scary af. He just slides in the 4 and helps facilitate and doesn’t need to worry about playing 30+ min either and stays fresh for playoffs.

Here is the other thing: him and Maxey share the same agent (rich paul)

Lebrons favorite player is AI

He’s got ties with Mike Gansey (sixers GM)

What else do you need???

If LeBron is serious about joining a contender an accepting a vet minimum I think it’s the best fit and chance for him to win on a 1 year deal.

Also side note: he’s won at least 1 title every place he’s gone so why not bring one to Philly?? I think it might be another little motivator to bring a city like Philly its first chip.",0,78,/r/nba/comments/1umhexd/lebron_headed_to_philly/,2026-07-03
1umhku5,nba,1783092657,LeBron gets a complete pass here – and in NBA media – for building his entire résumé on team hopping and latching onto other superstars.,"Mods took original post down without any explanation, so I’m reposting. This is not AI, and I have not broken any rules.

I’ve watched this sub tear into players for weeks over the most minor stuff – contract details, off nights, rumors, whatever. People here will psychoanalyze a role player’s body language for a three-game stretch. But somehow, LeBron’s entire career blueprint – team hopping and attaching himself to other superstars – barely gets any serious criticism.

If you look at his career objectively, there’s a very clear through-line: the moment the roster around him doesn’t scream “championship shortcut,” he’s looking for the next place to jump or the next big name to recruit.

I love that the new Lakers FO had the balls to pack up the circus. That team is going to be so much better without having to worry about Luka dragging a 42 yr old to the playoffs like an old backpack.

For a guy constantly jammed into the GOAT conversation, that’s a pretty weak backbone for a legacy. It’s hard to call it the strongest career ever when the default setting has always been “where’s my next superstar co-pilot?”

Look at how people talk about him right now. There are constant conversations about him teaming up with Curry, Giannis, and Wemby.

The discourse assumes the next chapter of his career has to involve another generational or near-generational talent. That alone says a lot about how people subconsciously view his path: he doesn’t stand on his own; he’s always orbiting other stars.

Wade, Bosh, Love, Kyrie, AD, Luka.

Who’s it going to be next?

You can respect his numbers, his longevity, and the fact that he’s one of the best players ever, and still say the way he’s gone about it makes his career arc feel hollow compared to the all-time greats who didn’t spend their entire career bouncing between stacked rosters.

  
",0,34,/r/nba/comments/1umhku5/lebron_gets_a_complete_pass_here_and_in_nba_media/,2026-07-03
1umi2w5,nba,1783093806,The winner of the NBA Cup should get LeBron,"His salary set somewhere high mid but respectable... $32M?

doesn't count against the cap

You just get him from after the cup through the end of t the season(obviously including playoffs)

Tell me you're not watching all those games?

would really add some meaning to regular season... 

For a couple years at least

",6290,207,/r/nba/comments/1umi2w5/the_winner_of_the_nba_cup_should_get_lebron/,2026-07-03
1umilc2,nba,1783094968,Brown gone from Celtics in head shaking deal. Is Stevens getting ready to pull a rabbit named Lebron out of a hat?,,1,1,/r/nba/comments/1umilc2/brown_gone_from_celtics_in_head_shaking_deal_is/,2026-07-03
1umj4pj,nba,1783096201,LeBron should sign a 2-way contract and then just join whoever he wants at the trade deadline.,"This makes the most sense for him, honestly. He can just play with his 'favourite' team through half the season, but if things aren't panning out, he can just dip to whoever is looking good halfway through. 

The only downside is public image.",0,28,/r/nba/comments/1umj4pj/lebron_should_sign_a_2way_contract_and_then_just/,2026-07-03
1umkcoq,nba,1783098995,How unbearable will LeBron's retirement tour be next year?,He is making a documentary so there will be a camera crew following  him every game. Every game he plays will be about him. Who cares about anyone else? He is the moneymaker for talking heads and ESPN will be 100% about him.  Actual basketball will take a backseat next year.  I'm sure most players cant wait until he's out of the league. ,0,139,/r/nba/comments/1umkcoq/how_unbearable_will_lebrons_retirement_tour_be/,2026-07-03
1umkfd1,nba,1783099162,Super El Niño is what gets LeBron to Minnesota!,[removed],1,1,/r/nba/comments/1umkfd1/super_el_niño_is_what_gets_lebron_to_minnesota/,2026-07-03
1umkoj7,nba,1783099745,Does LeBron want to be the first player to win a ring on 4 different teams?,"It's one major record that he hasn't broken, as no player has won with more than 3 different teams. It would be a huge legacy move if Bron can pull it off. 

Does that make one of the ""dark horse"" teams (Nuggets, Wolves, Sixers, etc) somewhat more likely?",114,142,/r/nba/comments/1umkoj7/does_lebron_want_to_be_the_first_player_to_win_a/,2026-07-03
1umm53k,nba,1783103141,Reminder: Jaylen Brown almost averaged a LeBron last year,"Per bball ref: 28 pts/7rb/6ast on 48/35/79 with 1.4 stocks

The league had lost the plot if front offices actually don’t consider him a top 15 player.

I will be very happy to see him bring a chip to Philly.",0,39,/r/nba/comments/1umm53k/reminder_jaylen_brown_almost_averaged_a_lebron/,2026-07-03
1ummbds,nba,1783103548,It would be a mistake for LeBron to go back to Cavs,"Been there, done that, returned and redeemed himself once kinda feels corny to do it again. Rich Paul is right it would be cool to see LePookie take his LeGreatness to a downtrodden franchise and show them how it's done",0,85,/r/nba/comments/1ummbds/it_would_be_a_mistake_for_lebron_to_go_back_to/,2026-07-03
1ummfuy,nba,1783103846,The 2016 Cavaliers Reunion Trip will be Lebron's Documentary Intro,"The 2016 Cleveland Cavalier team (minus Kyrie and Mozgov) had a 10-year reunion trip which included golf and wine-tasting 

Lebron has had a documentary crew following him around for 4 years and now has a big free agency decision ahead of him to decide where he wants to retire 

The introduction to the ""Last Dance"" documentary of Lebron's career will be him reminiscing about the 2016 Finals along with his former teammates, sitting around a table drinking wine and talking about how much that championship meant to them and to the city of Cleveland 

Then a voiceover by Morgan Freeman: ""Lebron knew then and there, where his story would end"" 

Cinema   ",42,31,/r/nba/comments/1ummfuy/the_2016_cavaliers_reunion_trip_will_be_lebrons/,2026-07-03
1ummgxs,nba,1783103919,"If this is strictly about legacy for LeBron, he needs to go to MN.",[removed],1,0,/r/nba/comments/1ummgxs/if_this_is_strictly_about_legacy_for_lebron_he/,2026-07-03
1umn33l,nba,1783105356,LeBron should just play for every team this season,"I suggest LeBron play 2.73 games for each team this season and then all teams collectively split his contract 30 ways. 

He’s the automatic 4. ",1324,123,/r/nba/comments/1umn33l/lebron_should_just_play_for_every_team_this_season/,2026-07-03
1umn88o,nba,1783105693,"LeBron, 76’ers: What if",[removed],1,0,/r/nba/comments/1umn88o/lebron_76ers_what_if/,2026-07-03
1umnmku,nba,1783106648,Lebron should play a few games for every team in the nba in his final season,"Jersey sales will be off the charts.

Jersey sales will be off the charts.

Jersey sales will be off the charts.",0,10,/r/nba/comments/1umnmku/lebron_should_play_a_few_games_for_every_team_in/,2026-07-03
1umqe81,nba,1783113416,DID LEBRON RUIN THE LAKERS’ FUTURE?,[removed],1,0,/r/nba/comments/1umqe81/did_lebron_ruin_the_lakers_future/,2026-07-03
1umqhw2,nba,1783113658,did lebron destroy the lakers’ future?,[removed],1,0,/r/nba/comments/1umqhw2/did_lebron_destroy_the_lakers_future/,2026-07-03
1umqj0e,nba,1783113736,How could Philly realistically add LeBron?,"This is not a shade post at Philadelphia, but I don’t understand how they can add LeBron financially speaking unless he takes the vet min.

They used their non-TPMLE to sign Dean Wade and Anfernee Simons. The rest of their cap is:

Embiid $57 million

Brown $57 million

Maxey $40 million

Edgecomb $11 million

Those 4 contracts alone put Philly over the cap, and nobody else on their roster earns more than $3.5 million

There’s no salary here to dump to open up space, there’s no big contract for an unessential player to sign and trade. And the MLE is all used up.

Am I missing something or would LeBron have to take a vet minimum to play for Philly?",0,57,/r/nba/comments/1umqj0e/how_could_philly_realistically_add_lebron/,2026-07-03
1umqmuq,nba,1783114003,"When LeBron makes his announcement on where he’s playing next year, do we think he’s also gunna announce it’s his last season?",Wonder if he’s gunna make the announcement by saying my last season will be this year with whoever it ends up being(guessing the Cavs) ,21,68,/r/nba/comments/1umqmuq/when_lebron_makes_his_announcement_on_where_hes/,2026-07-03
1umrjye,nba,1783116331,"If LeBron James signs with the Timberwolves there is a very good chance that he will surpass James ""Hollywood"" Robinson as the greatest James in Wolves history","1. James ""Hollywood"" Robinson
2. James Johnson
3. Mike James
4. James Nunnally
5. Jim Thomas

Jimmy butler is not a James, so he's not on the list, his birth name is Jimmy. ",74,31,/r/nba/comments/1umrjye/if_lebron_james_signs_with_the_timberwolves_there/,2026-07-03
1umsnw5,nba,1783119293,When do you think LeBron will make his decision?,"Tonight? 

Tomorrow?

Next week?

Next month?

Will he wait until months into the season like Bill Simmons said?",0,90,/r/nba/comments/1umsnw5/when_do_you_think_lebron_will_make_his_decision/,2026-07-03
1umt6kr,nba,1783120665,LeBron James could make more than his salary betting on the outcome of his free agency on prediction markets,Where LeBron goes in free agency has a massive betting market - over $50M in volume on Kalshi alone. Where LeBron goes is not a game and there’s no expectation of a fair or neutral outcome. There is nothing stopping LeBron or his associates from knowing where he’s going to sign and placing bets.,56,34,/r/nba/comments/1umt6kr/lebron_james_could_make_more_than_his_salary/,2026-07-03
1umta0d,nba,1783120936,Lebron is a Washington Wizard,[removed],1,0,/r/nba/comments/1umta0d/lebron_is_a_washington_wizard/,2026-07-03
1umtl2z,nba,1783121809,Could LeBron handle playing for Spurs where superstars do not get special treatment ?,"Look at the Pop era. No one got special treatment. Duncan, Robinson , Ginobli, ....

He is  smart guy but since he was a kid he has always received special treatment.  Not sure if he could deal with it.

If he could, he would have a great place to finish. 

Be around Pop who he admires and respects.

Help mentor the next face of league, Wemby,  plus next superstar guard, Harper plus one of the most underrated and hardest working players in Castle

Plenty of places for golf

It really depends on what his goals are

He also can work with Pop on stuff, hang with Duncan, david and manu ",0,74,/r/nba/comments/1umtl2z/could_lebron_handle_playing_for_spurs_where/,2026-07-03
1umr5jj,nbadiscussion,1783115305,Prime LeBron James 2010 trade scenarios,[removed],1,2,/r/nbadiscussion/comments/1umr5jj/prime_lebron_james_2010_trade_scenarios/,2026-07-03
1umfzed,nba,1783088922,[Serious] Now that we know LeBron James ‘loves’ Darius Garland enough that his absence is a negative for Cleveland— is there a team that would be willing to trade for him to ensure signing LeBron? What would that team’s package be to entice LA to part with their PG with this level of leverage?,"Source: https://youtu.be/QHnzkvE-n9w?is=LLq8ZcDVwOH-2Ed\_

Rich Paul on the negatives of LeBron James signing with the Cleveland Cavaliers:

“The negative is, no knock to James Harden, but no Darius Garland. He loves Garland like he loves Tyrese Maxey.”

\_\_\_\_\_\_\_\_\_

The teams in the inner-circle for LeBron James: **76ers, Heat, Wolves, Nuggets, Cavaliers**. 

Teams right outside: **Warriors, Mavericks, Celtics, Spurs, Knicks.** 

\_\_\_\_\_\_\_\_\_\_

Now that we know LeBron James ‘loves’ Darius Garland enough that his absence is a negative for Cleveland— is there a team that would be willing to trade for him to ensure signing LeBron? What would that team’s package be to entice LA to part with their PG with this level of leverage?

Would the Cavaliers trade Harden to a third team (Houston, maybe?) plus a first and a swap to leapfrog the other teams in the mix? Would Denver trade Jamal Murray and a 1st to LA for Garland? ",0,49,/r/nba/comments/1umfzed/serious_now_that_we_know_lebron_james_loves/,2026-07-03
1umfwbj,nba,1783088717,LeBron To Minneapolis. Hear me out.,I'm putting this out into the world to manifest it. LeBron comes to Minneapolis and does two vet minimums and brings arguably the worst franchise its first title and the cities first men's title in over 35 years. Then goes back to back being the first team to go back to back in a decade. He can then close his career out with an Olympic run in LA. Is this wildly optimistic? Absolutely. Is it highly unlikely? Absolutely. ,0,53,/r/nba/comments/1umfwbj/lebron_to_minneapolis_hear_me_out/,2026-07-03
1umhaqc,nba,1783092013,Lebron to Philly,[removed],0,0,/r/nba/comments/1umhaqc/lebron_to_philly/,2026-07-03
1umfg8u,nba,1783087665,LeBron James played against someone now eligible for Social Security payments,"Kevin Willis was born in 1962. this means he is technically eligible to receive social security payments. 

cooper Flagg is his youngest opponent, born in 2006. ",940,68,/r/nba/comments/1umfg8u/lebron_james_played_against_someone_now_eligible/,2026-07-03
1um1ig1,sixers,1783044551,LeBron teasing Kevin Hart on ig,,16,9,/r/sixers/comments/1um1ig1/lebron_teasing_kevin_hart_on_ig/,2026-07-03
1um1rpe,sixers,1783045290,[Los Angeles Times] Recent Disclosed Texts Show Lakers GM Rob Pelinka Told Executives ‘Bronny Can Go Be Someone Else’s Problem’ If LeBron Signs Elsewhere,,0,0,/r/sixers/comments/1um1rpe/los_angeles_times_recent_disclosed_texts_show/,2026-07-03
1um30lu,sixers,1783048951,Measured move target: 100%. LeBron to Philly is basically confirmed,"Just did some rigorous technical analysis on the LeBron-to-Sixers prediction market movements and the cup and handle has confirmed, the golden cross printed, and RSI is sitting at a healthy 99.9. The Fib 1.000 extension puts us at exactly 100% on July 4th, which lines up perfectly with LeBron announcing at Independence Hall during the America 250 celebration.",35,21,/r/sixers/comments/1um30lu/measured_move_target_100_lebron_to_philly_is/,2026-07-03
1uma4bw,sixers,1783072426,Why would LeBron James make an instagram post last night about playing golf with Kevin Hart soon?,"He’s one of, if not the most famous Philadelphia-born celebrities. LeBron wants to go somewhere he can play golf and Philly is consistently ranked as one of the best locations for golf

LeBron wants to go somewhere that the scoring load can be carried by two other guys. The Sixers have 2 of last season’s top 5 in PPG now

Why would LeBron, on the verge of making his final FA decision, want it known that he wants to go somewhere with a good golf scene, and then make fun of a very prominent Philadelphian about getting him children’s clubs for when they play together?

The rest of the league is trying to figure out exactly what this means",564,75,/r/sixers/comments/1uma4bw/why_would_lebron_james_make_an_instagram_post/,2026-07-03
1umb5eb,sixers,1783075791,Rich Paul talking about Lebron signing with the Sixers,,349,140,/r/sixers/comments/1umb5eb/rich_paul_talking_about_lebron_signing_with_the/,2026-07-03
1umdp4a,sixers,1783083241,LeBron to Embiid with a behind the back bounce pass,,193,15,/r/sixers/comments/1umdp4a/lebron_to_embiid_with_a_behind_the_back_bounce/,2026-07-03
1umdr6a,sixers,1783083396,"According to Rich Paul, LeBron coming here is a lot more realistic than I honestly thought",,1,1,/r/sixers/comments/1umdr6a/according_to_rich_paul_lebron_coming_here_is_a/,2026-07-03
1umeqdk,sixers,1783085894,"To cap off the USA’s 250th anniversary, LeBron James will channel the spirit of 1776 by ringing the Liberty Bell to announce his commitment to Philadelphia",all the signs are there,150,15,/r/sixers/comments/1umeqdk/to_cap_off_the_usas_250th_anniversary_lebron/,2026-07-03
1umflua,nba,1783088033,"What do you think Rich Paul and LeBron mean by putting Oil, Africa, Macao under Dallas?","Is this an Aspiration situation?

Are they restarting the wagner group?

Why didn’t he list any of their players like the other teams?

I’m so confused!",3,11,/r/nba/comments/1umflua/what_do_you_think_rich_paul_and_lebron_mean_by/,2026-07-03
1umig8t,sixers,1783094647,"Lebron currently at 18% to join Philly, per polymarket.",,7,27,/r/sixers/comments/1umig8t/lebron_currently_at_18_to_join_philly_per/,2026-07-03
1umkhjr,sixers,1783099300,"We now have Labarron, D Wade, and Love on our team. If that isn't enough for us to sign LeBron, what is?","LeBron, you were destined to join us",96,19,/r/sixers/comments/1umkhjr/we_now_have_labarron_d_wade_and_love_on_our_team/,2026-07-03
1umlg55,sixers,1783101536,"According to this person, LeBron is in Philly right now",,385,91,/r/sixers/comments/1umlg55/according_to_this_person_lebron_is_in_philly/,2026-07-03
1umm4bx,sixers,1783103092,"I don’t want LeBron. He’s 42, he’s going to trade Embiid for AD, and he’s doing a goofy ass Bachelor special with his dwarf agent doing a podcast. I’m happy with Jaylen Brown.",,0,23,/r/sixers/comments/1umm4bx/i_dont_want_lebron_hes_42_hes_going_to_trade/,2026-07-03
1umnsb4,sixers,1783107036,Hip-Hop with LeBron in 2004,"Two kings in one photo, bring 'em both home. #BringBackHipHopPermanently",147,6,/r/sixers/comments/1umnsb4/hiphop_with_lebron_in_2004/,2026-07-03
1ulyz1a,nba,1783037336,Should LeBron James buy Paris?,"Paris is the capital of France, which is the home of Hennessy. LeBron starred in a Hennessey commercial to troll us into thinking he was retiring. 

LeBron is best friends with Jay-Z, and he can recreate ""N\*\*\*\*s in Paris."" for its fifteenth anniversary.

I know what you all are thinking. Paris is the home of the climate agreements. Paris will look down on a billionaire using his private jet to produce enough gas emissions to make the city currently burn. 

Regardless, Paris has a unique basketball club called Paris Basketball. The president? David Kahn. The infamous manager notorious for drafting two point guards, Ricky Rubio and Johnny Flynn, directly above Steph Curry. 

If LeBron joins Paris Basketball and wins a title despite David Kahn, he will cement himself as the greatest basketball player of all time.  Not even Jordan could claim to win a championship with a team whose general manager is so incompetent that one would mistake him for the owner of the Sacramento Kings. 

And that is enough for Paris to overlook his frequent private jet flights and hand him the deed to the city. Because winning first place in a children's game cures everything. 

Unfortunately, France basketball has scouts and evaluators who are unfamiliar with overseas talent. This is evident by Paris Basketball hiring David Khan.

To bypass years of scouting and regulation, LeBron will have to buy Paris itself. That way, the scouts will know who he is and welcome him into the club with no strings attached. ",0,27,/r/nba/comments/1ulyz1a/should_lebron_james_buy_paris/,2026-07-03
1umg8nv,sixers,1783089535,LeBron on his way to let freedom ring,,87,7,/r/sixers/comments/1umg8nv/lebron_on_his_way_to_let_freedom_ring/,2026-07-03
1um0bxb,nba,1783041217,Would LeBron going to the Cavs make them contenders?,[deleted],1,1,/r/nba/comments/1um0bxb/would_lebron_going_to_the_cavs_make_them/,2026-07-03
1ulzs4z,nba,1783039630,LeBron to the Raptors is only fitting,[removed],1,0,/r/nba/comments/1ulzs4z/lebron_to_the_raptors_is_only_fitting/,2026-07-03
1umeu1d,nba,1783086150,"LeBron should wait until December to sign with a team, and he should join the team that wins the NBA Cup.","This idea is inspired by the recent Bill Simmons podcast where Simmons suggested that LeBron James should wait until mid-season to pick a team to sign with. If LeBron went through with such an idea, then he should milk it for all it's worth. LeBron should call a press conference and announce that he won't pick a team until mid-December, and he will sign on  a vet minimum with the team that wins this year's NBA Cup. I'm basing this off of his presumed desire to join a team that's contending for the championship. As the Knicks demonstrated last season, what better way is there for teams to prove they're ready to win a chip than by winning the NBA Cup?

If Adam Silver was smart, he would take LeBron up on this and base all the marketing for the Cup this year around him. They should rename it ""LeCup NBA"". Winner gets prize money and LeBron James on a vet minimum for the rest of the season and playoffs. And we fans would get the best November-December basketball that we will ever see.",70,60,/r/nba/comments/1umeu1d/lebron_should_wait_until_december_to_sign_with_a/,2026-07-03
1umbon5,nba,1783077454,"Max: ""Is Denver actually a legitimate destination (for LeBron)?"" Rich Paul: ""It wouldn't be on the board, Max.""",,1,0,/r/nba/comments/1umbon5/max_is_denver_actually_a_legitimate_destination/,2026-07-03
1umblqp,nba,1783077199,"Bill Simmons on LeBron's Free Agency: ""I haven't seen this possibility mentioned yet. What if he doesn't pick anybody?... what if he just says, I'm gonna take my time with this, watch the league, play golf, stay in shape... and have people keep talking about this for the next 6 months.""",,2301,275,/r/nba/comments/1umblqp/bill_simmons_on_lebrons_free_agency_i_havent_seen/,2026-07-03
1umffz3,nba,1783087647,"[Charania] “The big domino with [the Warriors] is trying to get a player like an Anthony Davis, you can bring in LeBron James and Anthony Davis as a package deal. Short of that, they’re not really looked at right now at the top of this list.”",,208,162,/r/nba/comments/1umffz3/charania_the_big_domino_with_the_warriors_is/,2026-07-03
1umaby6,nba,1783073130,Rich Paul just plainly laid out Lebron's options on his podcast,,1,1,/r/nba/comments/1umaby6/rich_paul_just_plainly_laid_out_lebrons_options/,2026-07-03
1umaebs,nba,1783073342,Rich Paul just plainly laid out Lebron's options on his podcast,,1454,559,/r/nba/comments/1umaebs/rich_paul_just_plainly_laid_out_lebrons_options/,2026-07-03
1um7iel,nba,1783063150,"Heard about LeBron wanting to make a documentary, but I see the Raptors going through 2019 all over again but it might get more interesting.","As we all know, the Raptors recently acquired Kawhi Leonard. Kyle Lowry is also retiring his jersey and is also giving his retirement speech soon.

What most of you don't know is that Scottie Barnes and Ja'Kobe Walter are big fans of Kawhi and Scottie has gone on to say he'd choose Kawhi as a dream teammate. This will be a fun season to watch these young guys play with the guy they've looked up to and studied off of. This was something neat I thought id mention.

Now lets look at free agency. If the math checks out, the Raptors can potentially sign DeMar DeRozan on a vet min and DeMar himself has gone onto say he would be willing to sign a vet min with a title contender if the Kings would've waived him by now.

That means Raptors could be reunited with their former star player that was a sacrificial pawn for the 2019 ring. This also means that Kawhi, Poeltl, and DeRozan will all be on the same team after the latter 2 resulted in Raptors acquiring Kawhi in 2019.

After all that frustration, heartbreak, and shock that had occurred in that fateful 2018 off-season for the Raptors, all 3 players involved will reconcile and join forces in an attempt to win a ring.

Both Kawhi and DeRozan have stated they'd both love to retire with the Raptors. That's as poetic as it gets, but the season hasn't even started.

Add in the fact if Lebron goes to the Cavaliers and the raptors face off against them in the playoffs in round 1, we're going to witness absolute cinema. Raptors will win in game 7 and rescind the title of Lebronto. 

Then Raptors move to the 2nd round and they are matched with the Giannis Heat and they win in 5 since Giannis cramps his calf in game 5 which turns the tides in favor for the Raptors.

Now the Raptors move onto the ECF to verse the 76ers who just won against reigning champion, the knicks. Turns out having a player worth +50 mil playing instead of spectating wins you games even when their analytics are abysmal.

Now this series is a serious contention. Both sides are at each other's neck in every game and it ends up going to a game 7.

In game 7 there's 10 seconds left, the Raptors are tied with 76ers at 90-90, Kawhi has the ball in his hands. With 5 seconds remaining, the situation is all too familiar to Embiid who guards Kawhi with his life but this time it was different. With 3 seconds left on the clock, Kawhi throws up a lob, DeRozan catches it and dunks it as the timer runs out and the Raptors win the ECF.

Then they go on to fight whoever is in the west, probably OKC since wemby probably got injured or something and Raptors win it all.

Canada gives the Raptors a parade country wide and we get to see former raptors legend DeRozan finally win a ring with his first team.

Once Kawhi retires, Raptors retire Kawhis jersey in honor of him winning them 2 rings symbolized by the #2 on his jersey.

DeRozan retires knowing he won a ring with the team he wanted to stay with from the beginning.

And life moves on.",1,5,/r/nba/comments/1um7iel/heard_about_lebron_wanting_to_make_a_documentary/,2026-07-03
1um51xw,nba,1783055109,Josh Hart with the Lebron glaze,[removed],1,1,/r/nba/comments/1um51xw/josh_hart_with_the_lebron_glaze/,2026-07-03
1um3e54,nba,1783050073,Why are the Knicks being left out of the LeBron convo?,"They are the reigning champs. The NYC market is strong obviously and will show out for a LeBron retirement tour. Great leadership and locker room it appears and LeBron does have a relationship with Mike Brown

If it’s true LeBron is willing to sign for the vet min Bron should look at them before anyone ",0,109,/r/nba/comments/1um3e54/why_are_the_knicks_being_left_out_of_the_lebron/,2026-07-03
1um1qa6,nba,1783045174,[Los Angeles Times] Recent Disclosed Texts Show Lakers GM Rob Pelinka Told Executives ‘Bronny Can Go Be Someone Else’s Problem’ If LeBron Signs Elsewhere,"According to text messages obtained by the LA Times, Lakers general manager Rob Pelinka expressed clear frustration during internal discussions about LeBron James’ future. In one exchange with other front office executives, Pelinka reportedly wrote that if LeBron follows through on his plans to sign elsewhere, the team should also move on from his son. “Bronny can go be someone else’s headache,” Pelinka allegedly texted, according to the disclosed messages reviewed by the LA Times.

The messages suggest the organization is preparing for the possibility of both players departing this offseason.

  
Sources: [https://latlmes.com/sports/disclosed-texts-show-lakers-gm-rob-pelinka-told-executives-bronny-can-go-be-someone-elses-problem-if-le-bron-signs-elsewhere-1](https://latlmes.com/sports/disclosed-texts-show-lakers-gm-rob-pelinka-told-executives-bronny-can-go-be-someone-elses-problem-if-le-bron-signs-elsewhere-1)",73,98,/r/nba/comments/1um1qa6/los_angeles_times_recent_disclosed_texts_show/,2026-07-03
1um1cq7,nba,1783044105,What if LeBron just re-signed with the Lakers on a vet min?,"What if the entire Lakers-Lebron breakup was just one big smokescreen to free up cap space and see what Pelinka does with the extra money, then if LeBron ends up liking it, he just decides to re-sign?

And honestly, I think the Lakers could seriously contend adding LeBron back to the roster they were able to get. It would definitely make the Lakers a more viable contender than if he went to Golden State or Miami, it might honestly end up being his best option if money truly doesn't matter to his next contract.",0,163,/r/nba/comments/1um1cq7/what_if_lebron_just_resigned_with_the_lakers_on_a/,2026-07-03
1um0w8j,nba,1783042816,LeBron has given us a hint at his new destination.,[removed],1,1,/r/nba/comments/1um0w8j/lebron_has_given_us_a_hint_at_his_new_destination/,2026-07-03
1um9vgy,nba,1783071598,Rich Paul just flatly laid out Lebron's options on his podcast lmao ('Game Over with Max Kellerman and Rich Paul'),,1,1,/r/nba/comments/1um9vgy/rich_paul_just_flatly_laid_out_lebrons_options_on/,2026-07-03
1un75mn,nba,1783166088,Is LeBron being in Cleveland a smokescreen to distract from where he will decide to play next season?,"With all the posts of LeBron being in Cleveland golfing and being out and about, is he just playing us in order to distract from where he may ultimately decide to end up?",16,108,/r/nba/comments/1un75mn/is_lebron_being_in_cleveland_a_smokescreen_to/,2026-07-04
1un6zxg,nba,1783165576,LeBron James’ Year 23 Dunk Reel After Early-Season Sciatica,,2024,207,/r/nba/comments/1un6zxg/lebron_james_year_23_dunk_reel_after_earlyseason/,2026-07-04
1un0tmg,nba,1783143831,LeBron James enjoying his night out House Three Thirty in Akron,,2466,308,/r/nba/comments/1un0tmg/lebron_james_enjoying_his_night_out_house_three/,2026-07-04
1un0c6l,nba,1783142237,Which team is better: LeBron on 76ers or on Lebron on Wolves?,"Which team is better: LeBron on 76ers or on Lebron on Wolves?

76ers would be:

PG: Maxey

SG: Edgecombe

SF: Brown

PF: LeBron

C: Embiid

6th man: Simons

Wolves would be:

PG: LaMelo

SG: Ant

SF: LeBron 

PF: McDaniels

C: Gobert

6th man: Ayo",0,116,/r/nba/comments/1un0c6l/which_team_is_better_lebron_on_76ers_or_on_lebron/,2026-07-04
1un00r9,nba,1783141224,I thought every fanbase hates Lebron?,"As the title states, I thought every fanbase hates Lebron. But so far, I am not seeing a single comment suggesting that their team is better not pursuing Lebron.",0,71,/r/nba/comments/1un00r9/i_thought_every_fanbase_hates_lebron/,2026-07-04
1umyf46,nba,1783136136,"[Krawczynski] The Minnesota Timberwolves have ramped up their push for LeBron James, with full belief that they are very much in the hunt, per league sources. The pitch: team up with Edwards, Ball, McDaniels and Gobert for a championship that ends any discussion about the greatest player of all time","The Minnesota Timberwolves have ramped up their push for LeBron James, with full belief that they are very much in the hunt to land one of the greatest players in NBA history, league sources told *The Athletic.*

The sources, who spoke on condition of anonymity to describe ongoing deliberations, said the Timberwolves have been in contact with James’ representatives with a bold pitch: team up with Anthony Edwards, LaMelo Ball, Jaden McDaniels and Rudy Gobert to go after the kind of championship that could end any discussion about who is the greatest player of all time.

https://www.nytimes.com/athletic/7420800/2026/07/03/lebron-james-timberwolves-free-agent-rich-paul/?source=user\_shared\_article&unlocked\_article\_code=1.vFA.1RGR.PJ7gULRNA\_uQ",2906,679,/r/nba/comments/1umyf46/krawczynski_the_minnesota_timberwolves_have/,2026-07-04
1umubjy,nba,1783123913,Came across this old thread discussing LeBron and AD pushing for DeRozan before the Westbrook trade. Thought it was relevant to post since this topic has come up recently.,,1,1,/r/nba/comments/1umubjy/came_across_this_old_thread_discussing_lebron_and/,2026-07-04
1umwo1p,nba,1783130817,ESPN (@espn) - It's official. LeBron James is headed home.,,1,1,/r/nba/comments/1umwo1p/espn_espn_its_official_lebron_james_is_headed_home/,2026-07-04
1umwjhc,nba,1783130444,LeBron to the Cavs,,1,1,/r/nba/comments/1umwjhc/lebron_to_the_cavs/,2026-07-04
1umwezs,nba,1783130087,Ignoring your own team(if applicable) how do you rank the teams Rich Paul wrote as possible LeBron destinations in terms of fit?,"The rich Paul white board is hilarious, having not listened to his podcast, and just seen the thing, it is great. The fact that his pros for going to Dallas he just wrote “oil” while writing players for everywhere else. it’s great I never want to know the context here. Lebron is just thinking of getting into oil barroning I guess 

  
anyway the teams are: 

warriors 

mavs.   
  
celtics

sixers 

heat

Wolves 

Cavs 

Nuggets 

spurs 

knicks 



I put them from left to write on the board this is not my order. 

  
anyway you guys are great 

",22,120,/r/nba/comments/1umwezs/ignoring_your_own_teamif_applicable_how_do_you/,2026-07-04
1umvy4z,nba,1783128674,"We all know LeBron is wealthy, but does he ever wear the same underwear twice?","Do you think he rips open a new pair of his briefs every time he has to wear them?  I’ve always been curious…

And yes when I say twice I mean between wash cycles…",0,87,/r/nba/comments/1umvy4z/we_all_know_lebron_is_wealthy_but_does_he_ever/,2026-07-04
1umuuv7,nba,1783125532,"What made prime Kyle Lowry so good? He had the 4th highest total RAPM of the 2010s behind only Curry, LeBron, and Chris Paul","Lowry's game never translated to dazzling box scores, but his teams during his prime were always a top seed and a top offense and defense. 

ORAPM and RPM had Lowry as a top 6-10 player every year of his prime, but he had the least impressive box score of everyone else in his range



He had the 4th highest total RAPM of the entire 2010s, behind only Steph Curry, Chris Paul and LeBron James. This is an absurd number. He could drop 9 points and be the highest impact player on the floor at any time. 

  
",432,154,/r/nba/comments/1umuuv7/what_made_prime_kyle_lowry_so_good_he_had_the_4th/,2026-07-04
1un7zxg,nba,1783168565,Lebron James with the Wizards,[removed],1,0,/r/nba/comments/1un7zxg/lebron_james_with_the_wizards/,2026-07-04
1umyeuu,nba,1783136111,"[Krawczynski] The Timberwolves are ramping up their push for LeBron James, sources tell @TheAthletic. The pitch: Team w/Ant, LaMelo, Jaden, Rudy in championship-starved Minnesota to go after a title that could cement his case for the throne.",">The Timberwolves are ramping up their push for LeBron James, sources tell @TheAthletic. The pitch: Team w/Ant, LaMelo, Jaden, Rudy in championship-starved Minnesota to go after a title that could cement his case for the throne.


Source:https://www.nytimes.com/athletic/7420800/2026/07/03/lebron-james-timberwolves-free-agent-rich-paul/",7267,1171,/r/nba/comments/1umyeuu/krawczynski_the_timberwolves_are_ramping_up_their/,2026-07-04
1un93o5,nba,1783171686,Why aren’t the Atlanta Hawks being mentioned as a potential destination for LeBron James this summer?,"That Hawks team gave the NBA champions their toughest fight in the playoffs. They’re the only team that had a series lead (2-1) against the Knicks.

But there’s been no mention of LeBron going to ATL… Lineup wise, they could send Dyson Daniels to the bench. He’s an excellent defender and phenomenal rebounding guard. However, his inability to shoot does hinder their offense.

If you add LeBron to that team, the starting lineup is pretty strong:

PG — McCollum

SG - N.A. Walker

SF — James

PF — Johnson

C — Okongwu

Bench — Daniels, Wiggins, Landale, Carter, Flemings, etc.

LeBron would be the 2nd-3rd offensive option (which is what he wants according to Rich Paul) on a contending team.

Hawks haven’t made a finals appearance since being in Atlanta (since 1968 — 58 years).",0,106,/r/nba/comments/1un93o5/why_arent_the_atlanta_hawks_being_mentioned_as_a/,2026-07-04
1unhwfq,nba,1783193588,"If LeBron suffered a major injury (ACL/Achilles), would he just retire or attempt to rehab and a proper farewell tour?","We’ve all seen LeBron defy Father Time for years, but Father Time is undefeated and LeBron is literally the oldest active player in the league. If he suffered a major  injury like an Achilles or ACL tear this season does he just call it a career?

&nbsp;
&nbsp;
&nbsp;

On one hand, he's pushing 42, won championships, MVPs, etc, played with Bronny, has absolutely nothing left to prove. On the other hand, it's hard to imagine and would suck so much if it's an injury that sends him into retirement.

&nbsp;
&nbsp;
&nbsp;

Would he take the Kobe route and come back for one final goodbye, or does he just sail into the sunset? How do you think this scenario plays out?

&nbsp;
&nbsp;",0,123,/r/nba/comments/1unhwfq/if_lebron_suffered_a_major_injury_aclachilles/,2026-07-04
1unahao,nba,1783175308,"[Medina] Rich Paul to me on LeBron James' free-agency decision: ""I don’t think this happens anytime soon."" Should NBA teams be prepared to wait for weeks instead of days? Paul added, “I don’t think it’ll be the next few days.""","Source: https://www.forbes.com/sites/markmedina/2026/07/04/rich-paul-doesnt-expect-lebron-james-to-make-decision-anytime-soon/

Although LeBron James’ agent remains unsure which NBA team he will join for next season, Rich Paul sounded confident on when to expect the NBA’s oldest active player will finalize his future.

“I don’t think this happens anytime soon,” Paul told me. 

Should teams be prepared for James to make a decision in weeks instead of days?

“I don’t think it’ll be the next few days,"" Paul said.",1960,510,/r/nba/comments/1unahao/medina_rich_paul_to_me_on_lebron_james_freeagency/,2026-07-04
1un9sug,nba,1783173573,Came across this old thread discussing LeBron and AD pushing for DeRozan before the Westbrook trade. Thought it was relevant to post since this topic has come up recently.,"With all the recent news surrounding LeBron’s departure from the Lakers and the reports about the fallout from the Westbrook trade, I came across this old thread discussing how LeBron and AD reportedly pushed for DeRozan instead. Thought it was an interesting read in hindsight.

[https://www.reddit.com/r/nba/s/SRDIUBx1Yf](https://www.reddit.com/r/nba/s/SRDIUBx1Yf)",82,65,/r/nba/comments/1un9sug/came_across_this_old_thread_discussing_lebron_and/,2026-07-04
1unnja9,sixers,1783208893,LeBron as player coach?,Could we get rid of Nurse and hand the baton to LBJ as the player coach?,0,11,/r/sixers/comments/1unnja9/lebron_as_player_coach/,2026-07-04
1unmft9,sixers,1783205761,"“The #Sixers, Nuggets and Timberwolves, league sources say, all still believe that they are in the [LeBron James] race to some degree and are getting legitimate consideration from James and his camp alongside the Cavaliers, Warriors and Heat.“ - @TheSteinLine and @JakeLFischer","Long story short it’s over for the wolves, nuggets and sixers, all those theatrics he and paul did for nothing lol",220,59,/r/sixers/comments/1unmft9/the_sixers_nuggets_and_timberwolves_league/,2026-07-04
1unknfh,sixers,1783200768,"There is a “growing belief” from teams competing to sign LeBron James that him returning to the Cavs is the “scenario to beat,” per @TheSteinLine.","There is a “growing belief” from teams competing to sign LeBron James that him returning to the Cavs is the “scenario to beat,” per @TheSteinLine. ",271,131,/r/sixers/comments/1unknfh/there_is_a_growing_belief_from_teams_competing_to/,2026-07-04
1unjhhw,sixers,1783197647,I’m betting ALL of our lives on getting LeBron,WE are all cooked if he doesn’t come here its already locked in. ,4,4,/r/sixers/comments/1unjhhw/im_betting_all_of_our_lives_on_getting_lebron/,2026-07-04
1unihy8,sixers,1783195113,Another LeBron connection no one has mentioned yet -- GM Jameer Nelson,"Just like how Gandey was LeBron's contemporary in high school, Jameer Nelson's LeBron's early NBA era contemporary and All-star teammate in 2009.  



It's really unreal how many eras LeBron has and still is playing through.  People he's played against are GMs and POBOs or media personalities, while he's still a top 10 player approaching the age of 42.",31,30,/r/sixers/comments/1unihy8/another_lebron_connection_no_one_has_mentioned/,2026-07-04
1undfyf,sixers,1783182661,"[Charania] BREAKING: LeBron James has agreed to a one-year, $3.9M veteran’s minimum deal with the Cleveland Cavaliers, sources tell ESPN. The four-time MVP is returning home to Ohio.",Knew wkt was too good to be true,0,0,/r/sixers/comments/1undfyf/charania_breaking_lebron_james_has_agreed_to_a/,2026-07-04
1unnrl7,nba,1783209587,What would make LeBron ending his career in Cleveland more special than him ending it in Golden State?,"Him being drafted there doesn’t seem like it’s a big deal in the grand scheme of everything. That chapter feels closed since he won a ring there after returning. 

Returning a second time to just lose doesn’t seem special. It feels boring. 

What am I missing? ",0,160,/r/nba/comments/1unnrl7/what_would_make_lebron_ending_his_career_in/,2026-07-04
1unn14i,nba,1783207436,The Cavs are a Weird Fit for LeBron. Wolves and Knicks make more sense,"I keep seeing people say LeBron should go to the Cavs. Yet, Harden, Mitchell, and Allen are not good perimeter defenders. Mobley can do it but is better used in help. So LeBron will have to be used as a primary defender against teams with good wings. 

Harden has proven time and time again he doesn’t like being off-ball. In that Knicks comeback game he couldn’t buy a bucket down the stretch and was being hunted on defense. Yet, his response was to keep shooting deep contested three’s. Also, the Cavs don’t have great spacing to put next to LeBron as Allen is a non-shooter and teams are happy to live with Mobley shooting. 

IMO LeBron doesn’t fit offensively next to Harden and their spacing, and he doesn’t fit defensively next to most of their starters. Maybe the plan is to trade Allen and move Mobley to the 5 so they can add a wing defender. 

To me, Knicks and Wolves are the best basketball fit. They both have offensive engines to drive the team without needing LeBron on a nightly basis. And they both have defenses that can hide LeBron, especially the Wolves. Heat make a lot of sense defensively as they could easily hide LeBron but could be awkward offensively. I do think they could sell LeBron on him being the primary ball handler, especially down the stretch of games, but ultimately the spacing is suspect.

Knicks and Heat, outside of Cleveland, make the most sense as far as setting. Knicks probably have the best chance of making his season be viewed in a positive light. Although LeBron on the Wolves would be great TV. Just hard to see him moving to Minnesota. ",0,186,/r/nba/comments/1unn14i/the_cavs_are_a_weird_fit_for_lebron_wolves_and/,2026-07-04
1unmd5o,nba,1783205550,"How does LeBron choose where to play? Let's play ""King's"" Court","Anyone whose played enough pickup basketball is familiar with the classic format of King's Court: if you have more than 2 teams that wanna play, you pick 2 teams to start and whichever team wins gets to run it back. Team A beats Team B, then its Team A vs Team C, Team C wins then its Team C vs Team B etc. 

These are my proposed rules for ""King's Court"" so LeBron can do what he does best as much as possible in his final year: be the rising tide that lifts all ships 

1. LeBron gets to decide where this journey *begins*, we owe him at least that much autonomy in his final season 

2. After every game in which LeBron James plays, whichever team is the winner of that game will gain ownership of his contract. Example: LeBron begins a game as a member of the Cleveland Cavaliers and they have a game against the Golden State Warriors. If Cleveland wins, he remains a Cavalier for their next game, if the Warriors win he becomes a Warrior until they lose another game 

3. Only games in which LeBron is healthy enough to play will count for King's Court. In the above example, if the Warriors beat the Cavaliers, but LeBron was injured during the game, his contract would only be up for grabs in the next Warriors game *in which he is available to play.* 

4. LeBron can play no more than 23 cumulative games and/or 6 consecutive games with a single team. This is both a cute nod to the two numbers he wore throughout his career and a means to install parity into King's Court. In the event that LeBron is still on his current team when either the 23 cumulative or 6 consecutive game threshold is met, *he will be sent randomly to whichever NBA team scored the most points on that night of play,* provided they too have not also exceeded 23/6 games. If two teams are tied for the highest point total that night, each team that is tied will send a representative for a live-streamed 3 point contest titled ""A Shot at LeBron"" to break the tie. 

5. For the playoffs, LeBron will only qualify for the playoffs if he is currently on a playoff roster on the final day of the NBA season. During the playoffs, whichever team has LeBron will keep him *for the duration of that current series.* Ownership of LeBron's contract will transfer to the winner of the overall series rather than the winner of individual games. ",0,15,/r/nba/comments/1unmd5o/how_does_lebron_choose_where_to_play_lets_play/,2026-07-04
1unaml9,sixers,1783175671,"[Medina] Rich Paul to me on LeBron James' free-agency decision: ""I don’t think this happens anytime soon."" Should NBA teams be prepared to wait for weeks instead of days? Paul added, “I don’t think it’ll be the next few days.""",,65,46,/r/sixers/comments/1unaml9/medina_rich_paul_to_me_on_lebron_james_freeagency/,2026-07-04
1unlbxn,nba,1783202641,"[Stein] There is a “growing belief” from teams competing to sign LeBron James that him returning to the Cavs is the “scenario to beat,”","There is a “growing belief” from teams competing to sign LeBron James that him returning to the Cavs is the “scenario to beat,” 

Source: [https://substack.com/home/post/p-205077918](https://substack.com/home/post/p-205077918)",5864,879,/r/nba/comments/1unlbxn/stein_there_is_a_growing_belief_from_teams/,2026-07-04
1unb585,nba,1783176998,LeBron is being used as a litmus test,"I'm convinced his free agency this summer is to find out exactly who else is still willing to run an Aspiration type scheme and pay someone under the table. Opening up to almost every team and telling them to pitch their best offer allows him to see what owners or GMs are still okay with under the table deals. 

Or he just wants to experience free agency as a guy that most teams can now afford.",0,47,/r/nba/comments/1unb585/lebron_is_being_used_as_a_litmus_test/,2026-07-04
1unly94,nba,1783204348,Your team is a rumored LeBron James free agency destination and you don’t want him. Why?,,1,1,/r/nba/comments/1unly94/your_team_is_a_rumored_lebron_james_free_agency/,2026-07-04
1unc5xx,nba,1783179509,"[Medina] ""I don't think this happens anytime soon. I don't think it'll be the next few days,” - Rich Paul on LeBron deciding on his next team. Teams should be prepared for the wait to last weeks",">

Source: [https://www.forbes.com/sites/markmedina/2026/07/04/rich-paul-doesnt-expect-lebron-james-to-make-decision-anytime-soon/](https://www.forbes.com/sites/markmedina/2026/07/04/rich-paul-doesnt-expect-lebron-james-to-make-decision-anytime-soon/)",1,10,/r/nba/comments/1unc5xx/medina_i_dont_think_this_happens_anytime_soon_i/,2026-07-04
1unc7ga,nba,1783179614,Any chance LeBron signs a bunch of 10 days across the summer to try out the cafeterias before committing?,"His next contract is a big decision and change is scary. 

Also, food is an important part of feeling comfortable so trying out the cafeterias could help him feel less nervous",212,61,/r/nba/comments/1unc7ga/any_chance_lebron_signs_a_bunch_of_10_days_across/,2026-07-04
1unc5ac,nba,1783179464,"[Medina] ""I don't think this happens anytime soon. I don't think it'll be the next few days,” - Rich Paul on LeBron deciding on his next team. The wait may last weeks instead of days",[deleted],1,0,/r/nba/comments/1unc5ac/medina_i_dont_think_this_happens_anytime_soon_i/,2026-07-04
1umx1cw,sixers,1783131924,"For 76ers, just being in the LeBron conversation says a lot about their offseason (Gift Article)",👀,106,5,/r/sixers/comments/1umx1cw/for_76ers_just_being_in_the_lebron_conversation/,2026-07-04
1un8bpa,sixers,1783169537,To those who think LeBron would make the team “too” stacked with scorers…,Explain USA Men’s BB Olympic gold medals to me.,0,20,/r/sixers/comments/1un8bpa/to_those_who_think_lebron_would_make_the_team_too/,2026-07-04
1unjypm,nba,1783198893,LeBron Is Going to Sign Sooner Rather Than Later…,I really can’t begin to say how much it makes me wince when I see these posts that are becoming more and more prevalent in the sub saying LeBron’s gonna wait till half halfway or quarter of the way through the season to sign somebody? That is never gonna happen in 1 million years. He is going to sign with somebody over the next month or so and play a full season for his last or second the last year if you think otherwise you should get your brain scanned.,0,37,/r/nba/comments/1unjypm/lebron_is_going_to_sign_sooner_rather_than_later/,2026-07-04
1ung3j1,nba,1783189108,"Every time LeBron has changed teams, he’s planned a specific major roster move","In 2010 with The Decision going to Miami, he wasn’t going to go alone, as he famously brought Chris Bosh with him to join a big three. That was planned years in advance. 

In 2014 when he went back to Cleveland, he wasn’t going alone. He met with Dan Gilbert and told him that if he needs to trade Andrew Wiggins for Kevin Love, so that they could once again form a Big Three with Kyrie. 

In 2018 when he went to the Lakers, this time he did come alone, but not for long. The plan was clearly not to play more than a few months with all those Baby Lakers. By the trade deadline, Klutch client Anthony Davis had demanded a trade and tried to steer his way to the Lakers. It did not work out that season and the Baby Lakers stayed longer than planned, but by June AD was in fact traded to LA (and they unsuccessfully tried to land Kawhi as well to form yet another Big 3). 

So my point in all this is that I would be shocked if LeBron doesn’t already know where he’s going and have a plan for a major roster move that he (or Rich Paul) have instructed them to make before LeBron signs.",2291,504,/r/nba/comments/1ung3j1/every_time_lebron_has_changed_teams_hes_planned_a/,2026-07-04
1uobw1g,nba,1783281569,Where would you rank a LeBron + Kyrie duo in the league right now?,"I was looking at LeBron and Kyrie’s numbers and it got me wondering what would happen if you put them back together today, would you take them over any other duo in the league? Where would you rank them?

Obviously they aren’t the same players they were in 2016, especially LeBron defensively and Kyrie has the injury concerns, but their individual production is still kind of ridiculous. LeBron is around 21/6/7 and Kyrie averaged about 25/5/5 in his last healthy season, so on paper that's roughly 46 points, 11 rebounds and 12 assists between them, plus Kyrie is a much better shooter now than he was during their Cleveland years.

|Season used|PTS|REB|AST|TOV|Sum of individual PTS/36|Weighted eFG%|
|:-|:-|:-|:-|:-|:-|:-|
|LeBron 2015-16 + Kyrie 2015-16|44.9|10.4|11.5|5.6|48.0|52.5%|
|LeBron 2025-26 + Kyrie 2024-25|45.6|10.9|11.8|5.2|47.3|55.3%|

\^ The current numbers are just a rough proxy using LeBron’s 2025-26 averages and Kyrie’s 2024-25 averages. I added their per-game stats, calculated each player’s scoring per 36 and added those together, and weighted their eFG% by field-goal attempts. These aren’t actual shared-court or lineup stats.

Obviously you cant just add two players averages and call it actual duo production, they played different seasons and it doesn’t account for minutes, pace, league efficiency or how they would actually fit on the court today. But the fit still seems pretty obvious, LeBron runs the offense and creates mismatches while Kyrie spaces the floor and gives you an elite isolation scorer for late game possessions, and we already know neither one would be scared of the moment in a playoff series.

The defense and health would probably be the biggest concerns, they would need athletic wings and a real rim protector around them because LeBron cant cover everything like he did in 2016, and at this point you probably cant expect either of them to carry a massive workload for four straight rounds.

Still, for one healthy playoff run, where would you rank the duo, and is there any duo in the league you would definitely take over LeBron and Kyrie? Not asking who has the most future value or who you would rather build around for five years, just who gives you the best chance to win a championship right now.

",0,21,/r/nba/comments/1uobw1g/where_would_you_rank_a_lebron_kyrie_duo_in_the/,2026-07-05
1unox8i,sixers,1783213076,Why I Think LeBron Chooses the Sixers (And the Rich Paul Quote Everyone Is Ignoring),"I think people are overlooking what may have been the most important thing Rich Paul said in that entire whiteboard video: 

""Had the Knicks won the title, there would be no board."" 

In other words, Rich Paul confirmed that LeBron was prepared to go to the Knicks.That tells me LeBron was, at least at one point, very intrigued by the idea of:

* Joining a fourth franchise.
* Getting that team over the hump to its first championship in decades.
* Becoming a legend in another major NBA city.

Because of that, this recent narrative that he's been dead set on returning to Cleveland all along feels pretty speculative. Rich Paul essentially confirmed that wasn't the case.

So what's the next closest opportunity to what the Knicks represented? I think it's the Sixers.

Philadelphia is a top five media market, the franchise hasn't won a championship since 1983, and delivering a title here would make LeBron a Philadelphia legend forever. It would also give him a fourth city where he's viewed as a transformational franchise icon.

From a post-basketball business standpoint, I also think LeBron and Rich Paul understand the value of expanding his legacy into a fourth major market. That creates another fan base, another region, and potentially another ownership pathway if LeBron still intends to pursue NBA ownership. It's also notable that Rich Paul specifically mentioned Josh Harris and David Blitzer in that video, and LeBron has spoken highly of them as owners.

Choosing Philadelphia would also reinforce the idea that basketball is still the priority. It would be another move based on championship opportunity. Returning to Cleveland, while meaningful, would largely be viewed as ""going home."" That's a much less compelling story than proving he can elevate yet another franchise to a title.

TL;DR: I don't think LeBron is locked in on Cleveland at all. Rich Paul's comments suggest his preferred path was actually New York. With that option gone, I think Philadelphia is the closest version of that original vision, and ultimately the destination he chooses.",149,78,/r/sixers/comments/1unox8i/why_i_think_lebron_chooses_the_sixers_and_the/,2026-07-05
1unpred,sixers,1783215845,"If LeBron chooses another team, what would you like to see the Sixers do with the final roster spot?","Personally my list consists of:  
1. Khris Middleton   
2. Kevon Looney   
3. Matisse Thybulle   
4. Bruce Brown  
5. Ziaire Williams 

And the guy I’d like to see in the Sixers sign but probably wouldn’t accept the vet minimum is Rui Hachimura. ",77,131,/r/sixers/comments/1unpred/if_lebron_chooses_another_team_what_would_you/,2026-07-05
1uobi0k,sixers,1783280632,Lebron X Philly Narrative,"Obviously id love to see LeBron go to Philly. He’s the missing piece that turns a 3-6 seed into a serious contender for Philly.

I see a lot of people post here saying the reason why Philly doesn’t work is because we rely on Embiid health. That was true in the past. If Embiid is healthy we can go the distance. Obviously that has never happened. The difference is now we have Jaylen Brown who, i would argue, makes this team much more immune to Embiid-less stretches. It feels similar to how the Celtics had Porzingi-wingi in 2024 as the nail in the coffin.

That being said, I don’t understand how people can make this argument given that LeBron said he wants to team up with Anthony Davis and Steph Curry. AD is just as injury prone as Embiid and I would argue, although biased, that Embiid is better than AD. Steph similarly is not a pillar of durability AND if Steph gets hurt the Warriors would be totally reliant on Bron. So in my mind, if LeBron’s original #1 option was to go to the warriors with Steph and AD, doesn’t care about Injury luck to a certain extent. Plus the Sixers have the added benefit of no longer being totally reliant on Embiids health with the three headed guard dragon of VJ, Maxey and Brown.

Obviously Cleveland makes the most sense from a narrative standpoint if you look at it as he finishes his career at his Hometown team, but I feel like he’s already done that by returning in 2016. LeBron going to Philly would make him the first star to be a significant contributor on (hopefully) 4 different teams.

TLDR; Philly and Cleveland are exchangeable #1 and #2 destinations in my mind for LeBron. One for being a narrative choice, the other for being a championship choice.

P.S. I tried posting in r/nba but it was removed for some reason. Anyone know why or how I can find out why?",35,72,/r/sixers/comments/1uobi0k/lebron_x_philly_narrative/,2026-07-05
1uofzu7,nba,1783291785,A LeBron reunion with the Miami Heat is the ONLY way he saves his legacy and catches MJ.,[removed],1,0,/r/nba/comments/1uofzu7/a_lebron_reunion_with_the_miami_heat_is_the_only/,2026-07-05
1uof35e,nba,1783289534,[Ric Bucher] ‘Rich Paul running a full‑blown PR tour just to get meetings pretty much screams that he and LeBron are having a hard time accepting reality: nobody’s lining up to sink big money into a 42‑year‑old.’,,1055,449,/r/nba/comments/1uof35e/ric_bucher_rich_paul_running_a_fullblown_pr_tour/,2026-07-05
1uobxl1,nba,1783281664,"Lebron, & Team USA Housing Burgers At A Gas Station",,1625,151,/r/nba/comments/1uobxl1/lebron_team_usa_housing_burgers_at_a_gas_station/,2026-07-05
1uob98l,nba,1783280053,LeBron X Philly Narrative,[removed],1,0,/r/nba/comments/1uob98l/lebron_x_philly_narrative/,2026-07-05
1uodvrw,nba,1783286454,Hypothetically if Bronny tweeted out for LeBron to return to the Lakers would he reconsider?,So say Bronny publicly asks LeBron not abandon him and to come finish what they started could LeBron really not reconsider returning to the Lakers? LeBron is a big family man how can he leave his son?,0,59,/r/nba/comments/1uodvrw/hypothetically_if_bronny_tweeted_out_for_lebron/,2026-07-05
1uo8nft,nba,1783273942,How LeBron could 100% cement himself as the greatest basketball player to ever live.,[removed],1,0,/r/nba/comments/1uo8nft/how_lebron_could_100_cement_himself_as_the/,2026-07-05
1uo8udm,nba,1783274397,Could LeBron last 10 more years if he plays 15 games per year?,"Hear me out. We keep arguing about whether LeVampire can play until he’s 50. Obviously, if he’s playing 82 games a year plus playoffs, his knees are going to turn into dust by 2028.

But what if he just... doesn't?

What’s stopping Bron from signing a prorated veteran minimum contract with the #1 seed on the exact day of the All-Star break every single year for the next decade?

Think about the math:

* **Regular season strain:** Gone. He plays like 15 games to warm up.
* **The narrative:** Immaculate. He arrives like Gandalf at Helm's Deep right when teams are getting tired.
* **The Rings:** Guaranteed. He just hitches his wagon to whoever has the best record in February.

He could easily play until 2036 this way. By the time he's 51, he’ll have 4 more rings, 0 additional miles on his odometer, and the ultimate mic drop on the MJ debate.",0,36,/r/nba/comments/1uo8udm/could_lebron_last_10_more_years_if_he_plays_15/,2026-07-05
1unspwu,nba,1783225756,Lebron James With his St vincent St mary teammates and Cavs assistant GM Brandon Weems last night in Akron,[removed],1,0,/r/nba/comments/1unspwu/lebron_james_with_his_st_vincent_st_mary/,2026-07-05
1unskbr,nba,1783225237,Lebron James with his St vincent St Mary teammates and Cavs assistant GM Brandon Weems last night in Akron,[removed],1,1,/r/nba/comments/1unskbr/lebron_james_with_his_st_vincent_st_mary/,2026-07-05
1unsivj,nba,1783225097,Lebron james with his St. Vincent St Mary teammates and Cavs assistant GM Brandon Weems,,1,1,/r/nba/comments/1unsivj/lebron_james_with_his_st_vincent_st_mary/,2026-07-05
1unsaqw,nba,1783224332,The fact LeBron is reportedly willing to take the minimum to ring chase proves he knows he's still chasing Jordan.,"If LeBron really thought he was the goat and already surpassed Jordan, why would he be willing to sacrifice tens of millions of dollars just to chase another ring? ",0,210,/r/nba/comments/1unsaqw/the_fact_lebron_is_reportedly_willing_to_take_the/,2026-07-05
1unq0uq,nba,1783216724,LeBron James 2026 Free Agency Rumors: Why The Warriors Are His Best Option,[removed],1,1,/r/nba/comments/1unq0uq/lebron_james_2026_free_agency_rumors_why_the/,2026-07-05
1unpy42,nba,1783216470,"With his 24th year approaching, LeBron will now spend 50% of his career NOT wearing his headband (12 years), after spending his first 12 years in the NBA wearing his headband.",[removed],1,1,/r/nba/comments/1unpy42/with_his_24th_year_approaching_lebron_will_now/,2026-07-05
1unpdy1,nba,1783214582,LeBron should stay in the league until he’s washed and then fulfill a Haslem role for the Cavs. Because realistically LeBron could play for 6 more years before he’s completely washed and unplayable.,LeBron will retire before he’s completely washed but if he played until he couldn’t anymore he could 1. Make his all time stats even more untouchable 2. Compete on the court and help guide the Cavs future   ,4577,436,/r/nba/comments/1unpdy1/lebron_should_stay_in_the_league_until_hes_washed/,2026-07-05
1unp027,nba,1783213321,"The Cavaliers are reportedly saving a roster spot so they can trade for Bronny if LeBron signs with them, per @TheSteinLine",[removed],1,1,/r/nba/comments/1unp027/the_cavaliers_are_reportedly_saving_a_roster_spot/,2026-07-05
1uno1j5,nba,1783210359,"LeBron James: Started 60 games last year, New Lakers Signings (Combined): 59","LeBron James: Started 60 games last year, New Lakers Signings (Combined): Walker Kessler, Quinn Grimes, Colin Sexton, and Sandro Mamukelashvili combined for only 59 games started last season. Discussion around the new CBA. See link",0,42,/r/nba/comments/1uno1j5/lebron_james_started_60_games_last_year_new/,2026-07-05
1unq2bf,nbadiscussion,1783216858,Lebron to the Warriors,[removed],1,1,/r/nbadiscussion/comments/1unq2bf/lebron_to_the_warriors/,2026-07-05
1unyva9,nba,1783247684,"[Friend] Jordan was bringing the big guns to Chicago for private scrimmages before the 2001-02 season, and he sent for LeBron... Michael gave him his cell number. ""We stole it from LeBron's phone,"" Frankie Jr. says. ""We called, and Michael picked up. We hung up. Mike changed his number after that.""","&#x200B;

He needs to find a parking space for his Explorer, keep his mother off the refs and avoid the Internet. Not long ago, he read online that he'd fathered three children by two women, which was news to him. But all of the mystery and intrigue will be over in six months, when LeBron James finally shakes the commissioner's hand and gets on with it. Not since Lew Alcindor has a high school senior been hoisted this high over the bean stalk, and there's an entire basketball public tripping all over itself in anticipation. Michael calls him ""Young Buck."" Shaq is proud to say, ""I'm in his Rolodex."" And Cleveland coach John Lucas has said, ""Gotta have him, gotta have him."" Meanwhile, his own prep coach thinks every last one of them is setting Bron up to fail. ""I mean, it took Kobe three years,"" says Dru Joyce II, the God-fearing St. Vincent-St. Mary's mentor who makes James do 10 push-ups every time he curses. ""But everyone expects Bron to go right into the NBA and dominate. And I'm concerned about the kid.""

...

LeBron is the subject of more Internet searches than any NBA player other than AI, MJ, Kobe, Vince and Tracy. He has sold out Cleveland's Gund Arena and Ohio State's Value City Arena, not to mention local 8 a.m. scrimmages. And that's why the Madison Square Garden suits, who suddenly have seats to fill, are salivating over a kid who can windmill a dunk on one possession and no-look a bounce pass through a 2-1-2 zone the next. He doesn't post up yet, but NBA scouts say he can pass out of a double-team better than two-thirds of the league. He shot just 59% from the foul line and 34% from three-point land last season, but that was LeBron in the gym all August, extending his range to 30 feet. He could win the NBA dunk contest right now, but it's his basketball IQ, his feel for the game, that has league cellar dwellers thinking savior. Scouts like that he's a people person, and predict he'll make a better teammate than Kobe. They say he'll be a distributor as a rookie, a go-to guy by Year 2 and on a Wheaties box by Year 3. The kid is okay with the obscene hype, but there's also a real LeBron James down there somewhere, under all that muck. And the real LeBron James happens to be a gem. He scribbles ""Gloria"" on one adidas sneaker stripe, ""Marie"" on the next and ""James"" on the third.

...

 The real LeBron James once got reprimanded by his coach for wearing his shorts too low, so he pulled them up like Urkel for a week. The real LeBron James tells his posse they can live with him for his entire NBA career-or at least until he gets married. The real LeBron James still gets roasted for having the floppiest ears in Akron. ""Yep, he gets called Dumbo, Airplane, anything you can come up with,"" says friend and teammate Sian Cotton. ""We treat him like anyone else. Of course, he says he's gonna get all of us cars after the NBA draft. Tells us whatever kind of truck we want we can get."" First he has to learn how to write a check. HE USED to stand on his tiptoes, to stretch himself to 6'6"". That was his prayer-to be Michael Jordan's height. But ever since he passed Mike by, he's refused to be measured. ""I don't know how tall I am or how much I weigh,"" he says. ""Because I don't want anybody to know my identity. I'm like a superhero. Call me Basketball Man."" The best estimate-or at least what the St. V's program says-is that he's 6'8"", 240. But like most everything else with LeBron James, it's an absolute guess. The general public has been hearing about him for 2 years, ever since he was the nation's No. 1 prep as a sophomore, but his evolution can be broken down into two stages: pre-6'6"" and post-6'6"".

...

He had little stability in his early years, because of a father who never checked in and a mother who scoured the want ads. ""When I was 5, some financial things happened, and I moved seven times in a year,"" LeBron says. ""We moved from apartment to apartment, sometimes living with friends. My mom would always say, 'Don't get comfortable, because we may not be here long.' "" Her name is Gloria Marie James, and she's a testy, diminutive woman with a serious set of lungs: ""I'm loud, can't help it."" She got pregnant at 16, and it's been just her and her ""Bron Bron"" ever since. She says the father was a casual sex partner named Anthony McClelland, who by now is well-known within the state and county penal systems. He's been convicted of arson and theft, to name just two of his many transgressions, and he certainly wasn't the one to help Glo out of her monetary hardships. Glo's always been late to bed, late to rise- ""I ain't into mornings""-and she's seen her share of trouble as well, having spent a total of seven days in county jail. According to Akron court records, she's been cited over the years for playing music too loudly, criminal trespassing, contempt of court and disorderly conduct. It's something she plays down-""There wasn't any drugs involved""-but it was never trivial to her son. Out of shame, he stopped going to elementary school, instead spending his days walking back and forth between his apartment and the corner store. ""In fourth grade, I missed 82 days of school,"" LeBron says. ""Out of 160."" One thing he did embrace was football. He joined a Pee Wee team and scored 19 touchdowns in six games as a receiver. When his coach, Frankie Walker, noticed LeBron didn't return to school after fourth-grade Christmas break, he quizzed some of the other parents and learned that Glo was looking to find LeBron a more stable home. After consulting with his family-wife Pam and kids Chanelle, Frankie Jr. and Tanesha-Walker volunteered to take the boy in. ""I don't want to give the impression that Glo just dropped LeBron off on our doorstep,"" Pam says. ""It was important to him and to her that they maintain their relationship. So, wherever she was staying, he went with her on the weekend."" But on weekdays LeBron was getting his first taste of family. ""My life changed,"" he says. ""I had shelter and food."" With Glo, LeBron would go to bed after Jay Leno; with the Walkers, he had bathrooms to clean and couldn't talk back. He didn't miss one day of school in fifth grade, and at the end of the year he took home the school's attendance award. ""Best award ever,"" he says. LeBron returned to his mom for part of sixth grade, but she couldn't make rent and sent him back to the Walkers. Glo then considered moving her son to New York, where she had relatives, but the Walkers wouldn't hear of it. They had this ritual of baking LeBron a German chocolate cake on his birthday, and hosting him every Christmas Eve. And rather than lose him, Pam and one of her friends found Gloria a permanent apartment. It meant the boy could keep his pals-Frankie Jr., Sian, Dru Joyce III, Romeo Travis-and together that crew won more than 200 AAU basketball games. LeBron, by then a six-foot eighth-grader, was the jewel of the squad. He saw the court better, shared better, jumped higher, wore No. 23. And after dominating a series of tournaments, he found himself rated a top-five national prospect. He also had a certain gleam now, because he and Glo had their own place. Pam Walker still drove him to school every morning, but after practice he wanted the gang over to his house now. Then, the summer before 10th grade, lightning struck. ""I remember sleeping over at his place,"" Sian says. ""We woke up, got some cereal, and I'm like, 'You grew two inches last night!' I swear, he grew two inches overnight! By the end of the summer, the dude was six-six something."" Six-six three-quarters inches. Exactly.

...

Michael's secret workouts. Jordan was bringing the big guns to Chicago for private scrimmages before the 2001-02 season, and he sent for LeBron. The kid had just finished 10th grade, yet Michael mostly matched him up against Jerry Stackhouse and Corey Maggette. LeBron held his own, and Michael was impressed by his ambidexterity. (James eats and writes lefthanded, but shoots righthanded.) Before LeBron left, Michael gave him his cell number. ""We stole it from LeBron's phone,"" Frankie Jr. says. ""We called, and Michael picked up. We hung up. Mike changed his number after that. Now we've got to get the new one.

...

The Cavaliers audition. James has never been able to stay away from Gund Arena. He loitered outside the Cavs locker room all last season, and says he knows ""at least two or three guys on every NBA team."" But it got surreal when Shaq reciprocated and showed up at one of LeBron's St. V games. (""I wanted to take a look,"" Shaq says. ""Every No.1 high school player gets that hype. Marcus Liberty got that hype back in my day. Where is Marcus Liberty now?"") Though the Big Fella gave him a thumbs up, he was nowhere near as intrigued as the Cavs' Lucas, who had worked out Kobe in high school and had long itched to see LeBron. ""I kept hearing he was better than Kobe,"" Lucas says. ""So I went to see him play at an AAU tournament and stayed 11 hours. Stayed 11 hours looking for a weakness."" Last spring, Lucas invited James to an informal Cavs workout, then watched him dunk on Jumaine Jones and jam backward over Chris Mihm. But it was the kid's point guard skills that floored the coach, so much so that Lucas has no regrets about the two-game suspension and the $150,000 fine he received for bringing LeBron in. In fact, some Cavs players suggest the front office traded point guard Andre Miller to pave the way for a lottery run (which is what happens when you peel off 15 losses in a row). Either way, LeBron Fever was off the charts after the Cleveland workout, even though critics still saw a kid who drifted to the perimeter on offense and looked indifferent on defense. Adidas and Nike didn't care. Adidas engraved his sneakers and made him a gold mouthpiece with ""King James"" across the front and ""Gloria"" across the molars. Nike handed him swooshed rubber-band wristlets with ""King"" on one side and ""James"" on the other. And then, thankfully, came a dose of reality. At a summer AAU game in Chicago, LeBron was undercut on a dunk and broke his left wrist. Pros like Darius Miles and Quentin Richardson were in the stands, but left as soon as they saw the kid weeping in Glo's arms. ""I was like, 'Why me?' "" James says. ""I hear 'broken,' and I'm thinking I'm out a year, two years."" Jordan's personal orthopedist monitored LeBron and his personal trainer rehabbed him, and it made for a cathartic summer. He played pickup with his cast on, and people started to see the real LeBron James again. ""I treated it like every day was my last day with a basketball,"" he says.

...

 LeBron was the only one around him who could keep his head, and what he decided to do-at least temporarily-was stop fixating on the NBA. ""People ask me if it's a hard decision going to the NBA, but I've made harder decisions,"" he says. ""Decisions about smoking or going to school, or stealing from a store or not stealing. Those are harder decisions. Yeah, I smoked weed. When it's around family, around friends, of course you want to try it. I tried it a couple of times. But when you get on the court and your wind ain't there, that's when you've got to just stop doing it. So the NBA decision ain't a hard decision compared to that."" It's a side of Bron Bron nobody has really seen since ... before he was 6'6"". Maybe he's finally growing up, maybe not. But when asked by friends what he wants for his 18th birthday later this month, LeBron James doesn't flinch. He wants German chocolate cake. At the Walkers'.

Source: https://www.espn.com/mag/articles/2003/next2003\_lebron.html",0,38,/r/nba/comments/1unyva9/friend_jordan_was_bringing_the_big_guns_to/,2026-07-05
1uo2iak,nba,1783258856,LeBron James should go on a date with me,LeBron will retire before he’s completely washed but if he played until he couldn’t anymore he could 1. have more time to take me out to nice dinners in LA or maybe New York City 2. Get to know me and find that despite the age gap and wealth disparity I too am very family oriented and perhaps am compatible for a long term partnership,3,4,/r/nba/comments/1uo2iak/lebron_james_should_go_on_a_date_with_me/,2026-07-05
1uo7h6o,nba,1783271160,"LeBron Next Team Odds, Kalshi Vs PolyMarket",,1,1,/r/nba/comments/1uo7h6o/lebron_next_team_odds_kalshi_vs_polymarket/,2026-07-05
1uo7zpt,nba,1783272376,Best timing for LeBron announcement would be right after Jaylen Brown trade is finalized tomorrow but before/during the Brad Stevens/ownership presser,"LeBron to Philly. Which team do you think gives him the best chance to win a chip next season considering Joel stays relatively available, missing about 15 games. 

Keeping fingers crossed that PG passes that physical, you can never trust Boston. ",182,171,/r/nba/comments/1uo7zpt/best_timing_for_lebron_announcement_would_be/,2026-07-05
1unyu4q,nba,1783247568,[Charania] Sources: LeBron James has officially narrowed his final destinations down to two teams. A formal decision is expected imminently.,,1,1,/r/nba/comments/1unyu4q/charania_sources_lebron_james_has_officially/,2026-07-05
1upcbfn,nba,1783376697,If LeBron really wanted to be considered the goat then he would goto Memphis or Brooklyn and lead them to a title,[removed],1,0,/r/nba/comments/1upcbfn/if_lebron_really_wanted_to_be_considered_the_goat/,2026-07-06
1upc30r,nba,1783376159,"Giannis is told Lebron went to Cavs: ""Lebron went to Cleveland?? Is this real? It's fake. Touch my heart bro don't do this to me. So there is still a chance""",,1,0,/r/nba/comments/1upc30r/giannis_is_told_lebron_went_to_cavs_lebron_went/,2026-07-06
1up4vjd,nba,1783360561,[Shelburne] LeBron James knew for over a week that he was ready to move on from the Lakers. There’s was no reason to meet in person or virtually. The only difficulty was finding a place in the no-phone zone at Wimbledon for Rich Paul to place the call letting them know…,"[**Link**](https://www.espn.com/nba/story/_/id/49278305/inside-passive-aggressive-sterile-dissolution-lebron-james-los-angeles-lakers-marriage-luka-doncic)

**THERE ARE, BY** one recent count, 46 items banned from the All England Lawn Tennis and Croquet Club during the two-week tournament from Wimbledon. Among them are selfie sticks, which left superagent Rich Paul with a dilemma as he tried Tuesday afternoon to co-host the ""Game Over"" podcast he does with Max Kellerman from the venue.

Cell phones must be placed on silent during matches, and no calls are permitted from the stands. So earlier in the day Tuesday, when Paul needed to call Lakers president of basketball operations Rob Pelinka to inform him that his star client, LeBron James, would be continuing his basketball career elsewhere, he stepped into the Polo by Ralph Lauren store in the Southern Village to make the call.",296,129,/r/nba/comments/1up4vjd/shelburne_lebron_james_knew_for_over_a_week_that/,2026-07-06
1up46mr,nba,1783359130,"If Lebron joins the cavs, the rule of ""loser of ECF goes to the finals the next year"" has a high chance of happening","2022: Celtics over Heat

2023: Heat over Celtics

2024: Celtics over Pacers

2025: Pacers over Knicks

2026: Knicks over Cavs

2027: ...",123,117,/r/nba/comments/1up46mr/if_lebron_joins_the_cavs_the_rule_of_loser_of_ecf/,2026-07-06
1up4f7v,nba,1783359634,"Giannis almost had a heart attack after being convinced LeBron signed with Cleveland. Giannis when he found out it’s fake: ""So there is a chance. """,,1,1,/r/nba/comments/1up4f7v/giannis_almost_had_a_heart_attack_after_being/,2026-07-06
1up3uza,nba,1783358471,Pure Entertainment value: what time is best for Lebron and his documentary?,[removed],1,0,/r/nba/comments/1up3uza/pure_entertainment_value_what_time_is_best_for/,2026-07-06
1up3rd0,nba,1783358264,"If LeBron joins Cleveland, which teams in the East are better? Are the Cavs favorites to come out of the East?","If LeBron joins Cleveland, he will be joining a squad that already has a strong foundation. Harden and Don provide a strong mix of ball handling, playmaking, and scoring. Mobley and Allen are both have strong interior presence and defense and are no slouches in scoring either. 

LeBron will give this team scoring, playmaking, high IQ, coaching, and defense from the forward spot. The team seems deep enough that they won’t have to rely on heavy minutes from LeBron either, the Cavs seem like a strong spot in competing for a championship while not being overly easy as well. 

So how will the Cavs with LeBron fair against other teams in the East? Who poses the biggest threat?",0,153,/r/nba/comments/1up3rd0/if_lebron_joins_cleveland_which_teams_in_the_east/,2026-07-06
1up30ro,nba,1783356726,"Windhorst on Lebron's next team: ""No one is operating with knowledge."" MacMahon: ""Exactly. Everybody is guessing."" Windhorst: ""I wish I could tell you 'my sources are saying X' but the sources I talk to aren't speaking with knowledge and the people who have knowledge are not speaking.""",,200,84,/r/nba/comments/1up30ro/windhorst_on_lebrons_next_team_no_one_is/,2026-07-06
1up1zbd,nba,1783354532,Lebron to Clippers is suspiciously being omitted despite being the obvious choice,"Rich Paul mentioned that Lebron was going to be close to home, play indoor and outdoor golf before changing his tune and setting up that charade with whiteboard.  

That just leaves two teams in Lakers and Suns. Clippers has Ty Lue and are going over the cap. Hachimura also took an awful 2 year contract with team option. 

The Clippers despite meeting all requirements were omitted from graph. They included Dallas with oil and macau but no Clippers with more money than anyone and his buddy Ty Lue.  

I know rivalry and yada yada but those are of Lakers whom he didn’t even attend a call with. And his main rivalry is with Warriors which is just brushed aside for some reason.",0,23,/r/nba/comments/1up1zbd/lebron_to_clippers_is_suspiciously_being_omitted/,2026-07-06
1up1nlo,nba,1783353867,41 years and 188 days old LeBron James is at the gym,,342,160,/r/nba/comments/1up1nlo/41_years_and_188_days_old_lebron_james_is_at_the/,2026-07-06
1uoz6es,nba,1783348605,"[Stein] Based on where we are as of 12:08 Eastern on Monday, the Sixers, the Timberwolves, the Heat, your Nuggets, based on everything I've been told all weekend, they all still believe they're in with a chance (for LeBron)",,73,119,/r/nba/comments/1uoz6es/stein_based_on_where_we_are_as_of_1208_eastern_on/,2026-07-06
1uoxdgl,nba,1783344497,"[Shelburne] The Lakers called Paul a week before free agency, when teams could approach their own free agents, to try to arrange a videoconference with (LeBron) James and were told he wasn't available.","&#x200B;

THERE ARE, BY one recent count, 46 items banned from the All England Lawn Tennis and Croquet Club during the two-week tournament from Wimbledon. Among them are selfie sticks, which left superagent Rich Paul with a dilemma as he tried Tuesday afternoon to co-host the ""Game Over"" podcast he does with Max Kellerman from the venue.

Cell phones must be placed on silent during matches, and no calls are permitted from the stands. So earlier in the day Tuesday, when Paul needed to call Lakers president of basketball operations Rob Pelinka to inform him that his star client, LeBron James, would be continuing his basketball career elsewhere, he stepped into the Polo by Ralph Lauren store in the Southern Village to make the call.

For a week, neither James' camp nor the Lakers had exchanged formal or even informal offers, according to sources on both sides of the situation.

Nor had they discussed a vision for a future together, or even met face-to-face -- in person or virtually.

The Lakers called Paul a week before free agency, when teams could approach their own free agents, to try to arrange a videoconference with James and were told he wasn't available.

Paul didn't say why at the time, but he told ESPN it was because James had already decided he didn't want to return to the Lakers and that there was no need for a call.

The Lakers had approached all of their free agents in a similar manner. After an initial videoconference with Austin Reaves, an elaborate pitch meeting was scheduled at the team's facility.

Customized pillows and blankets were designed and presented to Reaves. Steaks were ordered in. His favorite country music was played. Soon afterward, he agreed to a new four-year, $185 million deal.

James didn't want any of that. After the season, sources close to James said the most important factor in him re-signing would be how the Lakers approached him.

He might have been willing to take a pay cut from the $52.6 million he'd made the season before, sources said, if the Lakers explained how they planned to reallocate the money.

They never did, and James never made himself available to meet. He had been a priority enough times in his career to know when he wasn't one.

By the time Los Angeles called a week before free agency, Paul said James was already ""a thousand percent"" certain he was ready to move on from the Lakers. That, Paul knew, was a significant shift from just a few weeks prior, when James told Paul he was ""80%"" sure he'd play another season with the Lakers.

Paul said he didn't press James for the reasons his thinking shifted over the course of the month, but he has some guesses.

Source: https://www.espn.com/nba/story/\_/id/49278305/inside-passive-aggressive-sterile-dissolution-lebron-james-los-angeles-lakers-marriage-luka-doncic",1352,395,/r/nba/comments/1uoxdgl/shelburne_the_lakers_called_paul_a_week_before/,2026-07-06
1uow662,nba,1783341536,Larry Bird does not sign anyone that played with LeBron,,6382,728,/r/nba/comments/1uow662/larry_bird_does_not_sign_anyone_that_played_with/,2026-07-06
1uovyol,nba,1783340991,"Bill Simmons: ""Can we all agree Cleveland is the worst outcome?"" Lowe: ""I ranked it by basketball fits and entertainment value fits and I had Cleveland last. The reason is just the Harden piece. What is he (LeBron) going to be doing when James Harden dribbles 30 times?""",,279,164,/r/nba/comments/1uovyol/bill_simmons_can_we_all_agree_cleveland_is_the/,2026-07-06
1uoqddb,nba,1783322946,If Bronny goes where ever LeBron signs…,[removed],1,0,/r/nba/comments/1uoqddb/if_bronny_goes_where_ever_lebron_signs/,2026-07-06
1uokg35,nba,1783303986,"Where does LeBron go next? I think he might go to GSW , or possibly NY but idk yet comment below what yall think? #nba",,1,1,/r/nba/comments/1uokg35/where_does_lebron_go_next_i_think_he_might_go_to/,2026-07-06
1uok7az,nba,1783303273,Where do you think LeBron lands next ?,,1,1,/r/nba/comments/1uok7az/where_do_you_think_lebron_lands_next/,2026-07-06
1up4g9n,nba,1783359696,"Giannis almost had a heart attack after being convinced LeBron signed with Cleveland. Giannis when he found out it’s fake: ""So there is a chance. """,,809,203,/r/nba/comments/1up4g9n/giannis_almost_had_a_heart_attack_after_being/,2026-07-06
1up772x,nba,1783365329,LeBron James next destination odds on Kalshi (7/7/26) Cleveland now big favorites to land James.,[removed],1,0,/r/nba/comments/1up772x/lebron_james_next_destination_odds_on_kalshi_7726/,2026-07-06
1upaw8z,nba,1783373483,Lebron news - believe it or not,[removed],1,0,/r/nba/comments/1upaw8z/lebron_news_believe_it_or_not/,2026-07-06
1uokzhd,sixers,1783305631,After LeBron decides to go back to Cleveland we need to prioritize the center spot,"From now on I feel like the team should go about building the roster as if Embiid is a luxury to have playing. We should be going into the season expecting him not to play. With Maxey, Vj and JB we have 3 very talented high motor guys who consistently play. With that being said I think if you can find a serviceable big man using the trade exception and some seconds this team could win 50+ games with Embiid playing like 30. I don’t know who’s available with a smaller contract but that should be the fo’s priority.",106,62,/r/sixers/comments/1uokzhd/after_lebron_decides_to_go_back_to_cleveland_we/,2026-07-06
1uonfcv,sixers,1783312967,What signings are we liking if Lebron doesnt come?,"I know alot of people are expecting a center. But money and contracts telll you a teams expectations. It doesnt tell you theyll be right but it tells you what they believe. 



The sixers used there Bi-annual Exception on Hukporti That was there best tool left  to add a player above the minimum after using the MLE on Simons and Wade. That says they expect him to play.



They have to waive a player to sign a vet minimum which i expect them to with Dalen Terry but i dont see it being for a 4th center. They like something they see with Hukporti and knicks fans expected him to be the replacement for mitch and were disappointed when we signed him. 



Right now im thinking Wing  with playoff experience. I like Justin Edwards but his shooting went off a cliff in the playoffs . He may just not be ready yet to perform to his talent level in a postseason setting. 



My Main Target right now would be Khris Middleton . He is proven in big games .not much to say. 



I also would check the Temperature on Derozan , if hes ready to go ring chase and play on the minimum i would see how nurse feels about it. I know people think we have too many shot creators but looking at the Nurse offense i dont think that is really the case. We're finally giving him what he needs. This offense is about attacking mismatches and weak defenders off the dribble. The more creators the better.



We all know he isnt a great 3 PT shooter but he's way better than he was early in his career and has had some solid shooting years. The main thing though is that with Simons/Philon/Derozan  we can mirror our 1st unit,  running the same perimeter focused sets and actions we run.  DHOs,  Iverson RIP, Pistol Hammer. Derozan can execute all these at a high level with his solid finishing and elite mid-range pull up game. He's also an underrated passer. 



Either of those 2 would be home run minimum signings to me . Not sure Gansey could get it done but if he did we'd be cooking. 



  
Gary Trent Jr. would be my 3rd choice. Who are you guys liking on the minimum ? ",15,39,/r/sixers/comments/1uonfcv/what_signings_are_we_liking_if_lebron_doesnt_come/,2026-07-06
1uowlvc,sixers,1783342652,Am I the only one who would rather die than have LeBron on the team?,"I get that he's one of two players to be considered the greatest of all time. I get that we need a solid power forward to anchor this team. I get that we could really use a guy with handles and incredible passing. I get that he he significantly increases our chances at a deep playoff run or even a chip.

However, I don't think I can deal with...

He's 41

No team he's on is ever NOT *his* team. 

If we succeed in anyway with him on the team, it will always be viewed as Lebron's success and not the Sixers. 

Lebron fans

I just don't like him at all. I didn't want him last time he was seen sniffing around Philly and I certainly don't want him now. I just don't think I could survive a team with the additudes of Joel, Brown, and LeBron and I don't think Maxey could either.",0,81,/r/sixers/comments/1uowlvc/am_i_the_only_one_who_would_rather_die_than_have/,2026-07-06
1uoyju6,sixers,1783347201,Lebron: Yet Another Hot Take,Is it possible LeBron and Klutch Sports are using this moment to elevate his stock and engagement around the league. Effectively exerting his power to tilt the scales of free agency in every market. One last time. Clearly this could have a positive effects on some other clients and in the end Lebron could just sign with the Lakers if he wanted. ,6,21,/r/sixers/comments/1uoyju6/lebron_yet_another_hot_take/,2026-07-06
1uozyo6,sixers,1783350327,"[Stein] Based on where we are as of 12:08 Eastern (midnight) on Monday, the Sixers, the Timberwolves, the Heat, your Nuggets, based on everything I've been told all weekend, they all still believe they're in with a chance (for LeBron).",,29,52,/r/sixers/comments/1uozyo6/stein_based_on_where_we_are_as_of_1208_eastern/,2026-07-06
1upar7e,sixers,1783373168,LeBron is just using us for leverage like he did in 2019,"As much as I’d love to see him in a sixers uniform, he’d definitely just using us for leverage to make his next team(I’m pretty sure it will be Cleveland) make the moves he wants them to make before signing him.

I think he wants harden out of there before he signs.

This is obviously just speculation but that’s what it looks like to me.

In 19 rich Paul confirmed he never even considered coming here and just used us as leverage.",61,29,/r/sixers/comments/1upar7e/lebron_is_just_using_us_for_leverage_like_he_did/,2026-07-06
1upts2l,nba,1783427680,"[Amick] Nuggets have been an underdog in this race since the start, so they should be thrilled to have made it a full week without being officially eliminated from contention... Team sources say they truly believe they’re still in it (for LeBron), though they also admit that they’re as in the dark","&#x200B;

The Nuggets have been an underdog in this race since the start, so they should be thrilled to have made it a full week without being officially eliminated from contention. The question now, though, is whether they’re truly under consideration by James or if he’s simply waiting until the very end of this process to let all of these teams — except for one lucky winner — down at the same time.

Team sources say they truly believe they’re still in it, though they also admit that they’re as in the dark about what might happen next as everyone else. Or close to it, anyway.

To that end, three-time MVP Nikola Jokić shared a meaningful message about his own future on Monday when he told reporters in Belgrade that he plans to re-sign with the Nuggets next summer, when he can become a free agent, and spend the rest of his career in Denver. If James did come to the Mile High City, the last thing he would want is the future of the franchise centerpiece being in doubt while they all work toward a potential title together. Especially considering James, as it stands, can only sign with the Nuggets by way of a veteran’s minimum deal ($3.9 million).

James’ close friendship with Nuggets team president/governor Josh Kroenke is a convenient and positive entry point for Denver in these discussions, but the chance for the 41-year-old to play with a fellow all-time great in Jokić is seen internally as the most obvious recruiting pitch of them all. And as I detailed previously, it doesn’t hurt that Denver is known to have some of the country’s best golf courses — not to mention a two-hour, 15-minute flight to Los Angeles, where James’ family is expected to remain.

As far as the rest of the Nuggets roster goes, Denver has yet to make a major move with its core and appears comfortable running it back (unless James wants to join, of course). The Nuggets are navigating the restricted free agency of forward Peyton Watson, the 23-year-old who is drawing interest from several teams by way of a possible sign-and-trade. There has been a widespread belief that Denver would shed salary this summer as a way to avoid being in the second apron, but Nuggets ownership has not given its front office any such mandate. 

Source: https://www.nytimes.com/athletic/7427056/2026/07/07/lebron-james-free-agency-cavs-warriors-nba/",330,172,/r/nba/comments/1upts2l/amick_nuggets_have_been_an_underdog_in_this_race/,2026-07-07
1uq2upn,nba,1783447473,Nobody is mentioning the best basketball fit for LeBron,"And it’s a bit strange given that teams like Minnesota and Denver are part of the conversation, even though they’re probably further from contention than the team he actually should sign with.

LeBron is nominally a SF/PF but he’s at his best in a hybrid role where he can rotate between being on and off the ball, play alongside unselfish shooters, get constant mismatches due to the positional versatility of his teammates, and be shielded from being relied on as a post defender over a long season.

Therefore, and it pains me to say it, LeBron should sign with the Pacers.

Imagine a Haliburton, Nembhard, LeBron, Siakam, Zubac lineup with Nesmith and Oubre getting big minutes off the bench, allowing them to go small + 5 out for spells, giving them three great ballhandling threats, and still protecting LeBron from wearing his body down in the post.

We saw how elite the Pacers are at maximizing opportunities via relentless, unselfish offensive ball movement (something the Knicks emulated this season). LeBron would be a dream fit in their scheme.

How’s the golf around Indianapolis?",0,121,/r/nba/comments/1uq2upn/nobody_is_mentioning_the_best_basketball_fit_for/,2026-07-07
1uq55s5,nba,1783452155,Lebron is starting an expansion team and it’s getting fastracked to go live this year. What’s the name of his team and who’s he’s recruiting?,,1,1,/r/nba/comments/1uq55s5/lebron_is_starting_an_expansion_team_and_its/,2026-07-07
1uq5c4b,nba,1783452524,[Windhorst] Everyone thinks LeBron is going to Cleveland but it’s just vibes based. Nobody knows when he’s going to officially sign. He will probably schedule a televised announcement later,,322,222,/r/nba/comments/1uq5c4b/windhorst_everyone_thinks_lebron_is_going_to/,2026-07-07
1uq5znu,nba,1783453897,"With Kyle Lowry’s 1-Day contract to retire a Raptor LeBron will outlast all players from the 2003, ‘04, ‘05 & ‘06 draft classes","To cap off a decade; Of those from the 2010 draft and early, the players that prospectively remain in the NBA going into the 2026-2027 season include:

2007: KD, Horford, Conley and (maybe) Uncle Jeff

2008: Westbrook (maybe), Love (likely retiring), Brook Lopez, Batum (likely done), DeAndre Jordan

2009: Curry, Harden, DeMar, Jrue, Taj Gibson

2010: Paul George

LeBron likely doesn’t outlast KD, PG and most of the players from the 09 class. But, if he plays two more seasons he could retire with the last of the 2008 draft class in the 2027-2028 season. 

LeFossil from a bygone era",6211,238,/r/nba/comments/1uq5znu/with_kyle_lowrys_1day_contract_to_retire_a_raptor/,2026-07-07
1uq6wgs,nba,1783455807,Would LeBron overtake Jordan in the goat conversation if he went Washington and do what Jordan couldn’t.,,1,1,/r/nba/comments/1uq6wgs/would_lebron_overtake_jordan_in_the_goat/,2026-07-07
1uq724t,nba,1783456146,Lebron should play until he can't play Anymore. He should play until hes the last person off the bench.,"If you think about it, Lebron could play till he's like 80 years old.If he didn't want to be a starter , he could just eventually he'll be still good enough to be like the tenth best on a team for the next twelve years",0,57,/r/nba/comments/1uq724t/lebron_should_play_until_he_cant_play_anymore_he/,2026-07-07
1uq753i,nba,1783456326,"If can rejoin with AD in Washington, and if he’s able to bring the wizards a title I think he would be the undisputed GOAT. Would LeBron overtake Jordan in the goat conversation if he went Washington and do what Jordan couldn’t.",,1,1,/r/nba/comments/1uq753i/if_can_rejoin_with_ad_in_washington_and_if_hes/,2026-07-07
1uqb6zf,nba,1783465573,"NBA Central: Per Charania, Giannis is reported really wanting a LeBron James reunion with the Miami Heat.",,1,1,/r/nba/comments/1uqb6zf/nba_central_per_charania_giannis_is_reported/,2026-07-07
1uq7ai2,nba,1783456655,"If LeBron can rejoin with AD in Washington, and if he’s able to bring the wizards a title I think he would be the undisputed GOAT. Would LeBron overtake Jordan in the goat conversation if he went to Washington and do what Jordan couldn’t.",,1,1,/r/nba/comments/1uq7ai2/if_lebron_can_rejoin_with_ad_in_washington_and_if/,2026-07-07
1uqb5m9,nba,1783465483,"NBACentral: Per Charania, Giannis is reportedly really wanting a LeBron James reunion with the Miami Heat.",,1,1,/r/nba/comments/1uqb5m9/nbacentral_per_charania_giannis_is_reportedly/,2026-07-07
1upxyph,nba,1783437101,LeBron trying to buy my house?,"I live next door to a Timberwolves player. Yesterday, I received an unsolicited offer to purchase my home from someone who appears to be linked to LRMR after some googling…",0,42,/r/nba/comments/1upxyph/lebron_trying_to_buy_my_house/,2026-07-07
1uqb7vo,nba,1783465632,"[Charania] LeBron James is taking the Sixers free agency pitch ‘really seriously’: “I look at it, when I talk to teams now, as kind of a hierarchy of Cleveland, Miami, Philadelphia.”",,1181,599,/r/nba/comments/1uqb7vo/charania_lebron_james_is_taking_the_sixers_free/,2026-07-07
1uqb9kf,nba,1783465746,"NBA Central: Per Charania, Giannis is reportedly ‘really wanting’ a LeBron James reunion in South Beach with the Miami Heat.",,1,1,/r/nba/comments/1uqb9kf/nba_central_per_charania_giannis_is_reportedly/,2026-07-07
1uqbaaj,nba,1783465794,"[Charania] The Miami Heat, Cleveland Cavaliers, and 76ers appear to be the top 3 teams in the LeBron sweepstakes.",,1,1,/r/nba/comments/1uqbaaj/charania_the_miami_heat_cleveland_cavaliers_and/,2026-07-07
1uqbday,nba,1783465986,"[Charania] Philadelphia was not in the picture for LeBron until after the Jaylen Brown trade, and within 24 hours LeBron was taking their pitch very seriously. It's currently a hierarchy of Cleveland, Miami, and Philadelphia, and then teams on the periphery.",,7,6,/r/nba/comments/1uqbday/charania_philadelphia_was_not_in_the_picture_for/,2026-07-07
1uq77t8,nba,1783456494,"If LeBron can rejoin with AD in Washington, and if he’s able to bring the wizards a title I think he would be the undisputed GOAT. Would LeBron overtake Jordan in the goat conversation if he went to Washington and do what Jordan couldn’t. It would also be the ultimate troll move",,1,1,/r/nba/comments/1uq77t8/if_lebron_can_rejoin_with_ad_in_washington_and_if/,2026-07-07
1upwe59,nba,1783433736,"[Charania] Mitchell has played a significant part in the Cavaliers' efforts to improve the roster in recent years. Mitchell also would embrace the Cavaliers reuniting with LeBron James if James makes the decision to sign with Cleveland, according to sources.","&#x200B;

Cavaliers owner Dan Gilbert and president of basketball operations Koby Altman spoke with Mitchell and Brown once the seven-time NBA All-Star was able to land a new extension and reached terms quickly on an important decision for the franchise. Mitchell has played a significant part in the Cavaliers' efforts to improve the roster in recent years.

Mitchell also would embrace the Cavaliers reuniting with LeBron James if James makes the decision to sign with Cleveland, according to sources. The Cavaliers are among several leading suitors for James, joining Miami, Golden State, Philadelphia and Minnesota.

Source: https://www.espn.com/nba/story/\_/id/49294892/agent-donovan-mitchell-reaches-new-4-year-deal-cavs",500,224,/r/nba/comments/1upwe59/charania_mitchell_has_played_a_significant_part/,2026-07-07
1upqkyf,nba,1783418487,LeBron defending jaylen brown,[removed],1,1,/r/nba/comments/1upqkyf/lebron_defending_jaylen_brown/,2026-07-07
1uqbdmu,sixers,1783466007,"[Charania] Philadelphia was not in the picture for LeBron until after the Jaylen Brown trade, and within 24 hours LeBron was taking their pitch very seriously. It's currently a hierarchy of Cleveland, Miami, and Philadelphia, and then teams on the periphery.",,2,2,/r/sixers/comments/1uqbdmu/charania_philadelphia_was_not_in_the_picture_for/,2026-07-07
1upgmqt,sixers,1783387447,"Chris Haynes says that LeBron James himself will not be meeting with any of the teams throughout free agency, instead allowing Rich Paul to do it. Based on the info Rich Paul provides him, LeBron will make his decision.","I feel like this is incredible news for the Sixers. Rich Paul seems to be high on our team especially with Maxey being his client, with cross promotional opportunities and boosting Maxey’s profile. I still think it’s most likely Cleveland, but this is good news I think. ",66,60,/r/sixers/comments/1upgmqt/chris_haynes_says_that_lebron_james_himself_will/,2026-07-07
1upoukf,sixers,1783412550,Will LeBron play 2-3 years if he signs?,"I think James plays 2-3 years if he comes to the 76ers--if he wins it all in year 1 he's not going to not try for back to back and if he doesn't win in year 1 hes gonna give it 1 more try--if the amazing happens and they go back to back, I say he tries for the 3 peat to close out his career--crazy to think he would finish 7-6 in Finals ..like 76ers",0,15,/r/sixers/comments/1upoukf/will_lebron_play_23_years_if_he_signs/,2026-07-07
1upsvoe,sixers,1783425379,LeBron James reposts video of Austin Rivers strongly supporting newest 76ers player Jaylen Brown and his being outspoken off the court,,199,64,/r/sixers/comments/1upsvoe/lebron_james_reposts_video_of_austin_rivers/,2026-07-07
1upxvht,sixers,1783436914,Anti-Lebron,"(I am not anti-Lebron - more for the purpose of click baiting)

I do not want Lebron to sign with the sixers.   
It just seems wrong.  

Right?!",0,9,/r/sixers/comments/1upxvht/antilebron/,2026-07-07
1uq87ri,sixers,1783458676,[Windhorst] Everyone thinks LeBron is going to Cleveland but it’s just vibes based. Nobody knows when he’s going to officially sign. He will probably schedule a televised announcement later,"Forget it, now it’s moved from where to when and how. It all came down to vibes!",43,49,/r/sixers/comments/1uq87ri/windhorst_everyone_thinks_lebron_is_going_to/,2026-07-07
1uq9207,sixers,1783460562,LeBron James recent IG Tweet…,How do we feel about this Sixers nation?🤭,44,17,/r/sixers/comments/1uq9207/lebron_james_recent_ig_tweet/,2026-07-07
1uqb82e,sixers,1783465645,"[Charania] LeBron James is taking the Sixers free agency pitch ‘really seriously’: “I look at it, when I talk to teams now, as kind of a hierarchy of Cleveland, Miami, Philadelphia.”",,175,67,/r/sixers/comments/1uqb82e/charania_lebron_james_is_taking_the_sixers_free/,2026-07-07
1uqb8go,sixers,1783465672,[Espn] LeBron James is taking the 76ers’ pitch “really seriously”,,858,207,/r/sixers/comments/1uqb8go/espn_lebron_james_is_taking_the_76ers_pitch/,2026-07-07
1upxknc,nbadiscussion,1783436297,Why does nobody see Lebron to Spurs?!,[removed],1,2,/r/nbadiscussion/comments/1upxknc/why_does_nobody_see_lebron_to_spurs/,2026-07-07
1upeu3z,nba,1783382653,“Jokic or LeBron James?” Luka Doncic: “Jokic.” “Jokic or Larry Bird?” Luka: “Larry Bird.”,,124,70,/r/nba/comments/1upeu3z/jokic_or_lebron_james_luka_doncic_jokic_jokic_or/,2026-07-07
1upf010,nba,1783383074,Underdiscussed point about Jaylen Brown's season: he had a higher Usage percentage than any Lebron James season. Ever.,"Jaylen Brown had a 36 percent usage rate for Boston this season. That is not just high-it's historic. 
-Michael Jordan only exceeded that rate once(1987)
-Kobe only exceeded that once(2006)
-only 10 players have ever had a higher usage percent age (Russell Westbrook x2, James Harden x2, Giannis x2, Kobe x1, MJ x1, Luka x4, Allen Iverson x1, Embiid 2x, Demarcus Cousins x1, Dwyane Wade x1)

Brown also neared that usage rate in the playoffs(33 %, roughly MJ's career usage), exceeding Tatum's usage(26) significantly(while Tatum was far more efficient)",0,1,/r/nba/comments/1upf010/underdiscussed_point_about_jaylen_browns_season/,2026-07-07
1upf5wl,nba,1783383501,Jaylen Brown had a higher Usage Rate than any Lebron James series ever this year.,"[Jaylen Brown had a 36 percent usage rate for Boston this season.](https://www.basketball-reference.com/leaders/usg_pct_season.html) That is not just high-it's historic. 

Michael Jordan only exceeded that rate once(1987) 

Kobe only exceeded that once(2006) 

Only 10 players have ever had a higher usage percent age (Russell Westbrook x2, James Harden x2, Giannis x2, Kobe x1, MJ x1, Luka x4, Allen Iverson x1, Embiid 2x, Demarcus Cousins x1, Dwyane Wade x1)

Brown also neared that usage rate in the playoffs(33 %, or roughly MJ's career usage), exceeding Tatum's usage(26) significantly.",59,58,/r/nba/comments/1upf5wl/jaylen_brown_had_a_higher_usage_rate_than_any/,2026-07-07
1upfks8,nba,1783384602,"Chris Haynes says that LeBron James himself will not be meeting with any of the teams throughout free agency, instead allowing Rich Paul to do it. Based on the info Rich Paul provides him, LeBron will make his decision.",,1201,417,/r/nba/comments/1upfks8/chris_haynes_says_that_lebron_james_himself_will/,2026-07-07
1upguoq,nba,1783388044,Reporter: Jokic or LeBron? Luka: Jokic Reporter: Jokic or Larry Bird? Luka: Larry Bird,,0,4,/r/nba/comments/1upguoq/reporter_jokic_or_lebron_luka_jokic_reporter/,2026-07-07
1upsmaj,nba,1783424664,LeBron James funko pop,,1,1,/r/nba/comments/1upsmaj/lebron_james_funko_pop/,2026-07-07
1upsvdk,nba,1783425354,LeBron James reposts video of Austin Rivers strongly supporting newest 76ers player Jaylen Brown and his being outspoken off the court,,1456,199,/r/nba/comments/1upsvdk/lebron_james_reposts_video_of_austin_rivers/,2026-07-07
1uqk5x7,nba,1783490737,"LeBron is so old, that kids born on the day of LeBron announcing he was going to the heat (July 8th 2010), are now legally old enough to get their driver’s license in the us today.",,1,1,/r/nba/comments/1uqk5x7/lebron_is_so_old_that_kids_born_on_the_day_of/,2026-07-08
1uqhi03,nba,1783482420,Lebron is angling for an ownership stake,"That wasn't available in Los Angeles despite his best efforts.  Cleveland, Miami, and Denver can offer him that a la Aspiration, but it's not a done deal yet.  Just a size 15 foot in the door.",0,44,/r/nba/comments/1uqhi03/lebron_is_angling_for_an_ownership_stake/,2026-07-08
1uqk5fs,nba,1783490689,"LeBron is so old, that kids born on the day of LeBron announcing he was going to the heat (July 8th 2010), are now legally old enough to get their driver’s license in the us today.",,1,1,/r/nba/comments/1uqk5fs/lebron_is_so_old_that_kids_born_on_the_day_of/,2026-07-08
1ur920y,nba,1783552647,Austin Reaves after finding out LeBron was leaving the Lakers: “I texted him and told him I was having a great day on the golf course until he ruined it.”,[removed],1,0,/r/nba/comments/1ur920y/austin_reaves_after_finding_out_lebron_was/,2026-07-08
1uqewsv,nba,1783475107,"Charania: “By the way, breaking news here -- LeBron James and Draymond Green are spending some time here together this week. Undisclosed location”","Draymond Green and LeBron James are spending time together this week at an undisclosed location -- and the NBA world took notice immediately.

ESPN’s Shams Charania broke the news Tuesday on ""[The Stephen A. Smith Show](https://www.youtube.com/watch?v=W6St5J7jFfY&t=2088s)"", confirming the two have linked up amid [James’ ongoing free agency deliberations](https://www.nbcsportsbayarea.com/nba/golden-state-warriors/lebron-james-free-agency-update-rich-paul/1947676/). The location was not revealed, even after Stephen A. pressed Charania directly on air.

“By the way, breaking news here -- LeBron James and Draymond Green are spending some time here together this week,” Charania said on the show. When Stephen A. asked where exactly, Charania simply responded: “Undisclosed location.”

https://www.nbcsportsbayarea.com/nba/golden-state-warriors/draymond-lebron-reportedly-spending-time-together/1948578/",3097,499,/r/nba/comments/1uqewsv/charania_by_the_way_breaking_news_here_lebron/,2026-07-08
1uqd1wo,nba,1783470132,"If LeBron goes to Miami, him, Bam, and Giannis will be the first trio to play together who’ve all scored 60pts in a game since Elgin Baylor, Jerry West, and Wilt Chamberlain.","Durant only having scored 55 saves a bunch of other trios from never reaching this.

Curry  
Klay

Harden  
Kyrie

Booker  
Beal

I’m also just guessing and not certain this is true, but I think it might be",579,47,/r/nba/comments/1uqd1wo/if_lebron_goes_to_miami_him_bam_and_giannis_will/,2026-07-08
1uqk8k3,nba,1783490979,"LeBron is so old, that kids born on the day of LeBron announcing he was going to the heat (July 8th 2010), are now legally old enough to get their driver’s license in the us today.","on this day, July 8th 2010, exactly 16 years ago. LeBron James officially announced on live tv that he would leave Cleveland to take his talents to Miami. this is so long ago kids born on that day can now legally drive.",2875,162,/r/nba/comments/1uqk8k3/lebron_is_so_old_that_kids_born_on_the_day_of/,2026-07-08
1uqi2x1,nbadiscussion,1783484131,Sell me on a better LeBron destination than Minnesota. Tell me how you envision a couple trips up the court on this new team,[removed],1,2,/r/nbadiscussion/comments/1uqi2x1/sell_me_on_a_better_lebron_destination_than/,2026-07-08
1uqf6r5,nba,1783475882,LeBron might be the greatest attention marketer in sports history,"Every major move of LeBron’s career kept him at the center of the basketball world. *The Decision* to go to Miami and leave Cleveland to create the Big 3 dominated sports media, returning to Cleveland became one of the biggest redemption stories in sports, and joining the Lakers put the NBA’s biggest star on its biggest stage—where he still won a championship. Few athletes have controlled the spotlight as consistently or as effectively as LeBron. Even in years he was always planning to resign with current team he would hold out to build speculation and drama. Hate him or love him he might be the greatest self-marketer we have seen in any sport. ",0,33,/r/nba/comments/1uqf6r5/lebron_might_be_the_greatest_attention_marketer/,2026-07-08
1uqpimr,nba,1783508904,"Bob Myers' pitch to LeBron James to join the Philadelphia 76ers: ""I honestly believe this is your best chance to win... If it's about winning, let's talk about this team because you can win here in Philadelphia.""",,2074,741,/r/nba/comments/1uqpimr/bob_myers_pitch_to_lebron_james_to_join_the/,2026-07-08
1uqxa5h,nba,1783527195,"Exactly 16 years ago today, LeBron James made ""The ""Decision"" to take his talents to South Beach and joint the Miami Heat — July 8, 2010, at exactly 9:28PM EST.","A few facts about the 2009-10 NBA Season:

• The Cavs were the No. 1 seed in the NBA (61-21), were defeated by the Celtics in the semifinals in 6 games. LeBron won his 2nd consecutive MVP; 2009 & 2010.

• The Lakers won their 2nd consecutive NBA championship (defeated the Celtics in 7 games).

• The New Jersey Nets had the worst record in the NBA (12-70).

• The current champion New York Knicks finished 11th in the Eastern Conference (29-53).",635,164,/r/nba/comments/1uqxa5h/exactly_16_years_ago_today_lebron_james_made_the/,2026-07-08
1uqsyhi,nba,1783517901,"EraBall had me thinking... what would be your ""perfect"" LeBron team?",[removed],1,1,/r/nba/comments/1uqsyhi/eraball_had_me_thinking_what_would_be_your/,2026-07-08
1uqouyh,sixers,1783506891,Cavaliers are unable to grant LeBron James his longtime wish (another title),"*In reality, Cleveland falls short*

*Not as currently constructed, at the very least. The fit of James Harden, Donovan Mitchell and LeBron is a terrible one, just as LeBron found himself trying to glue together Luka Doncic and Austin Reaves. It is miraculous that James remains as impactful as he is at age 41, particularly with the ball in his hands. But that means he is not at his best merely spotting up in the corner.*

*Harden is a ball-dominant star and takes so much off the table defensively. There is a reason that LeBron's ""whiteboard"" musings on potential destinations saw the loss of Darius Garland as a point against the Cavaliers. Harden is a playoff disaster. James wants a team at its best in the postseason; the Cavaliers, taking cues from Harden, are at their worst.*

*The Cavaliers are committed to re-signing James Harden, and that will give them a very top-heavy roster that doesn't fit together very well. Dean Wade is now playing for the rival 76ers, decreasing their defensive versatility. This is a team that will be better if LeBron signs, but they won't suddenly be the East favorites.*

*If LeBron is searching for a fifth title, he probably won't find it in Cleveland. That's a truth he has to come to grips with before he signs, or it could be a difficult year in Ohio.*

*——*

LeBron can be on the floor with Dean Wade here in one of the lineups during the game. With…

Maxey  
VJ  
JB  
Jo  
Wade  
Simons  
Hoki  
Labaron  
JE  
Bona  
and the rest

…we can roll out a lot of lineups around LJ. Embiid doesn’t have to carry a big load, just stay healthy and be open to learn from one of the better basketball minds when it comes to winning and strategy.",87,46,/r/sixers/comments/1uqouyh/cavaliers_are_unable_to_grant_lebron_james_his/,2026-07-08
1uqpkbf,sixers,1783509043,"Bob Myers' pitch to LeBron James to join the Philadelphia 76ers: ""I honestly believe this is your best chance to win... If it's about winning, let's talk about this team because you can win here in Philadelphia.""",,333,87,/r/sixers/comments/1uqpkbf/bob_myers_pitch_to_lebron_james_to_join_the/,2026-07-08
1uqsfx3,sixers,1783516684,Home grown vs traded for teams with Jaylen Brown and Lebron.,"For my fellow Phillies fans I believe it is great to see the development of players over time. Seeing JT as I grew up while watching other guys slowly develop is a great thing. I see this greatly with Tyrese Maxey but also think that the more that you trade the less team identity you have. If Jaylen Brown and Lebron come to the Sixers, I think that we will lose a lot of identity while gaining Lebron Glazers and fake fans. I may just be a negative philly sports fan but I'm not sure. ",0,40,/r/sixers/comments/1uqsfx3/home_grown_vs_traded_for_teams_with_jaylen_brown/,2026-07-08
1uqt9wk,sixers,1783518635,Call me crazy. But I'm 50/50 on Lebron coming.,"Here me out. I love Lebron. He's my number 1 or 2 player of all time. But, the sixers ALWAYS get these players past their primes (PG, Harden, Bynum, Webber, Brand, etc..) and we celebrate like it's the best free agent move ever and will get us the chip. Though Lebron is a very much different beast, he's still not the Lebron of old. He'd pretty much be a role player in which that's not how you win with Lebron. Or he'd be forcing or forced to be ""The Guy"" in which that's not where he's at in his career. If he comes and the team doesn't win the chip, make the Finals, or even the EC Finals, it'll be a shitshow with the media and unforgiving fans. I just don't know man. Regardless, as a lifelong sixers fan I'll still be rooting for the team to win it all. The same as every year.",0,29,/r/sixers/comments/1uqt9wk/call_me_crazy_but_im_5050_on_lebron_coming/,2026-07-08
1uqwhwh,sixers,1783525564,"[Charania] The Warriors initial offseason plan was to pair Curry and Draymond with LeBron and Anthony Davis. With them being unable to trade for AD so far, I think they believe LeBron isn't coming there",The Sixers have the asset that Washington would probably want in return for AD. Should Gansey pull the trigger?,54,55,/r/sixers/comments/1uqwhwh/charania_the_warriors_initial_offseason_plan_was/,2026-07-08
1ur033u,sixers,1783533004,LeBron couldn’t win with Luka,What makes everyone so sure he can win with Brown? ,0,22,/r/sixers/comments/1ur033u/lebron_couldnt_win_with_luka/,2026-07-08
1ur2rvu,sixers,1783538581,Joel and LeBron: Mutual Respect,"I remember quite a few times where Joel and LeBron showed their respect for one another. Given the Anthony Davis tal, amd the fact he has been no healthier really than  Embiid, I thought I’d ask Gemini to help me properly recall these quotes for y’all:

1. LeBron Defends Embiid Against the Media (2024)

When Embiid faced heavy criticism from media talking heads and podcasts for missing a highly anticipated matchup against the Denver Nuggets, he tried to play through a knee problem in a subsequent game and ended up suffering a severe meniscus injury. [LeBron James took to social media](https://www.reddit.com/r/nba/comments/1ahadzd/lebron_on_joel_embiid/) to fiercely defend the Sixers star and blast the media for their lack of empathy:

>""Where are all the media outlets, tv media personalities, hot takes that talked so much 💩 about Joel Embiid about missing those games when he knew what he was dealing with... Not 1 person has went back on tv or their dumbass podcast and apologized to that MAN!! No accountability 🗑️🗑️🗑️"" \[[1](https://www.reddit.com/r/nba/comments/1ahadzd/lebron_on_joel_embiid/)\]

2. The 2024 Olympic Gold Run Postgame Speech

During the 2024 Paris Olympics, Embiid chose to play for Team USA alongside LeBron. Following a grueling, high-stakes tournament that culminated in a gold medal, LeBron delivered a fiery postgame locker room speech to the team. He made sure to explicitly highlight how Embiid and Steph Curry put the squad on their backs when it mattered most: \[[1](https://www.si.com/nba/76ers/onsi/news/lebron-james-includes-sixers-joel-embiid-in-fiery-postgame-speech-01j4tmmqjbnz), [2](https://bleacherreport.com/articles/10128968-joel-embiid-lakers-lebron-james-is-not-the-same-as-he-was-a-couple-of-years-ago), [3](https://bleacherreport.com/articles/10148456-video-lebron-steph-kevin-durant-talk-legacies-skills-they-want-from-each-other), [4](https://www.reddit.com/r/nba/comments/1ahadzd/lebron_on_joel_embiid/)\]

>""Chef (Steph Curry) and Jo (Joel Embiid), ya'll \[expletive\] carried us tonight. One more! Gold on three."" \[[1](https://www.si.com/nba/76ers/onsi/news/lebron-james-includes-sixers-joel-embiid-in-fiery-postgame-speech-01j4tmmqjbnz)\]

3. Embiid’s 2023 All-Star Draft Reaction

As mentioned previously, when the NBA switched to a live pre-game draft format for the 2023 All-Star Game, team captain LeBron James chose Embiid with his absolute first overall pick. Embiid was incredibly touched, noting that being picked first by an all-time great meant more to him than any external media narratives: \[[1](https://www.si.com/nba/76ers/onsi/news/lebron-james-includes-sixers-joel-embiid-in-fiery-postgame-speech-01j4tmmqjbnz)\]

>""It’s always fun... and LeBron drafting me with the first pick, that shows you that the All-Star voting was wrong. But it’s always good to be respected by your peers. That’s what matters to me.""",75,25,/r/sixers/comments/1ur2rvu/joel_and_lebron_mutual_respect/,2026-07-08
1ur9b3e,nba,1783553264,LeBron James In Summer League Was...DIFFERENT,,0,11,/r/nba/comments/1ur9b3e/lebron_james_in_summer_league_wasdifferent/,2026-07-08
1ur9a61,nba,1783553200,Austin Reaves after finding out LeBron was leaving the Lakers: “I texted him and told him I was having a great day on the golf course until he ruined it.”,"STATELINE, Nev. — Austin Reaves was somewhere near a fairway in the middle of a golf course when he learned he and LeBron James would no longer be Lakers teammates.    
The news put a complete damper on his afternoon, he told The California Post on Wednesday.

“I texted him,” Reaves said of his initial reaction to James bolting from Los Angeles, “and told him I was having a great day on the golf course until he ruined it.”    
James informed the masses on June 30 that he would don a new uniform in 2026, and Reaves told The Post while out at the American Century Championship in Nevada that the decision affected him.

Reaves, who signed a $185 million extension to remain with the Lakers just a week before James made his choice, has never played an NBA season without the 41-year-old on his team, and he explained it’s going to take some time to get used to.    
“I don’t have enough time to explain how much he means to me and my career and what he’s done for me,” Reaves said.

There’s nothing but love and respect,” Reaves said. “And when he comes to LA, I need to see him out on the golf course. Maybe play a couple holes or something.",9150,412,/r/nba/comments/1ur9a61/austin_reaves_after_finding_out_lebron_was/,2026-07-08
1ur995a,nba,1783553128,Austin Reaves after finding out LeBron was leaving the Lakers: “I texted him and told him I was having a great day on the golf course until he ruined it.”,[removed],1,0,/r/nba/comments/1ur995a/austin_reaves_after_finding_out_lebron_was/,2026-07-08
1ur90a3,nba,1783552533,Austin Reaves after finding out LeBron was leaving the Lakers: “I texted him and told him I was having a great day on the golf course until he ruined it.”,,1,1,/r/nba/comments/1ur90a3/austin_reaves_after_finding_out_lebron_was/,2026-07-08
1uqrprf,nba,1783514945,"Bob Myers: ""You hook me up to a polygraph, you put him (LeBron) on all these teams you guys are thinking about, I think the Sixers would beat those teams... You look at all teams, there is histories of concern everywhere. All these teams. People pick on Joel.""",,16,282,/r/nba/comments/1uqrprf/bob_myers_you_hook_me_up_to_a_polygraph_you_put/,2026-07-08
1ur8877,nba,1783550654,If goats didn’t exist what would we call the debate between MJ and LeBron.,"Is there another animal that creates a useful acronym when debating the best to ever play?

What else do I need to write to get to 100 characters?",0,7,/r/nba/comments/1ur8877/if_goats_didnt_exist_what_would_we_call_the/,2026-07-08
1ur7yi3,nba,1783550004,"If goats didn’t exist, there would be no LeBron vs MJ debates",Everyone would just talk about both players as humans instead of comparing them to animals which always seemed wrong to me. ,1,0,/r/nba/comments/1ur7yi3/if_goats_didnt_exist_there_would_be_no_lebron_vs/,2026-07-08
1ur7mur,nba,1783549228,"If Michael and LeBron didn’t exist, there would be no goat debate.","Think about it…

If neither Michael Jordan nor LeGoatBron James existed then we would have no multi generational goat debate. 0 chips vs 0 chips. There would be glazing from either unc vs newgen fandom.

Think about it……",0,41,/r/nba/comments/1ur7mur/if_michael_and_lebron_didnt_exist_there_would_be/,2026-07-08
1ur8icl,nba,1783551333,Do you think LeBron pulls a Jordan and signs mid-season?,"Knowing he’s not getting a big contract, why commit to a team right now and potentially ruin the last chance at a ring?

Do you think he waits till January or even March and issues an “I’m back” PR drop and joins whichever teams looking good?

That’s equally as interesting of a storyline for the documentary than sticking it out with one team.",0,55,/r/nba/comments/1ur8icl/do_you_think_lebron_pulls_a_jordan_and_signs/,2026-07-08
1ur5ugg,nba,1783545139,"[Kroichick] Warriors’ Steph Curry on LeBron James: ‘I would love to play with him. Hopefully, that will be a reality soon’... Curry mostly has traded text messages with James, as he contemplates which team to join for his record 24th season in the league.","&#x200B;

STATELINE, Nev. — Stephen Curry did not travel to Ohio to court LeBron James. Nor did Curry break any big news Wednesday on James’ much-anticipated plans for next season.

Curry also suggested the Golden State Warriors are still in the running to land the leading scorer in NBA history.

“We’ve obviously talked,” Curry told the Chronicle during his round of golf Wednesday at Edgewood Tahoe. “He deserves all the patience and space to figure out what he wants to do as his career winds down. We all understand and appreciate that.

“I would love to play with him, and hopefully that will be a reality soon.”

Curry mostly has traded text messages with James, as he contemplates which team to join for his record 24th season in the league. Cleveland is widely considered the favorite, with Miami and Philadelphia also in the picture.

Source: https://www.sfchronicle.com/sports/warriors/article/warriors-steph-curry-lebron-james-i-love-22334924.php",156,37,/r/nba/comments/1ur5ugg/kroichick_warriors_steph_curry_on_lebron_james_i/,2026-07-08
1uqu0j2,nba,1783520293,"[Slater] they’re comfortable running back a similar roster.... Despite some league sources believing that an asset-dependent trade for Anthony Davis might be necessary to lure (Lebron) James, the Warriors haven’t been told that directly and haven’t been engaging Washington on it, team sources said","&#x200B;

The Warriors have been messaging for weeks that they’re comfortable running back a similar roster to last season, remaining protective of their future draft picks and cleaning up their long-term salary situation in this transitional phase late in Stephen Curry’s career.

Part of LeBron’s appeal to the Warriors is the low risk. It would be a short-term signing without the loss of a draft pick to acquire him. Despite some league sources believing that an asset-dependent trade for Anthony Davis might be necessary to lure James, the Warriors haven’t been told that directly and haven’t been engaging Washington on it, team sources said.

They were never close on a Kawhi Leonard deal and weren’t a significant part of the Jaylen Brown conversation. General manager Mike Dunleavy has opted instead to keep his assets, draft Yaxel Lendeborg at No. 11 in last month’s draft and regather a similar group of veterans to the one that finished 37-45 last season, banking on better play, better health for Curry, the eventual return of Jimmy Butler III and the opportunity to pivot closer to the February trade deadline. Warriors coach Steve Kerr has openly talked about the need to lower expectations and acknowledged they weren’t a championship-level team last season.

They will still add a couple of newcomers in free agency, though the available names are dwindling. They didn’t reach the necessary price on a contract for Rui Hachimura and prioritized De’Anthony Melton over Anfernee Simons. -- Anthony Slater

Source: https://www.tsn.ca/nba/article/nba-free-agency-intel-where-is-lebron-going-whats-next-for-lakers-n1-49287883/",224,104,/r/nba/comments/1uqu0j2/slater_theyre_comfortable_running_back_a_similar/,2026-07-08
1uquu0s,nba,1783522097,"[Rich Paul] On LeBron James not wanting to be a third option on the Lakers behind Luka and Austin: “When the coach asks you to do something and play a certain way, he doesn't know how to buck. Obviously I'm not the third option. But if this is what I'm being asked to do, then I'm going to do that.”",,274,389,/r/nba/comments/1uquu0s/rich_paul_on_lebron_james_not_wanting_to_be_a/,2026-07-08
1uqvg6s,nba,1783523405,"[Charania] The Warriors initial offseason plan was to pair Curry and Draymond with LeBron and Anthony Davis. With them being unable to trade for AD so far, I think they believe LeBron isn't coming there",,1513,490,/r/nba/comments/1uqvg6s/charania_the_warriors_initial_offseason_plan_was/,2026-07-08
1uqwaew,nba,1783525146,Steve Carell re-creates Lebron's decision with Paul Rudd at the 2010 ESPY's,,924,61,/r/nba/comments/1uqwaew/steve_carell_recreates_lebrons_decision_with_paul/,2026-07-08
1uqxioa,nba,1783527707,[Scotto] The Los Angeles Lakers have officially renounced the free agent rights to LeBron James.,"More from Scotto here: https://www.hoopshype.com/story/sports/nba/2026/07/02/nba-intel-jaylen-brown-trey-murphy-jalen-duren-jonathan-kuminga-anfernee-simons-tobias-harris-knicks/90786339007/

The Los Angeles Lakers have officially renounced the free agent rights to LeBron James, Carmelo Anthony, Dwight Howard, Dion Waiters, Luke Kennard, Marcus Smart, Maxi Kleber, Nick Smith Jr, Jared Dudley, Avery Bradley, Jaxson Hayes, Markieff Morris, and Wayne Ellington.

Any dream of a sign-and-trade involving LeBron James is officially dead.",7120,402,/r/nba/comments/1uqxioa/scotto_the_los_angeles_lakers_have_officially/,2026-07-08
1uqy4fp,nba,1783528966,"[Austin Rivers] On Rich Paul’s Pod “He's got to stop. Why do you have a Podcast? Everything he says is gonna be a representation of LeBron. You are an agent, you’re supposed to be in the background. You coming out at the forefront and giving your opinions on the game & saying stuff, it doesn’t work“",,3426,444,/r/nba/comments/1uqy4fp/austin_rivers_on_rich_pauls_pod_hes_got_to_stop/,2026-07-08
1ur6yd8,nba,1783547667,"GSW, LEBRON and AD LINEUP","If LeBron signs and if/when he does , I fully expect the warriors to trade for AD. This lineup would kill teams. All players except Steph are above 6’9 with wingspans over 7’0. Shooting everywhere on the court with 4 guys who can score in isolation and play without the ball. Bench would be deep with Podz, Melton, Gui, Dray, Al, Richard. Defense would stabilize while also having some scoring. Some. 

Gets to play PG and not tear his body up banging with SF/PF. Balls in his hands most of the time , controlling pace. He’s said publicly he would love to play with Dray because of his vocal tenacity(Barbershop Talk) and we all know he wants to play with Steph.

Honestly I think LeBron is coming to GS no matter what. When I really think about it even though they’re NBA players, they’re still human. Ask yourself in whatever profession your in; if you had the chance to wether that’s “play”, “teach”, “trades” with one of your better friends, the number one person you would want to play with, and a manager you highly respect , money no object, knowing you only got 2 years left, what would you do? I think most people would go with their friends and not have a “what if” moment 5 years later. I think if we all really think about it, GS is where LeBron is going. It’s too much to pass up. PLUS, Location. He’s an hour flight from LA, with similar weather. He 42, mostly older people don’t wanna be in cold weather city’s. All in all , I think it’s an easy decision. He just buying time for us to bring down the price of AD. ",0,27,/r/nba/comments/1ur6yd8/gsw_lebron_and_ad_lineup/,2026-07-08
1uqy8ok,nba,1783529212,"[Scotto] The Los Angeles Lakers have officially renounced the free agent rights to LeBron James, Carmelo Anthony, Dwight Howard, Dion Waiters, Luke Kennard, Marcus Smart, Maxi Kleber, Nick Smith Jr, Jared Dudley, Avery Bradley, Jaxson Hayes, Markieff Morris, and Wayne Ellington.","Interesting drop from Mike Scotto. 

I wonder if renouncing Jaxson Hayes decreases the likelihood of a Kessler-Hayes double S&T with the Jazz. 

[Source](https://i.imgur.com/nMjzV5g.png)",4059,309,/r/nba/comments/1uqy8ok/scotto_the_los_angeles_lakers_have_officially/,2026-07-08
1uqztkz,nba,1783532455,[Highlights] 2013 LeBron athleticism,Source: pitlessball on Twitter,2,1,/r/nba/comments/1uqztkz/highlights_2013_lebron_athleticism/,2026-07-08
1uqzuu6,nba,1783532527,[Highlights] 2013 LeBron athleticism,source: pitlessball on twitter ,419,83,/r/nba/comments/1uqzuu6/highlights_2013_lebron_athleticism/,2026-07-08
1ur1aro,nba,1783535482,"Steph Curry on the possibility of playing with LeBron James: ""I’d say more so I’m interested to just play golf with LeBron... I’m sure we obviously would love to play together. I mean, hopefully it happens. But he’s deserved the opportunity and the right to take his time with the decision.",,3205,219,/r/nba/comments/1ur1aro/steph_curry_on_the_possibility_of_playing_with/,2026-07-08
1ur1qsm,nba,1783536415,"Max Kellerman: “The team would’ve functioned better had Luka dribbled a little less, LeBron been playing point more… I felt like LeBron needed to assert himself a little more” Rich Paul: “You’re not wrong”",,0,125,/r/nba/comments/1ur1qsm/max_kellerman_the_team_wouldve_functioned_better/,2026-07-08
1ur35jd,nba,1783539396,Steve Carell re-creates LeBron's decision with Paul Rudd at the 2010 espy,,19,5,/r/nba/comments/1ur35jd/steve_carell_recreates_lebrons_decision_with_paul/,2026-07-08
1ur3olt,nba,1783540520,Predict the number of karma a LeBron James signing announcement will receive based on the team,"Heat: 35k

76ers: 40k

Cavs: 45k

Warriors: 50k

Lakers: 60k

Wizards: 80k

Kings: 100k

Southern Tigers: 120k

Browns: 150k",0,16,/r/nba/comments/1ur3olt/predict_the_number_of_karma_a_lebron_james/,2026-07-08
1uqzqyj,nba,1783532304,LeBron leaving Los Angeles is going to have ripple effects for years.,[removed],1,0,/r/nba/comments/1uqzqyj/lebron_leaving_los_angeles_is_going_to_have/,2026-07-08
1urmijm,sixers,1783593432,"With the roster taking shape, what realistic role do you see LeBron actually playing if he signs with Philly?",[removed],1,0,/r/sixers/comments/1urmijm/with_the_roster_taking_shape_what_realistic_role/,2026-07-09
1uriqtx,sixers,1783580606,If we get Lebron i think VJ should play 30+ minutes off the bench,"The more i think about it i think it makes alot of sense for both Bron and VJ. In crunch time VJ plays. 

  
By playing Dean wade next to lebron at the 3 and JB at the 2 it assures that maxey and Bron never have to guard anyone elite for most of the game . Dean's defensive analytics are very good and he can comfortably guard 1-4. It keeps Lebron from having to guard a Siakam , Kawhi etc. JB can take the 2nd biggest threat. Having a low usage utility player in the lineup just makes so much sense with 4 stars. 

  
For VJ its so much better , He's a star himself , He gets to run with the 2's and be the #1 scoring option . Philon can still get good minutes mixed in . Either in small spurts of 3 guard lineups or just in between lineups. VJ can make a jump to being a 18-20 point scorer . You dont want to stop that ascension by playing him next to 4 established stars all the time.  You can even expirment with Starting Anfernee sometimes if you dont feel you need Wades defense in a certain matchup and want more shooting on the floor. Let VJ win 6MOY. 



This is what makes me super excited about a potential Lebron signing. Nurse gets to finally have a deep team and get crafty with his deployment of talent. He could switch it up nightly. We saw what he could do with a deep team in 2019-2020 after they lost Kawhi and he lead the raptors to the 2 seed and won coach of the year. Nurse is a really smart coach he just hasnt been given a team to remind us what he can do when he has depth. ",0,18,/r/sixers/comments/1uriqtx/if_we_get_lebron_i_think_vj_should_play_30/,2026-07-09
1urqo7o,sixers,1783604531,Lebron will come to Philly!,Fry says it best. Just keep on hoping!!!,61,2,/r/sixers/comments/1urqo7o/lebron_will_come_to_philly/,2026-07-09
1us32jk,sixers,1783631181,Gainsey is saving a spot for LeBron. Not a fan of this.,"Gainsey is the best thing to happen to the 76ers in recent years. He got hired and immediately turned the Sixers into a competent franchise. However on the recent underdog pod, he said (or actually heavily implied) that he’s holding the roster spot for LeBron. Now while having LeBron would be awesome, I severely doubt that he comes here, and I think that just waiting for LeBron, while there are still quality free agents out there isn’t the move. Now, obviously if he does end up coming here, that’s great, I will be very happy, but I just don’t see a world where he doesn’t go back to Cleveland. ",0,16,/r/sixers/comments/1us32jk/gainsey_is_saving_a_spot_for_lebron_not_a_fan_of/,2026-07-09
1us54rg,sixers,1783635880,Saquon Barkley asked about LeBron to Philly,,196,22,/r/sixers/comments/1us54rg/saquon_barkley_asked_about_lebron_to_philly/,2026-07-09
1us73uj,sixers,1783640571,Where do you think Lebron is going?,,30,3,/r/sixers/comments/1us73uj/where_do_you_think_lebron_is_going/,2026-07-09
1us19gd,nbadiscussion,1783627163,"What stats do you think LeBron will put up next year, specifically points per game and three point percentage?",[removed],1,2,/r/nbadiscussion/comments/1us19gd/what_stats_do_you_think_lebron_will_put_up_next/,2026-07-09
1us1fdm,nba,1783627523,[Charania] Teams are sending Rich Paul voice notes to recruit LeBron James,"Source: https://www.hoopshype.com/story/sports/nba/rumors/2026/07/09/teams-sending-lebron-james-voice-notes-to-recruit-him-via-rich-paul/90867252007/  
   
“Some of them have been able to send a voice note to LeBron James via Rich Paul…. It’s unclear whether Cleveland or Miami are among the teams that have sent a voice note to LeBron via Rich Paul. They kind of don’t need to, they already had him in their buildings” — Shams Charania",530,205,/r/nba/comments/1us1fdm/charania_teams_are_sending_rich_paul_voice_notes/,2026-07-09
1urzypp,nba,1783624345,"2020 LeBron says he would dominate 2012 LeBron, and he hadn’t realize his full potential as a player back then",,1,0,/r/nba/comments/1urzypp/2020_lebron_says_he_would_dominate_2012_lebron/,2026-07-09
1uresdi,nba,1783568169,Lebron James Will Sign With The Golden State Warriors. Here's Why:,"...Because I really, really want it to happen. Please come to my team. Plus it'd be really cool to predict something & then have everyone be like ""damn he was right"".

  
Wouldnt yall respect sports media / journalists more if they just said that instead of some made up bs like ""sources say Warriors are trending up on his short list""

  
C'mon man! I have no inside info just a Dubs fan who wants to see Bron & Curry team up one time.",0,35,/r/nba/comments/1uresdi/lebron_james_will_sign_with_the_golden_state/,2026-07-09
1us5d4o,nba,1783636403,"Jaylen Brown: ""You gotta say LeBron, you got to pull up, man. Pull up to Philly."" Speed: ""LeBron, pull up to Philly. Think about it, LeBron, Jaylen Brown, PJ-13.""",,2849,298,/r/nba/comments/1us5d4o/jaylen_brown_you_gotta_say_lebron_you_got_to_pull/,2026-07-09
1us5ah7,nba,1783636240,Should a team commit cap circumvention in order to try to get LeBron James?,"Let’s assume for a minute that this is LeBrons last year before retirement.  Wouldn’t it be a great move to commit cap circumvention?  If the investigation started today, we know it wouldn’t be finished until a year later.  Therefore this season still sees all the benefit of circumvention?",0,28,/r/nba/comments/1us5ah7/should_a_team_commit_cap_circumvention_in_order/,2026-07-09
1us2ozs,nba,1783630342,"Stephen Curry on his pitch to LeBron James: “The pitch is: Do you want to play good basketball and be around people who know how to play the game? Raise our floor, our competitiveness this year. There’s good golf in the Bay.”",,1808,234,/r/nba/comments/1us2ozs/stephen_curry_on_his_pitch_to_lebron_james_the/,2026-07-09
1us25lr,nba,1783629140,Would LeBron join a non-contender if the organization gave him an ownership stake?,"Remember in the early 2000s when MJ came back as a player with the Wizards… Obviously it was a chess move being an owner/executive by Jordan.

Now, nearly 25 years later, LeBron is reportedly not signing with any team motivated by money, but what about ownership?

If a team like the Pelicans offered LeBron a large stake in the franchise; contingent upon him signing and retiring with the team.

Would LeBron seriously consider this move?",0,34,/r/nba/comments/1us25lr/would_lebron_join_a_noncontender_if_the/,2026-07-09
1us1h6f,nba,1783627637,"[Charania] “Leading suitors for LeBron have been able to send a voice note to him via Rich Paul. So whether it's an owner, president or GM, being able to record a voice note, send it to Rich & it makes its way to Bron. This is just a part of LeBrons process of studying. LeBron hasn’t been in a rush”",,819,628,/r/nba/comments/1us1h6f/charania_leading_suitors_for_lebron_have_been/,2026-07-09
1urak1l,nba,1783556453,The 76ers with LeBron Would Have the Greatest STARTING 5 of ALL-TIME.,[removed],1,0,/r/nba/comments/1urak1l/the_76ers_with_lebron_would_have_the_greatest/,2026-07-09
1ure0ge,nba,1783565941,Lebron is still a top 10 asset in the NBA play offs looking into 2027 play offs,"(if you've seen my previous posts and are about to downvote, those psots were trolls, in reality I am a Lebron and Jordan fan) Now many people put him 20th or even lower due to stats and age, sure. But just due to his massive experience, all time great past, I would honestly still consider him a top 10 asset in practice, when it comes to the play offs. I mean who would you rather have alongside an MVP calibre player in the finals in 2027, Lebron James or Ja Morant? Lebron James or Kevin Durant? ",0,36,/r/nba/comments/1ure0ge/lebron_is_still_a_top_10_asset_in_the_nba_play/,2026-07-09
1urecgj,nba,1783566879,Can we please stop With LeBron James?,"First off, this cat is a legendary basketball player. Just want to make that clear. I have ZERO hate for his game. I really don’t even dislike the man.

Let’s stop with this nonsense though. He knows exactly where he will be playing next year. There is no mystery. He isn’t waiting for teams to convince him to join. Before he told the Lakers he was leaving he knew where he was going.

Nothing we read means anything. There is no drama. This is what James lives for. Attention. It’s his right to do this. But damn, another whole summer of meaningless speculation, I’m tired already. ",0,80,/r/nba/comments/1urecgj/can_we_please_stop_with_lebron_james/,2026-07-09
1ureqvr,nba,1783568049,Don't  get me started on Lebron James,"First off, this cat is not a legendary basketball player. Just want to make that clear. I have ZERO hate for his game. I really don’t even dislike the man.

Let’s stop with this nonsense though. He's not exactly sure where he will be playing next year. There is no mystery. He is waiting for teams to convince him to join. Before he told the Lakers he was leaving he had no idea where he was going.

Nothing we read means anything. There is no drama. This is what James lives for. Basketball. It’s his right to do this. But damn, another whole summer of speculation, I'll never tire of this.",0,39,/r/nba/comments/1ureqvr/dont_get_me_started_on_lebron_james/,2026-07-09
1us70zm,nba,1783640371,LeBron is going to join the Sixers,If only so he can sit next to Johni Broome on the bench and make his hair seem thick and lustrous in comparison. ,0,23,/r/nba/comments/1us70zm/lebron_is_going_to_join_the_sixers/,2026-07-09
1urex52,nba,1783568559,Don’t get u/Cote_Goat started on LeBron James,"First off, this cat is a legendary basketball player. Just want to make that clear. I have ZERO hate for his game. I really don’t even dislike the man.

Let’s stop with this nonsense though. He's not exactly sure where he will be playing next year. There is no mystery. He is waiting for teams to convince him to join. Before he told the Lakers he was leaving he had no idea where he was going.

Nothing we read means anything. There is no drama. This is what James lives for. Basketball. It’s his right to do this. But damn, another whole summer of speculation, I'll never tire of this.",28,16,/r/nba/comments/1urex52/dont_get_ucote_goat_started_on_lebron_james/,2026-07-09
1urgg27,nba,1783573182,Larry bird is objectively better than lebron,"Debate me, larry bird is just better. Every single category, larrry bird wins against lechoke. Hes trash",0,30,/r/nba/comments/1urgg27/larry_bird_is_objectively_better_than_lebron/,2026-07-09
1urglp9,nba,1783573656,Who is LeBron's best comparison as a player archetype?,I'm asking due to a discussion with some friends over a couple beers right now but who is the player in NBA history that is closest to the swiss army knife archetype that LeBron embodies? Doesn't have to be a small forward but it would fit best inherently. Just who is the pass first type of player who can also take over a game offensively like LeBron did in his prime?,2,124,/r/nba/comments/1urglp9/who_is_lebrons_best_comparison_as_a_player/,2026-07-09
1urgope,nba,1783573911,Who was more athletic 2000’s LeBron or 80’s Jordan?,"Which of 2000s LeBron or 1980s MJ was more athletic? 

I think 80s MJ is his most athletic version and LeBron is either 2009 or like 2013. I chose 2000’s Bron because it’s a young Bron vs young MJ 

Also how strong was MJ compared to Bron ",0,92,/r/nba/comments/1urgope/who_was_more_athletic_2000s_lebron_or_80s_jordan/,2026-07-09
1urgmje,nba,1783573728,Who was more athletic 2000’s LeBron or 80’s Jordan?,[removed],1,0,/r/nba/comments/1urgmje/who_was_more_athletic_2000s_lebron_or_80s_jordan/,2026-07-09
1urwpx6,nba,1783617577,Steph Curry on potentially playing with LeBron next season: “I don’t mind.”, Steph Curry nonchalantly answers a fans golden question about his thoughts on potentially playing with LeBron next season amidst his gold outing,253,40,/r/nba/comments/1urwpx6/steph_curry_on_potentially_playing_with_lebron/,2026-07-09
1urhf4g,nba,1783576260,"If LeBron wants to surpass Jordan and become the true GOAT, he should join the Chicago Bulls & win a title 🏆",,1,1,/r/nba/comments/1urhf4g/if_lebron_wants_to_surpass_jordan_and_become_the/,2026-07-09
1urpvfb,nba,1783602653,"Charles Barkley on LeBron vs. MJ: ""LeBron is a nice guy, Michael and Kobe, they want to kill you at all cost, that's what separate them... LeBron is a great basketball player, them other two guys, they were fanatics, they were dangerous.""",,689,619,/r/nba/comments/1urpvfb/charles_barkley_on_lebron_vs_mj_lebron_is_a_nice/,2026-07-09
1ursfnb,nba,1783608478,A Different Angle on the MJ vs LeBron Debate,"One thing that MJ did famously was stop other great players from his era from winning a ring. Almost, single-handedly. 

IOW - You remove Jordan, and all of the guys probably have a ring. Which is why Hakeem Olajuwan and Clyde Drexler are NOT on this list. They won when he retired.

So how does LeBron's list compare to this one?

Ranking by greatness, the best players Jordan kept from winning are:

Karl Malone

Charles Barkley

John Stockton

Patrick Ewing

Reggie Miller

Clyde Drexler

Gary Payton

Shawn Kemp

Larry Johnson",0,130,/r/nba/comments/1ursfnb/a_different_angle_on_the_mj_vs_lebron_debate/,2026-07-09
1ursg3y,nba,1783608506,"[Schefter] I still think that he's going to wind up in Miami. That's my guess... I had somebody text me at the outset of free agency: ""You might wanna check into LeBron and Miami,"" like right away",,0,188,/r/nba/comments/1ursg3y/schefter_i_still_think_that_hes_going_to_wind_up/,2026-07-09
1urtthq,nba,1783611444,"If LeBron James decides to join the Miami Heat, he could join Nicolas Batum and Grant Hill as the only players to play 5+ seasons with 3 different franchises.","Nicolas Batum:

\* 7 seasons with the Blazers



\* 5 seasons with the Hornets



\* 5 seasons with the Clippers



LeBron James:

\* 11 seasons with the Cavaliers



\* 4 seasons with the Heat



\* 8 seasons with the Lakers



Grant Hill:

\* 6 seasons with the Pistons 



\* 7 seasons with the Magic (missed 1 full season, and played 4/14/21 games in 3 other seasons)



\* 5 seasons with the Suns



Jason Kidd just barely makes the cutoff, as he was traded midway through the season to the Suns in 1997.



Jason Kidd:

\* 6.5 seasons with the Nets



\* 4.5 seasons with the Suns



\* 7 seasons with the Mavericks",394,76,/r/nba/comments/1urtthq/if_lebron_james_decides_to_join_the_miami_heat_he/,2026-07-09
1urvdhn,nba,1783614750,"If LeBron James returns to Miami, he will likely choose number 9","If LeBron James returns to Miami, he will likely choose number 9—which he previously wore for Team USA—given that number 6 is retired league-wide by the NBA (in honor of Bill Russell), while numbers 23 (Michael Jordan) and 32 (Shaquille O'Neal—a number LeBron wore in 2000 at St. Vincent-St. Mary) are retired by the franchise.",0,57,/r/nba/comments/1urvdhn/if_lebron_james_returns_to_miami_he_will_likely/,2026-07-09
1urwp3h,nba,1783617531,Steph Curry on potentially playing with LeBron next season: “I don’t mind.”,[deleted],1,0,/r/nba/comments/1urwp3h/steph_curry_on_potentially_playing_with_lebron/,2026-07-09
1urhaj1,nba,1783575846,Larry legend or lebron? Peak vs Peak,"&#x200B;

I know this is going to get downvoted, but I think Larry Bird has a legitimate case over LeBron.

Bird played just 13 seasons because of back injuries, yet in that span he won:

3 straight MVPs (1984–1986) something LeBron never did.

3 championships.

2 Finals MVPs.

12 straight All-Star selections.

9 straight First Team All-NBA selections.

At his peak, Bird was arguably the best shooter, passer, rebounder, and clutch player in the league. all while averaging around 25/10/6 in one of the NBA's most physical eras.

Bird also transformed the Celtics overnight. Boston went from 29 wins to 61 in his rookie season. 

People talk about LeBron's versatility, but Bird was just as complete offensively. He could score from anywhere, run the offense like a point guard, rebound with big men, and was one of the smartest players the game has ever seen. He was also an elite defender that doesn't get talked about enough due to his lack of athleticism.

Then there's the competition. Bird had to battle Magic's Lakers, Dr. J's 76ers, Isiah's Pistons, Dominique, Jordan, Hakeem, and countless Hall of Famers in an incredibly stacked Eastern Conference.

LeBron's longevity is cool n all, and his all-around numbers are decent. But if we're comparing peak vs. peak, I think Bird's combination of shooting, basketball IQ, clutch play, leadership, and dominance gives him the edge.

What am I overlooking?",0,157,/r/nba/comments/1urhaj1/larry_legend_or_lebron_peak_vs_peak/,2026-07-09
1urwth4,nba,1783617785,"[ESPN Cleveland] Emmett Golden says The streets are talking and they're telling him that LeBron and Bronny are coming home: ""Someone who reached out to me in the past and was right... reached out to me yesterday, late last night... Bron and Bronny back to Cleveland""",,750,377,/r/nba/comments/1urwth4/espn_cleveland_emmett_golden_says_the_streets_are/,2026-07-09
1urwvpf,nba,1783617915,"BREAKING: LeBron James is finalizing a deal to return to the Cleveland Cavaliers in free agency, sources say. The agreement is expected to be completed soon, with an official announcement anticipated once the remaining formalities are finished. More to come.",,1,1,/r/nba/comments/1urwvpf/breaking_lebron_james_is_finalizing_a_deal_to/,2026-07-09
1urwwhp,nba,1783617964,"BREAKING: LeBron James is finalizing a deal to return to the Cleveland Cavaliers in free agency, sources say. The agreement is expected to be completed soon, with an official announcement anticipated once the remaining formalities are finished. More to come.",[removed],1,0,/r/nba/comments/1urwwhp/breaking_lebron_james_is_finalizing_a_deal_to/,2026-07-09
1urxndz,nba,1783619528,Why LeBron is Going Back To Miami,[removed],1,1,/r/nba/comments/1urxndz/why_lebron_is_going_back_to_miami/,2026-07-09
1urygfj,nba,1783621181,Another LeBron speculation post,[removed],1,0,/r/nba/comments/1urygfj/another_lebron_speculation_post/,2026-07-09
1uswuwj,nbadiscussion,1783710030,Why do people assume a team is going to sign LeBron?,[removed],1,2,/r/nbadiscussion/comments/1uswuwj/why_do_people_assume_a_team_is_going_to_sign/,2026-07-10
1uswhom,sixers,1783709266,"Brian Windhorst says he’s hearing that LeBron signing with a team other than Cleveland is a done deal. “I’m hearing stuff in other cities too. I’m not gonna say who but I had somebody on the phone with me today that I consider a good source who was swearing it’s a done deal in another city,”","Brian Windhorst says he’s hearing that LeBron signing with a team other than Cleveland is a done deal.

""I'm hearing stuff in other cities too. I'm not gonna say who but I had somebody on the phone with me today that I consider a good source who was swearing it's a done deal in another city,"" 

(Via @ESPNCleveland )

LESIXER!",399,222,/r/sixers/comments/1uswhom/brian_windhorst_says_hes_hearing_that_lebron/,2026-07-10
1usrvre,nbadiscussion,1783699423,Lebron next spot confirmed,[removed],0,2,/r/nbadiscussion/comments/1usrvre/lebron_next_spot_confirmed/,2026-07-10
1usr62j,sixers,1783697863,If LeBron doesn’t work out,Genuinely Ben Simmons wouldn’t hurt as a backup 4. His floor is low but his ceiling could be decent. If we aren’t relying on him to be a top 3 on the team I don’t see much of an issue with him. ,0,43,/r/sixers/comments/1usr62j/if_lebron_doesnt_work_out/,2026-07-10
1usneov,nba,1783689356,The NBA and it's media is so cucked by LeBron and his team it's actually jarringly pathetic. This saga is pretentious.,"I'm a fringe basketball fan but my feed has been taken over by Lebron's next move. Do that many people really give a shit? Ya, he's one of the best ever and it will be fun to see where he moves to next but my god, the media circus around this decision is pathetic. ",0,0,/r/nba/comments/1usneov/the_nba_and_its_media_is_so_cucked_by_lebron_and/,2026-07-10
1usorm2,sixers,1783692533,"“And now it’s pretty clear they (Golden State) were being used as leverage as LeBron goes back to Cleveland… the Cleveland thing is done,” - Bill Simmons on LeBron’s free agency sweepstakes",Just like the 76ers too. It’s all leverage and drama fodder for a documentary.,29,51,/r/sixers/comments/1usorm2/and_now_its_pretty_clear_they_golden_state_were/,2026-07-10
1usn5yx,sixers,1783688753,"[McMenamin] “Sources told ESPN that LeBron James is still in the process of absorbing the pertinent information of every suitor with one source saying there is ""no timetable.” He has spent the past few weeks with family and friends enjoying vacation and time on the golf course, in no rush to decide”",Day X of corny LeBron using our team as B-Roll for his documentary. Just sign with Cleveland already ,124,92,/r/sixers/comments/1usn5yx/mcmenamin_sources_told_espn_that_lebron_james_is/,2026-07-10
1usmyx7,sixers,1783688302,LeBron Please Come to Philly,,6,1,/r/sixers/comments/1usmyx7/lebron_please_come_to_philly/,2026-07-10
1us7mql,sixers,1783641835,What the Sixers pitch to Lebron should be…,No player in the NBA has won championships with 4 different teams.  The Sixers give Lebron the best chance at becoming the first player in league history to win championships with 4 different teams.  He could possibly get to 6 rings matching Jordan but then cement his legacy as a franchise altering player by coming to the Sixers and winning a championship.  This would be my pitch to Lebron if I was the Sixers GM.,58,22,/r/sixers/comments/1us7mql/what_the_sixers_pitch_to_lebron_should_be/,2026-07-10
1us93av,nba,1783645709,"“And now it’s pretty clear they (Golden State) were being used as leverage as LeBron goes back to Cleveland… the Cleveland thing is done,” - Bill Simmons on LeBron’s free agency sweepstakes","This is from the most recent episode:

“And now it’s pretty clear they (Golden State) were being used as leverage as LeBron goes back to Cleveland… the Cleveland thing is done,” ",2168,435,/r/nba/comments/1us93av/and_now_its_pretty_clear_they_golden_state_were/,2026-07-10
1usp0q7,sixers,1783693099,"If LeBron comes to Philly, I will have a hard time supporting it because of the Israel comments.","Listen I get it. The idea of the GOAT coming to play in Philly sounds incredible. No doubt he’d be a great fit basketball wise and give us a really good chance to win a championship. BUT, I keep coming back to the Israel comments. 

“Heard nothing but good things” - LeBron taking about Israel 

Nothing but good things ?!? Israel is probably the one country on earth you cannot say you’ve heard nothing but good things. God knows LeBron, our team, and the whole nba monopoly probably support israel finically and in other ways that aren’t as obvious. Yet still that public comment LeBron is so painfully ignorant. I assume that’s probably what the powers at be told him to say but damn like is there no consciousness at all. It’s a slap in the face to Palestinians of which I’m sure there are Palestinian Sixers fans. To see LeBron comment so ignorantly on a country that has committed such PUBLIC atrocities is disgraceful. 

I’d be interested to hear if any other sixer fans had similar feelings. My assumption is that the majority of the fan base doesn’t care but I think it’s relevant. ",0,25,/r/sixers/comments/1usp0q7/if_lebron_comes_to_philly_i_will_have_a_hard_time/,2026-07-10
1uskhah,nba,1783681542,"[McMenamin] “Sources told ESPN that LeBron James is still in the process of absorbing the pertinent information of every suitor with one source saying there is ""no timetable.” He has spent the past few weeks with family and friends enjoying vacation and time on the golf course, in no rush to decide”","Source: https://www.espn.com/nba/story/\_/id/49318587/teams-sending-recruiting-voice-notes-lebron-james-via-rich-paul

Sources told ESPN's Shams Charania on Thursday that Rich Paul, James' agent and the CEO of Klutch Sports, has facilitated team executives in selling their vision to him by sending a voice note for James via Paul.

Bob Myers, the president of Harris Blitzer Sports & Entertainment, which owns the Philadelphia 76ers, took the option one step further Wednesday by appearing on the ""Game Over"" podcast with Paul and co-host Max Kellerman to espouse the Sixers' merits.

A few other teams, sources told Charania, have had their owner, or president, or general manager record a voice memo.  
It is unclear whether the Cleveland Cavaliers and Miami Heat have been involved in the practice, as James already has intimate familiarity with both franchises having played for them in the past

**Sources told ESPN that James is still in the process of absorbing the pertinent information of every suitor, with one source saying there is ""no timetable"" for the 41-year-old veteran to make his decision.**

**James has spent the past few weeks with family and friends enjoying vacation and time on the golf course, in no rush to decide.**",331,331,/r/nba/comments/1uskhah/mcmenamin_sources_told_espn_that_lebron_james_is/,2026-07-10
1usxar8,nba,1783710995,Posted by LeBron on his Instagram Story today. Going to the Wolves?,[removed],1,1,/r/nba/comments/1usxar8/posted_by_lebron_on_his_instagram_story_today/,2026-07-10
1ut1uh2,nba,1783721415,Is LeBron officially not going to the Miami Heat?,"Bam Adebayo’s thuggish actions may have just cost the Heat LeBron James. LeBron has never been in trouble once in his storied career and typically hangs around a good crowd, so its hard to imagine that he’d team up with Bam knowing that he’s a violent criminal.

  
It’s a shame, Bam had us fooled thinking that he was a family oriented nice guy, be he’s just another criminal disguised as a pro athlete! The Heat should look into cutting him from the team to save face here.  ",0,13,/r/nba/comments/1ut1uh2/is_lebron_officially_not_going_to_the_miami_heat/,2026-07-10
1ut234n,nba,1783721984,"9 years ago, LeBron almost got suspended in the playoffs for alcoholism",,1,0,/r/nba/comments/1ut234n/9_years_ago_lebron_almost_got_suspended_in_the/,2026-07-10
1ut1qd2,nba,1783721136,[ESPN - Marks/Windhorst] LeBron James' free agency market: What six teams can offer him,"For the first time since 2018, LeBron James is available in free agency.



James informed the Los Angeles Lakers last month that he intends to play his 24th NBA season elsewhere, ending his eight-year run with the franchise. The 41-year-old is now an unrestricted free agent, coming off a season in which he averaged 20.9 points, 7.2 assists and 6.1 rebounds on 51.5% shooting. In other words: James can still help a team, which is exactly what he intends to do.



James wants to play ""meaningful, competitive basketball"" at his next stop, a source familiar with James' thinking told ESPN's Dave McMenamin. James' agent, Rich Paul, said last week that he had spoken to 27 teams about him, including the Cleveland Cavaliers, Golden State Warriors and Miami Heat.



What could the most appealing teams offer to James -- both on and off the court? And if money isn't his top priority, could he instead join a contender and be a role player for a chance at his fifth NBA title?

  
[https://www.espn.com/nba/story/\_/id/49301354/lebron-james-2026-free-agency-market-offers-contract-money-team](https://www.espn.com/nba/story/_/id/49301354/lebron-james-2026-free-agency-market-offers-contract-money-team)",10,36,/r/nba/comments/1ut1qd2/espn_markswindhorst_lebron_james_free_agency/,2026-07-10
1uszm4l,nba,1783716224,LeBron James Next Destination,"My sources tell me LeBron’s daughter is touring a school in Philadelphia on the main line. With Windy’s latest report it only seems a matter of time before LeBron sends his talents to Philly. 

The fit with Philly is pretty good, although I wonder if LeBron will transition into more of a playmaker instead of a scorer. ",0,4,/r/nba/comments/1uszm4l/lebron_james_next_destination/,2026-07-10
1usz7xd,nba,1783715325,[Highlight] Luke Kornet has a new blog post and it came with a voice memo pitch to LeBron 😭,,298,47,/r/nba/comments/1usz7xd/highlight_luke_kornet_has_a_new_blog_post_and_it/,2026-07-10
1usxb94,nba,1783711025,Lebron to Clippers?,"It's starting to feel like the summer of 2019 when Kawhi kept on ""deciding"" to stall time for the Clippers to lineup a trade for PG. Clippers have like 35 mil in cap space? Cavs heat sixers can only offer minimal to MLE? Plus he won't actually need to move. Clippers also have a lot of 1sts and tradeable contacts that they can flip for another star during the season.",0,37,/r/nba/comments/1usxb94/lebron_to_clippers/,2026-07-10
1useua4,nba,1783662558,One minute of Curry Cooking Lebron,,0,27,/r/nba/comments/1useua4/one_minute_of_curry_cooking_lebron/,2026-07-10
1usyzdx,nba,1783714790,LEAKED: Spurs’ Voice Memo Free Agency Pitch Sent to LeBron James,,4439,328,/r/nba/comments/1usyzdx/leaked_spurs_voice_memo_free_agency_pitch_sent_to/,2026-07-10
1usvyjt,nba,1783708131,Why do people assume a team is going to sign LeBron?,[removed],1,0,/r/nba/comments/1usvyjt/why_do_people_assume_a_team_is_going_to_sign/,2026-07-10
1ustyxi,nba,1783703911,"If whatever team LeBron joins this season doesn't do well, the documentary will be boring.","Would anyone care to watch a documentary on the Steve Nash, Dwight Howard and Kobe Lakers? Would anyone watch the last dance if it was about MJs final season with the wizards? A documentary about Kobe's final season would be boring too besides his final game. 

A lebron career documentary would be awesome. A documentary about this season if he doesn't do well wouldn't ",0,60,/r/nba/comments/1ustyxi/if_whatever_team_lebron_joins_this_season_doesnt/,2026-07-10
1usscye,nba,1783700449,Breaking News: LeBron James Signing,[deleted],1,0,/r/nba/comments/1usscye/breaking_news_lebron_james_signing/,2026-07-10
1uss1wl,nba,1783699792,"[Vardon] “The quick response by the Lakers in free agency, mere hours after the LeBron bombshell dropped, led some league sources to question how much the Lakers, who are now firmly entrenched in the Luka Doncic era, were prepared to offer LeBron James to return.”","Source: https://www.nytimes.com/athletic/7435528/2026/07/09/lebron-james-decision-rich-paul-podcast-what-were-hearing/

Because the Lakers renounced their rights to James as a free agent, his next contract will be limited by the league’s salary cap. There is no longer a sign-and-trade scenario available with the Lakers. None of the finalists cited by Paul have cap space, so James can either earn the nontaxpayer midlevel exception to the salary cap (about $16 million), the taxpayer midlevel exception (about $6 million) or the veteran’s minimum (about $4 million for a player with James’ years of service).

Paul said money would not be a factor in James’ decision, as he is worth more than $1 billion according to Forbes Magazine. For someone of his wealth, the difference in salaries available to him is negligible.

If he didn’t retire — which was on the table after his 23rd season ended in a second-round sweep of the Lakers by the Oklahoma City Thunder — NBA executives widely expected James to return to L.A. for a significantly higher salary than is currently available to him. Those opinions began to change when news broke on June 29 that the Warriors’ Draymond Green, a friend of James who is also represented by Paul, declined his $27 million option to return to Golden State. The prevailing thought is that he did so to give the Warriors the flexibility to sign James and perhaps trade for Anthony Davis.

The following day, Paul said he informed the Lakers on James’ behalfthat he would not return to them, a stunning announcement that set the league ablaze with anticipation as to where James might finish his career.

**And then on July 1, the first full day of free agency, the Lakers executed four moves and spent the entirety of the $52 million in cap space taken up by James’ salary last season. They agreed to a sign-and-trade deal with restricted free agent center Walker Kessler (four years, $130 million) and to new contracts with free agents Quentin Grimes, Sandro Mamukelashvili and Collin Sexton.**

**The quick response by the Lakers in free agency, mere hours after the LeBron bombshell dropped, led some league sources to question how much the Lakers, who are now firmly entrenched in the Luka Dončić era, were prepared to offer James to return.**

By far the biggest move made by a potential James destination since June 30 was the Sixers’ trade of Paul George and two first-round picks to the Boston Celtics for Jaylen Brown. The Cavaliers made a massive splash Tuesday by coming to an agreement on a four-year, $273 million extension with Donovan Mitchell, which guarantees stability in Cleveland for the length of any contract James might sign. James Harden, a Cavs free agent, is waiting to sign a multiyear deal with Cleveland until the team no longer needs the flexibility to make a move like signing James. Green also continues waiting to re-sign until the Warriors no longer need any room to maneuver.",0,82,/r/nba/comments/1uss1wl/vardon_the_quick_response_by_the_lakers_in_free/,2026-07-10
1uspr52,nba,1783694758,LeBron Cavs vs 76ers,"In my opinion LeBron either goes home back to Cleveland to finish his legacy or takes his best chance to win another title with the 76ers. Warriors lack the depth to be a contender and Heat have Giannis and Bam but are also coming up short on the roster as a whole. LeBron left Miami on back to back championships, and that’s how he’ll be remembered for his Heat era. I wouldn’t want to mess up that storyline in the history books. He did what he came to do in Miami and then he moved on.

There’s no better way to finish his career than to go home. But Cavs made sh\*t complicated with the James Harden trade. Can this be salvaged? A sign and trade? Free agency? Harden and Bron are not a good fit. Harden is not a good fit in general. But there are plenty of pieces in Cleveland, even if this rides out until the trade deadline, Cavs are a few steps away from a stellar roster.

On the other hand, the black horse is the 76ers. The Jaylen Brown trade could change EVERYTHING.  Embiid’s often injured but he’s averaged more games per season than Anthony Davis. LeBron, Maxey, Brown, Edgecombe and Embiid. This sounds like the starting 5 to an all star game.

It all comes down to what LeBron values more. Chasing the championship or retiring a Cav. Yes the Cavs can still get there but if we’re talking probability and current rosters this is the decision facing him. Where does he want his son when he retires? Can he envision a scenario at the trade deadline to get the extra boost the Cavs will need?

There’s no right or wrong answer. He’s the artist with the paintbrush. But my betting money’s on the Cavs. He has the influence to help shape the roster, and had he known the last time he left Cleveland he’d be coming back to a team this good I think he’d be pleased. Also if it was easy people would say “oh it was handed to him”. LeBron’s genius is not just playing the game itself but also in his leadership and IQ. His versatility will allow flexibility in the starting lineup.

I’d let Harden go. Not because he’s not talented, but this fit isn’t going to be successful in the playoffs. I’d keep Schroder and Strus. Unless of course there’s an upgrade available. Def would go after Trey Murphy. Explore the best free agents available Watson, DeMar, DRAYMOND. Bruce brown.

Whatever choice he makes, I hope he makes it soon. So he can get to building.",0,44,/r/nba/comments/1uspr52/lebron_cavs_vs_76ers/,2026-07-10
1usot03,nba,1783692620,LeBron watch 2026,,1,1,/r/nba/comments/1usot03/lebron_watch_2026/,2026-07-10
1usx30m,nba,1783710521,"[97.5 The Fanatic] Dave McMenamin Says That LeBron Wants To Be Celebrated And Accepted At His Next Destination : “He wants to win another championship. I have talked to him about it at nauseam since 2020. Also, he is a guy who likes being liked. He likes being accepted and celebrated..""",,3,149,/r/nba/comments/1usx30m/975_the_fanatic_dave_mcmenamin_says_that_lebron/,2026-07-10
1utqsob,nba,1783792340,I just finished rewatching the 2017 finals and I dont think I've ever seen anyone talk about how shockingly bad LeBron's defense was in the series,"Most of the time I was left in utter shock in how easily Durant was able to score over him and blow by him. He couldn't guard a shadow out there. I don't remember it being this bad when I watched live and dont remember it being a big story, but he was easily one of the worst defenders on the court which is the complete opposite of the 2016 finals",0,118,/r/nba/comments/1utqsob/i_just_finished_rewatching_the_2017_finals_and_i/,2026-07-11
1ut96kr,sixers,1783741319,Hot take on the sixers LeBron pitch!,"Don’t even try to apply logic. Rip a page from Morgan Freeman’s character Red in Shawshank Redemption and just tell him there’s no fucking way he’s signing with us. He didn’t last time and he won’t now so he should just go do whatever he’s going to do.

A little reverse psychology. 

Anyway, I’ll see myself out.",0,20,/r/sixers/comments/1ut96kr/hot_take_on_the_sixers_lebron_pitch/,2026-07-11
1utx5tg,nba,1783807680,2012-13 LeBron is the greatest basketball specimen ever,,0,26,/r/nba/comments/1utx5tg/201213_lebron_is_the_greatest_basketball_specimen/,2026-07-11
1utw2vl,nba,1783804889,"Rich Paul on LeBron James: ""He's not chasing a ring... He's not chasing a ghost.""",,82,197,/r/nba/comments/1utw2vl/rich_paul_on_lebron_james_hes_not_chasing_a_ring/,2026-07-11
1utv8kg,nba,1783802803,"If you’re LeBron and someone went back in time and told you if you sign with the Lakers, you will win one championship (one that will be criticized by many as illegitimate) and a few playoff series, would you still sign there?",[removed],1,0,/r/nba/comments/1utv8kg/if_youre_lebron_and_someone_went_back_in_time_and/,2026-07-11
1utpnfn,nba,1783789745,Brian Windhorst says he’s hearing that LeBron signing with a team other than Cleveland is a done deal.,,1,1,/r/nba/comments/1utpnfn/brian_windhorst_says_hes_hearing_that_lebron/,2026-07-11
1ut9gkv,nba,1783742175,Report: LeBron James to Cleveland is ‘Done’,,1,1,/r/nba/comments/1ut9gkv/report_lebron_james_to_cleveland_is_done/,2026-07-11
1uthw31,nba,1783770252,"Lakers legend and five-time NBA champion Derek Fisher: ""A lot of people in LA didn't love LeBron's time here.""",,0,109,/r/nba/comments/1uthw31/lakers_legend_and_fivetime_nba_champion_derek/,2026-07-11
1utaahq,nba,1783744698,Lebron Poses With a Pic of His WOLF Brand Tequila,,1,1,/r/nba/comments/1utaahq/lebron_poses_with_a_pic_of_his_wolf_brand_tequila/,2026-07-11
1ut6klw,nba,1783733651,[Luke Kornet] Voice memo pitch to LeBron James,,29,10,/r/nba/comments/1ut6klw/luke_kornet_voice_memo_pitch_to_lebron_james/,2026-07-11
1utnpep,nba,1783785178,"12 years ago, a web developer predicted LeBron James next move by inspecting his website 👀",[removed],1,1,/r/nba/comments/1utnpep/12_years_ago_a_web_developer_predicted_lebron/,2026-07-11
1uthae3,nbadiscussion,1783768408,2018 LeBron is not the best LeBron,[removed],1,2,/r/nbadiscussion/comments/1uthae3/2018_lebron_is_not_the_best_lebron/,2026-07-11
1uua46v,nba,1783846425,The fact that LeBron made 8 straight finals isn’t talked about enough,"With the era of parity, and the fact that the league hasn’t even had a team go back to back let alone make it the the finals two years in a row from 2019-2026. That’s 8 years that a team has not had a back to back finals appearance.

Contrast that to LeBron, from 2011 - 2018 LeBron went to 8 straight finals. Just the fact that he went to 8 straight finals regardless of the teams he did it with is impressive alone, we’ve seen in this league with injuries playing a massive part in how a team can perform, that LeBron has never missed a playoff game in his entire career.

On average throughout those 8 years LeBron played 74 games in the regular season while leading the league in minutes for 2 of those seasons. During those 8 years in the post season he averaged 21 games a season. That means for 8 years straight Lebron’s average season length was not 82 games, it was at an average of 95 games a year. And yet in his entire career he has not missed a single playoff game. 

I’m a Jordan fan, but I think that 8 seasons straight of LeBron going to the finals is his best achievement and the most physically impressive. ",0,40,/r/nba/comments/1uua46v/the_fact_that_lebron_made_8_straight_finals_isnt/,2026-07-12
1uu8bf7,nba,1783840156,why is LeBron not considering the Spurs??,[removed],1,0,/r/nba/comments/1uu8bf7/why_is_lebron_not_considering_the_spurs/,2026-07-12
1uuue5x,nba,1783897401,LeBron is loving the new GloRilla it seems...,[removed],1,1,/r/nba/comments/1uuue5x/lebron_is_loving_the_new_glorilla_it_seems/,2026-07-12
1uu1dae,nba,1783818862,“I wouldn’t be surprised if Kevin Love is considered as a plus 1 to any team that acquires LeBron James.”,[removed],1,1,/r/nba/comments/1uu1dae/i_wouldnt_be_surprised_if_kevin_love_is/,2026-07-12
1uu1cr7,nba,1783818816,[Fischer] “I wouldn’t be surprised if Kevin Love is considered as a plus 1 to any team that acquires LeBron James.”,,1,1,/r/nba/comments/1uu1cr7/fischer_i_wouldnt_be_surprised_if_kevin_love_is/,2026-07-12
1uuedba,nba,1783859927,"On March 26, 2025, LeBron James tipped in a missed shot at the buzzer to secure a 120–119 road victory against the Pacers, marking his first ever game-winning buzzer-beater in a Lakers uniform.",,1,1,/r/nba/comments/1uuedba/on_march_26_2025_lebron_james_tipped_in_a_missed/,2026-07-12
1uu6clu,nba,1783833742,"LeBron James had his lowest TS% (55%)since 2008 this playoffs, and he had his career lowest playoff ppg 23.2. In the regular season he tied his lowest career PPG which was in his rookie season 20.9 Pts.","LeBron James this year has rapidly declined in nearly every advanced metric. From l win shares, EPM, DBPM, VORP, PER, DARKO, RAPM. However just because they were able to beat the rockets this is overlooked and he’s looked as a saviour for championship contending teams to run potentially as their 2nd option him and his agent have hinted in saying he isn’t and wouldn’t like to be a 3rd option.

\[Source\](https://www.espn.co.uk/nba/player/stats/\_/id/1966/lebron-james)",0,119,/r/nba/comments/1uu6clu/lebron_james_had_his_lowest_ts_55since_2008_this/,2026-07-12
1uueuvo,nba,1783861225,"If Paul George, Chris Paul, LeBron James and James Harden had ever teamed up, their first and last names on the team sheet would read out their full names.","Example with first names:  
   
Chris   
Paul   
LeBron   
James

Example with last names:

Paul   
George   
James   
Harden ",9765,265,/r/nba/comments/1uueuvo/if_paul_george_chris_paul_lebron_james_and_james/,2026-07-12
1uuhelb,nba,1783867488,LeBron free agency we have never witness a player this old wanted by so many teams 😂,"You can argue Jordan or LeBron, but if we're putting rings aside for a second—because basketball is a team sport—this offseason says a lot.

LeBron is 41 years old, and according to his agent, Rich Paul, 10–12 teams reached out about signing him. He even said teams from around the league have called with excitement about the possibility of LeBron playing for them.

Think about that. Has there ever been another player in NBA history who, at 41 years old, had this many teams trying to recruit him? Even team executives, owners, and players have been publicly making pitches for him this offseason.

You don't have to call LeBron the GOAT, but it's hard to ignore that no player this late in their career has ever been this wanted around the league.

And before anyone says I'm a LeBron fan—I'm not. I just think this is one of the strongest arguments in his favor that people overlook.",0,82,/r/nba/comments/1uuhelb/lebron_free_agency_we_have_never_witness_a_player/,2026-07-12
1uuikrk,nba,1783870197,"LeBron IS NOT waiting on the WC to end, he (and the ownership groups that are courting him) are waiting on the Aspiration ruling.","If the ruling comes down and essentially says - ""Look, we all know what they did, but we need absolute proof beyond proof in order to avoid a brutal court battle so we can't justify punishing them"" it will have basically written the playbook on how to circumvent the cap. 

Even if LeBron has already chosen Cleveland, his official NBA contract number (and the Cavs ability to build around him) will be a direct result of this ruling. Watch him take a vet min and have Dan Gilbert basically dare Adam to find proof of however he's paying LeBron under the table.",4934,584,/r/nba/comments/1uuikrk/lebron_is_not_waiting_on_the_wc_to_end_he_and_the/,2026-07-12
1uuju2l,nba,1783873051,Do you think the secret team that Windhorst illudes to for LeBron is the T-Wolves?,"They have a good defense.    
Traded Julius Randle, so LeBron would for more smoothly. 

I do think the lack of games played LaMelo would make him re think it.  ",0,83,/r/nba/comments/1uuju2l/do_you_think_the_secret_team_that_windhorst/,2026-07-12
1uu1b6x,sixers,1783818692,[Fischer] “I wouldn’t be surprised if Kevin Love is considered as a plus 1 to any team that acquires LeBron James.”,,1,0,/r/sixers/comments/1uu1b6x/fischer_i_wouldnt_be_surprised_if_kevin_love_is/,2026-07-12
1uuivbn,nbadiscussion,1783870877,"Now that LeBron is leaving the Lakers, where do you think he ends up next?",[removed],1,2,/r/nbadiscussion/comments/1uuivbn/now_that_lebron_is_leaving_the_lakers_where_do/,2026-07-12
1uul401,nba,1783875909,LeBron to have a slew of nicknames open up needs one last conquest,"Pitch for LeBron. You’ve won in the NE (Ohio), SE (Florida), and SW (Cali). The final place to help win would naturally be the NW. Which means, Portland! Then, he would go from legend to myth.",0,18,/r/nba/comments/1uul401/lebron_to_have_a_slew_of_nicknames_open_up_needs/,2026-07-12
1uumu2e,nba,1783879698,LeBron to GS? I’d love it.,[removed],1,0,/r/nba/comments/1uumu2e/lebron_to_gs_id_love_it/,2026-07-12
1uuruul,nba,1783891116,"[Bondy] The Miami Heat is the team to watch for Russell Westbrook, but he will not sign there if LeBron goes to Miami","Everybody is awaiting The Decision 2.0 from LeBron James — including another future Hall of Famer on the market.

According to a league source, Russell Westbrook is a candidate to join the Heat but not if LeBron signs in Miami.

Westbrook, 37, is a diminished version of his former MVP self but still averaged 15.2 points over 64 games last season with the Kings.

James, meanwhile, is sifting through his options in free agency. Miami, Cleveland and Philadelphia are considered the front-runners.

Westbrook and James were teammates with the Lakers for 1 ½ seasons and struggled, winning just 33 games and falling to 11th in the West in 2021-22.

Source: https://npost.com/2026/07/12/sports/knicks-tyler-nickel-already-showing-his-3-point-prowess/",1,0,/r/nba/comments/1uuruul/bondy_the_miami_heat_is_the_team_to_watch_for/,2026-07-12
1uurvxs,nba,1783891190,"Yaxel to LeBron: ""I know you don't like rookies that much, but I'm not the average rookie and I would love to learn under you. So if you're looking to play with the greatest shooter of all time and a close friend of yours, Draymond, it would be great to come to the Warriors and we'll be glad to have",,2759,291,/r/nba/comments/1uurvxs/yaxel_to_lebron_i_know_you_dont_like_rookies_that/,2026-07-12
1uurwjc,nba,1783891228,"[Bondy] Russell Westbrook is a candidate to join the Heat, but not if LeBron James signs with Miami","Everybody is awaiting The Decision 2.0 from LeBron James — including another future Hall of Famer on the market.

According to a league source, Russell Westbrook is a candidate to join the Heat but not if LeBron signs in Miami.

Westbrook, 37, is a diminished version of his former MVP self but still averaged 15.2 points over 64 games last season with the Kings.

James, meanwhile, is sifting through his options in free agency. Miami, Cleveland and Philadelphia are considered the front-runners.

Westbrook and James were teammates with the Lakers for 1 ½ seasons and struggled, winning just 33 games and falling to 11th in the West in 2021-22.

Source: https://npost.com/2026/07/12/sports/knicks-tyler-nickel-already-showing-his-3-point-prowess/",338,278,/r/nba/comments/1uurwjc/bondy_russell_westbrook_is_a_candidate_to_join/,2026-07-12
1uuve6n,nba,1783899998,LeBron James 1997 Shooting Stars AAU Game Highlights| Full Game Stats,,15,3,/r/nba/comments/1uuve6n/lebron_james_1997_shooting_stars_aau_game/,2026-07-12
1uusia0,nba,1783892712,"If Lebron and Lamelo switched the first initial of their first names, they would have the same name",[removed],1,0,/r/nba/comments/1uusia0/if_lebron_and_lamelo_switched_the_first_initial/,2026-07-12
1uusm12,nba,1783892961,"[SiriusXM NBA Radio] Cavs Head Coach Kenny Atkinson on LeBron's return to Cleveland: “Exciting time for us. We’re in the mix for the greatest player of all time, in my personal opinion. It’s exciting right. I think you’re nervous.”",,323,116,/r/nba/comments/1uusm12/siriusxm_nba_radio_cavs_head_coach_kenny_atkinson/,2026-07-12
1uveuhm,nba,1783956661,LeBron James Bag Work but only in his 1st Cavs Era,,13,33,/r/nba/comments/1uveuhm/lebron_james_bag_work_but_only_in_his_1st_cavs_era/,2026-07-13
1uvb2bw,nba,1783948029,Someone named “Michael Pina” seems to have hacked theringer.com to post his feverish fanfic about Nikola Jokic and LeBron James.,[removed],222,81,/r/nba/comments/1uvb2bw/someone_named_michael_pina_seems_to_have_hacked/,2026-07-13
1uvakkp,nba,1783946793,Question for the fans who saw Lebron come into the league in 2003. Did you expect him to be this good for this long?,Basically title. When LeBron came into the league I remember him having a ton of hype around how young and good he was but did anyone think he would be playing till his early 40s back then? Obviously conditioning and training was different at the time compared to now but wanted to hear some thought on that ,0,120,/r/nba/comments/1uvakkp/question_for_the_fans_who_saw_lebron_come_into/,2026-07-13
1uuy79h,nba,1783907701,"[Highlight] DeMarcus Cousins interview during the live game.
He says he wants to see LeBron in Minnesota.
Will Riley hits a big 3",,87,20,/r/nba/comments/1uuy79h/highlight_demarcus_cousins_interview_during_the/,2026-07-13
1uv5ruq,nba,1783931905,"Ray Allen tells young fan LeBron can never be in consideration for GOAT because he cannot dribble, shoot 3’s, or free throws",,2414,1379,/r/nba/comments/1uv5ruq/ray_allen_tells_young_fan_lebron_can_never_be_in/,2026-07-13
1uv4ejp,nba,1783927025,LeBron's free agency as a case study in how news gets made,"**TLDR: Nearly every LeBron “report” this offseason is exemplary of how our sports media system works as designed: to function as mouthpieces for negotiators, and to retain our attention for the sake of generating clicks. All of this is true for non-sports news media as well; sports is just where the machinery is particularly easy to see.**

I love the NBA offseason. It's one of my favorite distractions from the rest of the world. It also feels absurd to be complicit in giving attention to media companies that have little to offer, yet demand our attention and dictate our discourse. And the current news cycle about LeBron’s free agency is a clean example of things media critics have written about for over a century. (Since I started writing this up, someone made [a good related post](https://www.reddit.com/r/nba/comments/1utd89g/psa_nba_journalists_are_misusing_anonymous_sources/) from the journalist's perspective, and I think the theorists referred to here can help explain the phenomenon he was pointing out.)

Some of the current cycle so far:

1. Rumors of the Warriors' pursuit of LeBron go back to the [2024 trade deadline](https://www.espn.com/nba/story/_/id/39523705/sources-warriors-made-bid-lebron-james-trade-deadline), through to the [2025 offseason](https://www.cbssports.com/nba/news/warriors-have-called-lakers-about-lebron-james-trade-multiple-times-in-last-18-months-per-report/), then [this year's trade deadline](https://bleacherreport.com/articles/25366943-new-warriors-rumors-pursuit-lebron-james-contract-giannis-trade-nba-offseason), and now into [the offseason](https://sports.yahoo.com/articles/warriors-believe-now-front-runners-034337234.html).
2. Reports come out that Golden State wants to [trade for AD to form a new big four](https://www.reddit.com/r/nba/comments/1uif48c/oconnor_the_warriors_are_attempting_to_trade_for/) — ""evidence"" for the favorite status.
3. The Wizards immediately leak that [they are not interested](https://www.reddit.com/r/nba/comments/1uk1gz7/spears_the_washington_wizards_are_not_interested/) in trading AD.
4. Rich Paul draws up a [whiteboard](https://www.espn.com/nba/story/_/id/49259789/agent-lebron-eyeing-host-teams-including-heat-cavs-76ers) of the teams LeBron could choose from, advantages and disadvantages listed out.
5. He then hosts the 76ers owners on his podcast, and the ""news"" is that [LeBron is ""considering"" his team](https://sports.yahoo.com/nba/article/lebron-james-reportedly-taking-76ers-pitch-really-seriously-bob-myers-says-philly-gives-him-best-chance-to-win-221444580.html).
6. Shams ""reports"" that [""he thinks that the Warriors believe""](https://www.reddit.com/r/nba/comments/1umfq1s/charania_warriors_are_not_the_top_team_on_lebrons/) they are now NOT at the top of LeBron's list.

Almost every one of those stories traced back to a (often anonymous) source who is either a front office person or someone in a player's camp. And everything that gets leaked by a front office or an agent is leaked for a reason: to manipulate a situation toward their benefit. Historian Daniel Boorstin labeled this in 1962 as a [""pseudo-event""](https://www.columbia.edu/itc/journalism/j6075/edit/boor.html): an event ""planted primarily (not always exclusively) for the immediate purpose of being reported or reproduced,"" i.e. something staged for no purpose other than to be reported. The above reports are pseudo-events in their purest form. They aren't just peeks behind the curtain; they're negotiating tactics — leaked to advance an agenda, covered as breaking news, and thereby broadcast to front offices and agents all at once.

What insiders report is usually accurate in at least a narrow sense: *that source did say a version of that thing*. But the problem is structural. An insider's whole career depends on access, and access depends on relationships with the exact agents and executives whose messaging they're passing along. You can't call out a self-serving leak without losing the source. So the job, functionally, becomes transcribing other people's negotiating tactics. One team's front office person or one player's agent says one thing to one ""journalist"" and every ""analyst"" runs their mouth talking it to death, because they have segments to fill and bills to pay. It's not a character flaw of the reporters — it's the incentive at work. Herman and Chomsky called this the sourcing filter in [*Manufacturing Consent* (1988)](https://dn760104.eu.archive.org/0/items/pdfy-NekqfnoWIEuYgdZl/Manufacturing%20Consent%20%5BThe%20Political%20Economy%20Of%20The%20Mass%20Media%5D.pdf):

>The mass media are drawn into a symbiotic relationship with powerful sources of information by economic necessity and reciprocity of interest. The media need a steady, reliable flow of the raw material of news. They have daily news demands and imperative news schedules that they must meet. They cannot afford to have reporters and cameras at all places where important stories may break. Economics dictates that they concentrate their resources where significant news often occurs, where important rumors and leaks abound, and where regular press conferences are held.

(Their title is lifted from Walter Lippmann's 1922 book, [*Public Opinion*](https://www.gutenberg.org/ebooks/6456): ""That the manufacture of consent is capable of great refinements no one, I think, denies."")

As many of us acutely feel, media companies don't simply base the ""news"" on what's happening in the world. They decide based on what will hold our attention while ads get served to us — Herman and Chomsky's advertising filter. (This complaint is old enough that Upton Sinclair wrote a book in 1919 about advertiser-captured journalism, called [*The Brass Check*](https://msuweb.montclair.edu/~furrg/hj/sinclairtbc.pdf): ""When you read your daily paper, are you reading facts, or propaganda? And whose propaganda? Who furnishes the raw material for your thoughts about life? Is it honest material?"") The LeBron rumor mill is peak content by that measure: infinitely renewable, zero accountability (nobody's leak ever gets fact-checked after the decision is made), and an audience that's emotionally invested. When news coverage is determined by what sells ads, you don't really have a free press. And when the products we see and buy are determined by who can afford the ads and the distribution, you don't really have the free market that capitalism promises either. (Who has the money to purchase those ads and distribute those products? People who have ""worked the hardest""? Lol.)

None of this is unique to sports — it's the same cycle actual news runs on, which is part of why the news feels the way it feels, and why our collective picture of the world is so warped. And this machinery is clearly exhibited in sports media: Sut Jhally coined the term [""sports/media complex""](https://journals.sagepub.com/doi/10.1177/089692058401200304) in 1984 for exactly this fusion of leagues, media companies, and advertisers into a single attention business. The stakes are low enough that nobody involved bothers hiding it — there are no repercussions for manipulating news to your own benefit, in fact it's part of how you succeed as a front office person, an agent, or a player. And performing (and generating) emotional reactions is a way to make a living as an ""analyst"" when you don't have much else going for you (see: Stephen A. Smith).

Not every reporter is a fraud! There are incredible journalists out there (in sports included — see: Pablo Torre). But they succeed in spite of this system, constantly fighting against it in order to do their jobs with integrity.

Anyway, there are way worse things to give your attention to than empty sports rumors — I personally prefer refreshing [r/nba](https://www.reddit.com/r/nba/) rather than feeding my other social media addictions. I just think it's worth us continually acknowledging, investigating, critiquing etc. how it happens.

**AI Disclaimer: I used AI (Claude) to help improve my writing for clarity and conciseness and to help me aggregate sources. All of the links provided were manually vetted and embedded.**

Further reading:  
\- Upton Sinclair, [The Brass Check (1919)](https://gutenberg.org/ebooks/64657)  
\- Walter Lippmann, [Public Opinion (1922)](https://www.gutenberg.org/ebooks/6456)  
\- Daniel Boorstin, [The Image (1962)](https://www.columbia.edu/itc/journalism/j6075/edit/boor.html)  
\- Sut Jhally, [""The Spectacle of Accumulation: Material and Cultural Factors in the Evolution of the Sports/Media Complex"" (1984)](https://journals.sagepub.com/doi/10.1177/089692058401200304)  
\- Edward Herman & Noam Chomsky, [Manufacturing Consent (1988)](https://dn760104.eu.archive.org/0/items/pdfy-NekqfnoWIEuYgdZl/Manufacturing%20Consent%20%5BThe%20Political%20Economy%20Of%20The%20Mass%20Media%5D.pdf)  
\- [Manufacturing Consent (1992 Documentary)](https://youtu.be/BQXsPU25B60)  
*- Ancillary text which is not related to sports, per se:* [*Capitalist Realism*](https://dn790002.ca.archive.org/0/items/capitalist-realism-is-there-no-alternative/Capitalist%20Realism_%20Is%20there%20no%20alternativ%20-%20Mark%20Fisher.pdf) *(2009) by Mark Fisher. This text resonated with me and feels relevant because we all see and feel these things happening (in sports and the news media in general), and we can identify the absurdity of it all, yet we're conditioned to feel that it's inevitable and no other way is possible.*",27,10,/r/nba/comments/1uv4ejp/lebrons_free_agency_as_a_case_study_in_how_news/,2026-07-13
1uv47jc,nba,1783926342,What if the NBA used Lebron as its new metric system?,"[Lebron James' official height is listed at 6 Feet 9 inches or 2.06 meters tal](https://www.nba.com/stats/player/2544/career)l. One way the NBA could honor his incredible career to show his impact on the court would be to completely change the way they measure the game after him- here's what it would look like:

* **Court Length:** An NBA court is 94 feet long. Meaning it measures approximately **13.9 LeBrons long**



* **Court Width:** At 50 feet wide, a NBA court spans **7.4 LeBrons wide**.



* **The 3 point Line:** At its furthest point from the basket (23 feet, 9 inches), a straight line to the hoop is **3.5 LeBrons long**.



Some other fun facts:

* Wemby has an official wingspan of exactly **8 feet (2.44 meters)**. Which, in this metric system would equal to **1.17 LeBrons**.



* The official record for the longest made shot in an NBA game belongs to Baron Davis from 89-foot, which would translate into **13.9 Lebrons.**



* Russell Westbrook is regarded as one of, if not all time fastest player with the ball, [with a record of 21.6mph](https://www.espn.com/nba/story/_/id/12588495/no-3-russell-westbrook) which translates into an impressive **4.69 Lebrons per second** 



* The shortest active player in the NBA is Japanese point guard **Yuki Kawamura**, who is officially listed at 5 feet 7 inches tall or **0.83 Lebrons**

  
Personally I think it would be a great way to honor the king- allowing his intangibles to be eternally measured for the rest of time. Please pick a team Lebron I'm begging you.

",87,26,/r/nba/comments/1uv47jc/what_if_the_nba_used_lebron_as_its_new_metric/,2026-07-13
1uv76o3,nba,1783936790,"Shai shares his ball knowledge with his campers, says KD can do everything Steph can but is 7 ft, Kobe is MJ on steroids, and Kobe’s 5 rings make him a better all around player than LeBron",,0,208,/r/nba/comments/1uv76o3/shai_shares_his_ball_knowledge_with_his_campers/,2026-07-13
1uvhgf4,nba,1783962268,2000s LeBron deep 3’s,[deleted],1,0,/r/nba/comments/1uvhgf4/2000s_lebron_deep_3s/,2026-07-13
1uvj8dd,nba,1783966019,LeBron hits the game winner against the young Warriors and hits “the Silencer” celebration,,20,20,/r/nba/comments/1uvj8dd/lebron_hits_the_game_winner_against_the_young/,2026-07-13
1uvi5zo,nba,1783963772,[Highlight] LeBron blocks Ray Allen’s dunk attempt and hits a 3 over Kevin Garnett’s face on the other end,[deleted],1,2,/r/nba/comments/1uvi5zo/highlight_lebron_blocks_ray_allens_dunk_attempt/,2026-07-13
1uvi6ef,nba,1783963796,[Highlight] LeBron blocks Ray Allen’s dunk attempt and hits a 3 over Kevin Garnett on the other end,,62,17,/r/nba/comments/1uvi6ef/highlight_lebron_blocks_ray_allens_dunk_attempt/,2026-07-13
1uvjczt,nba,1783966286,[Highlight] LeBron James gets dunked on by Jordan Crawford in 2009. The footage made waves after Nike confiscated the tape and attempted to scrub it from the internet,,1425,254,/r/nba/comments/1uvjczt/highlight_lebron_james_gets_dunked_on_by_jordan/,2026-07-13
1uvknt7,nba,1783969025,"[Price] Collin: ""He's (LeBron) just leaving every time I arrive...one of the other coaches made the same joke yesterday.""",,1395,30,/r/nba/comments/1uvknt7/price_collin_hes_lebron_just_leaving_every_time_i/,2026-07-13
1uvkw8g,nba,1783969511,"[Fedor] [LeBron James] has a jam-packed schedule this week, with multiple public appearances at Fanatics Fest NYC... James is scheduled to appear Thursday and Friday, with a live recording of his “Mind the Game” podcast at 1:15 p.m. Thursday — the ideal stage for an announcement.","[https://www.cleveland.com/cavs/2026/07/when-will-lebron-james-make-free-agency-decision.html](https://www.cleveland.com/cavs/2026/07/when-will-lebron-james-make-free-agency-decision.html)

---

> The ever-theatrical James, who made it clear — through agent Rich Paul of Klutch Sports — on June 30 that he would not be returning to the Los Angeles Lakers for Season 24, has a jam-packed schedule this week, with multiple public appearances at Fanatics Fest NYC. The star-studded event will be held at the Javits Center in New York.

> James is scheduled to appear Thursday and Friday, with a live recording of his “Mind the Game” podcast at 1:15 p.m. Thursday — the ideal stage for an announcement.

---

> According to the Fanatics Fest schedule of events, James is also set to appear for a live recording of “The Shop” talk show at noon on Friday. Steelo Brim and Travis Bennett will serve as co-hosts with James, Maverick Carter and Novak Djokovic in guest roles.",123,68,/r/nba/comments/1uvkw8g/fedor_lebron_james_has_a_jampacked_schedule_this/,2026-07-13
1uvlc1k,nba,1783970458,"[Charania] The teams that are currently the leading suitors to sign superstar free agent LeBron James: Cleveland, Miami, Golden State, Philadelphia, and Minnesota.",,406,381,/r/nba/comments/1uvlc1k/charania_the_teams_that_are_currently_the_leading/,2026-07-13
1uvlcam,nba,1783970474,[Charania] “It’s decision time for LeBron James because all the information for the most part is in.”,"Shams Charania emphasizes that a LeBron decision is imminent, leading suitors include The Heat, 76ers, Warriors, Cavaliers, and Timberwolves ",3,5,/r/nba/comments/1uvlcam/charania_its_decision_time_for_lebron_james/,2026-07-13
1uvnl8i,nba,1783975267,"Shocking Stat: Over the last 3 seasons, Michael Porter Jr has more 20+ point / 70% TS games than Steph, Lebron, Brunson, Harden, Maxey, Wemby, Luka, Kawhi, Jaylen Brown, Jamal Murray, Devin Booker, Donovan Mitchell and Cade Cunningham","MPJ is coming off a season where he is 13th in offensive EPM. For reference, Donovan Mitchell and Devin Booker are 14th and 15th respectively. Every single player ranked above MPJ is on a max deal (other than Brunson, which was by choice).

Could Brooklyn (or a trade partner) get a steal this offseason by locking up a top 15 offensive player alive on a relative discount?",0,41,/r/nba/comments/1uvnl8i/shocking_stat_over_the_last_3_seasons_michael/,2026-07-13
1uvocfp,nba,1783976921,"[Bondy] According to a league source, Russell Westbrook is a candidate to join the Heat but not if LeBron signs in Miami.",[removed],1,0,/r/nba/comments/1uvocfp/bondy_according_to_a_league_source_russell/,2026-07-13
1uvhhgk,nba,1783962334,2000s LeBron pulling up from deep,[deleted],1,0,/r/nba/comments/1uvhhgk/2000s_lebron_pulling_up_from_deep/,2026-07-13
1uvhhyb,nba,1783962365,[Highlights] 2000s LeBron pulling up from deep,,898,117,/r/nba/comments/1uvhhyb/highlights_2000s_lebron_pulling_up_from_deep/,2026-07-13
1uvin0c,nba,1783964764,"The Standard of Basketball Pantheon: 3 Rings, MVP, Finals MVP. Only 9 Players have done it in history: Kareem, Bird, Magic, Jordan, Shaq, Duncan, Kobe, LeBron, Steph","
It removes old gods Bill Russell and Wilt Chamberlain from the list. Wilt because he doesn't have enough rings, Bill because Finals MVP weren't a thing when he was winning his championships. The award was later named after him. There is definitely a place for him in basketball heaven. I guess this measurement is more applicable for modern basketball, where the 3-point line already exists.

In my opinion, this is a good baseline. Winning regular season MVP shows the player is the best in the league, the highest individual peak in basketball. The highest team peak in basketball is the NBA championship. Winning Finals MVP shows the player was the main carry for his team. Three championships show not only that he can achieve basketball success, but also that he can sustain it -- which is the harder task. High peak and consistent success. That is the measurement to enter basketball pantheon. Put it in simple terms, no geeky analytics, no cherry-picked stats and no complicated numbers. It's merely winning an MVP, a Finals MVP and three NBA championships.

&nbsp;

Here is the complete list of players who have done it:

|Player|MVP|Title|Finals MVP|
|:-|-:|-:|-:|
|Michael Jordan|5|6|6| 55
|Kareem Abdul-Jabbar|6|6|2| 48
|LeBron James|4|4|4| 40
|Magic Johnson|3|5|3| 34
|Tim Duncan|2|5|3| 29
|Larry Bird|3|3|2| 27
|Shaquille O'Neal|1|4|3| 22
|Stephen Curry|2|4|1| 21
|Kobe Bryant|1|5|2| 21

&nbsp;
---
&nbsp;

Now here is a list of players who are an award away:

|Player|MVP|Title|Finals MVP|
|:-|-:|-:|-:|
|**-1 Finals MVP**|
|Bill Russell|5|11| | 47
|Bob Cousy|1|6| | 17
|**-1 Title**|
|Wilt Chamberlain|4|2|1| 27
|Willis Reed|1|2|2| 15
|Hakeem Olajuwon|1|2|2| 15
|Kevin Durant|1|2|2| 15
|Bill Walton|1|2|1| 12
|**-1 MVP**|
|John Havlicek| |8|1|
|Tony Parker| |4|1|
|Andre Iguodala| |4|1|
|Dennis Johnson| |3|1|
|James Worthy| |3|1|
|Dwyane Wade| |3|1|

Bill and Bob would both probably have won a Finals MVP if it were awarded back in their heydays. 

Other than them, those who are a ring away are the closest. Kevin Durant still has a chance to enter the pantheon before he closes his final chapter. He just has to win one more ring before he retires.

Among the other active players, there are Giannis, Jokic and Shai. Each have won league MVP, finals MVP and a ring. They all have reached peak basketball success. It's just a matter of continued success. They each have to win 2 more NBA championships. 

&nbsp;

What do you guys think of this measurement? Is it fair?

Who do you think will be the next to join the list?",1906,452,/r/nba/comments/1uvin0c/the_standard_of_basketball_pantheon_3_rings_mvp/,2026-07-13
1uvj715,sixers,1783965939,Rich Paul just ripped away the 76ers' biggest pitch to LeBron James,"[https://thesixersense.com/rich-paul-just-ripped-away-76ers-biggest-pitch-to-lebron-james?utm\_source=bleacherreport&utm\_medium=referral](https://thesixersense.com/rich-paul-just-ripped-away-76ers-biggest-pitch-to-lebron-james?utm_source=bleacherreport&utm_medium=referral)

  
Oh well. I'm still super pumped on this team!!!",0,35,/r/sixers/comments/1uvj715/rich_paul_just_ripped_away_the_76ers_biggest/,2026-07-13
1uvsg2h,sixers,1783986796,Would joining the 76ers make LeBron a ring chaser?,,21,45,/r/sixers/comments/1uvsg2h/would_joining_the_76ers_make_lebron_a_ring_chaser/,2026-07-13
1uuxwmq,sixers,1783906866,I think the reports that LeBron will make his decision this week are accurate.,"Summer league ends at the end of this week and usually after summer league everybody in the industry, including front office execs begin their offseason and go on vacation or scale back operations until September. You usually don't hear about any trades or other player movements taking place in August. We’ll see if he comes to Philly!",61,39,/r/sixers/comments/1uuxwmq/i_think_the_reports_that_lebron_will_make_his/,2026-07-13
1uuyukt,sixers,1783909538,LeBron timing speculation,"I've deduced that if LeBron is coming here he will announce on Thursday. Wednesday, everyone’s favorite holiday, ESPY day, is usually one of the only days a year without a big 4 men’s pro league playing. This year is England v Argentina so he isn’t going to do it that day…the next day however. 

The only game Thursday will be the Phillies v Mets perfect day to announce and have all of America watching the Phillies with the announcers talking about LeBron. Thoughts!?",13,22,/r/sixers/comments/1uuyukt/lebron_timing_speculation/,2026-07-13
1uvs0i9,sixers,1783985654,LeBron James Reportedly Has Deep Concerns About Joel Embiid’s Health Amid Impending 76ers Decision,,288,238,/r/sixers/comments/1uvs0i9/lebron_james_reportedly_has_deep_concerns_about/,2026-07-13
1uvytzn,nba,1784004632,"[Stein] A third marriage with the Cleveland Cavaliers continues to be regarded as “the scenario to beat” by teams pursuing LeBron James. Golden State has not relented in its pursuit. The Warriors, most of all owner Joe Lacob, appear determined to stay in it until the end.","A third (and bow-tying) marriage with the Cleveland Cavaliers continues to be regarded as “the scenario to beat” by the the teams pursuing James that have been most frequently mentioned: Golden State, Miami, Philadelphia, Minnesota and Denver.

To beat. Not necessarily unbeatable.

Now is this the week we conclusively learn whether someone can beat out Cleveland?

Like the Heat?

Or the Warriors?

Another pertinent question we should be able to answer imminently: How meaningful are LeBron's scheduled live podcast appearances Thursday and Friday in New York City as part of a Fanatics event?

What can be passed on here as confirmed reporting is that Golden State — as much as it has been operating with tangible concern that Cleveland is the closest thing to a frontrunner — has not relented in its pursuit. The Warriors, most of all owner Joe Lacob, appear determined to stay in it until the end.

The same is presumed true about Miami and Philadelphia as James continues to weigh a return to the East with a greater willingness than many around the league anticipated before free agency began. Timberwolves coach Chris Finch, meanwhile, told Jake Fischer and me directly during a Bleacher Report livestream Friday from the concourse of the famed Thomas & Mack Center that Minnesota also believes it is still in the running.

“I think they've made everybody feel like they genuinely have an opportunity,” Finch said of Paul and James.

https://open.substack.com/pub/marcstein/p/late-night-nba-free-agency-and-trade?r=1m9zg&utm\_medium=ios",287,206,/r/nba/comments/1uvytzn/stein_a_third_marriage_with_the_cleveland/,2026-07-14
1uvzqhq,nba,1784007475,Replace LeBron with peak MJ in 2018. Do the Cavs still get out of the East? And does Jordan do any better against the Warriors in the Finals?,[removed],1,1,/r/nba/comments/1uvzqhq/replace_lebron_with_peak_mj_in_2018_do_the_cavs/,2026-07-14
1uw2uli,nba,1784018161,No Team Want Lebron?,"I am a Chinese basketball fan. Chinese Lebron haters claim that no team want Lebron now. Here are the reasons:

* The current rumors about teams wanting LeBron are all just marketing tactics by him and his management team. In reality, no team actually wants him; otherwise, why haven't there been any official offers made yet?
* Curry recruiting LeBron is really just lip service; he doesn't actually want to team up with him.
* Right now, teams are only willing to offer him a minimum contract.

  
what do u guys think?",0,45,/r/nba/comments/1uw2uli/no_team_want_lebron/,2026-07-14
1uwaw38,nba,1784040640,"Windhorst: ""Some of the owners who are trying to get LeBron were talking to each other and were like ‘have you heard anything? Nope. Have you heard anything? Nope.’ LeBron is reaching out and talking to players on some of these teams and they report back to their GM or coach ‘Hey, LeBron called.""",,762,335,/r/nba/comments/1uwaw38/windhorst_some_of_the_owners_who_are_trying_to/,2026-07-14
1uwayfx,nba,1784040786,LeBron and Curry are in a tier of their own that no one knows about,"In the 2017 NBA finals, Stephen Curry averaged 26.8 ppg, 9.4 apg, and 8 rpg on 61.9% true shooting. The only other player to ever do this was LeBron in the same series, who averaged 33.6 ppg, 10 apg and 12 rpg... and that's it. No other player has ever had these averages in the finals on this level of efficiency. These 2 are the greatest players of this generation",0,53,/r/nba/comments/1uwayfx/lebron_and_curry_are_in_a_tier_of_their_own_that/,2026-07-14
1uwcvr4,nba,1784044963,Would you rather have 50 year old LeBron on your team or current Julius Randle?,[removed],1,1,/r/nba/comments/1uwcvr4/would_you_rather_have_50_year_old_lebron_on_your/,2026-07-14
1uwd33t,nba,1784045406,I was skeptical at why a USMNT player would be doing a LeBron celebration I figured out why,"[United States](https://www.espn.com/soccer/team?id=660) forward [Folarin Balogun](http://espn.com/soccer/player/_/id/282643/folarin-balogun) has signed with the Klutch Sports following a breakout [World Cup](https://www.espn.com/soccer/worldcup/) that elevated his profile on and off the pitch.  
Klutch, founded by LeBron James' longtime business partner Rich Paul and which represents James, announced on Monday that Balogun had joined its roster. The agency represents James, Anthony Davis, Jalen Hurts and A'ja Wilson, among a host of elite athletes.

LeBron is extremely calculated. This move has been in the works and he told his new athlete to hit his signature Silencer celebration after a goal on purpose. It’ll go in the documentary. Keeps people talking about him. The narrative will always be controlled by LeBron James I can tell you that. It’s never coincidence. ",0,56,/r/nba/comments/1uwd33t/i_was_skeptical_at_why_a_usmnt_player_would_be/,2026-07-14
1uwdpyn,nba,1784046733,is Cristiano Ronaldo in better shape than LeBron? They’re both 41.,"I heard an announcer say that during the Portugal match last week that Cristiano Ronaldo is probably the most cheap 41-year-old in the world, but I feel like LeBron might be in better shape. I don’t know.",0,231,/r/nba/comments/1uwdpyn/is_cristiano_ronaldo_in_better_shape_than_lebron/,2026-07-14
1uwgce2,nba,1784052260,[Highlight] LeBron blocks Steph from behind and lets him know about it,,1,1,/r/nba/comments/1uwgce2/highlight_lebron_blocks_steph_from_behind_and/,2026-07-14
1uwgfg4,nba,1784052437,Why are people mad that LeBron is taking his time with his free agency when the man quite literally said his decision would come in late-July or August,"“I’m still in the moment of just taking my time,” James said. “I haven’t even really thought about it too much. Obviously, I understand that I’m a free agent and I can control my own destiny… but like, I haven’t even really got to that point. I haven’t even taken my family vacation yet, which is going to happen after Memorial Day. That’s kind of the thing at the forefront of my mind.”

“I think at some point in June, late June, as July rolls around, free agency starts to get going, and as July rolls around and maybe into August, we’ll start to kind of get a feel of what my future may look like,” James added on his podcast Mind The Game.

[https://sports.yahoo.com/articles/lebron-james-says-decision-nba-173000483.html](https://sports.yahoo.com/articles/lebron-james-says-decision-nba-173000483.html)

  
Weird to see people say LeBron is milking this when the man said two months ago that he wasn't going to rush his decision and gave a timeline of when to expect it.  ",0,111,/r/nba/comments/1uwgfg4/why_are_people_mad_that_lebron_is_taking_his_time/,2026-07-14
1uwghz5,nba,1784052587,[Highlight] LeBron hits a running one leg bank shot to game the Raptors and go up 3-0 in the series,,2961,302,/r/nba/comments/1uwghz5/highlight_lebron_hits_a_running_one_leg_bank_shot/,2026-07-14
1uwl7pq,nba,1784062994,"[Charania] LeBron has all the information he needs to make a decision and teams will continue to meet with Rich Paul. Golden State and Minnesota are still in the mix but the likeliest outcomes are Miami, Cleveland and Philadephia",[deleted],2,0,/r/nba/comments/1uwl7pq/charania_lebron_has_all_the_information_he_needs/,2026-07-14
1uwla4i,nba,1784063142,"[Charania] Rich Paul has met with multiple teams and has given LeBron all the information needed to make a decision but there is no timeline for the coming weeks. Miami, Cleveland and Philadelphia seem to be the likeliest options with Golden State and Minnesota still in the mix",,0,123,/r/nba/comments/1uwla4i/charania_rich_paul_has_met_with_multiple_teams/,2026-07-14
1uwledj,nba,1784063392,Lebron vs Jordan Skillset/FIlm Comparison: HOW Lebron generated more value in a stronger league,"**Note:** Filmtracking comes from a variety of sources including Elpolo, Goatclipz, Toptenofalltime, Colts, Djoker, Elgee, and myself. (Almost all of it has possession-descriptions and time-stamps if you want to vet)

For people who want to dispute the obvious.

Exhibit A:

>lebron 09-21  
656-263 with lebron (0.714% win rate)  
37-73 without lebron (0.336% win rate)

>jordan 88-98  
bulls with MJ 490-176 (73.6% win rate)  
bulls without MJ 90-64 (58.4% win rate)

Exhibit B:

[https://www.thehoopsgeek.com/average-nba-height/](https://www.thehoopsgeek.com/average-nba-height/)

https://preview.redd.it/sus2cahgf9dh1.png?width=1075&format=png&auto=webp&s=8b23b063736c78aba324886f79c19c7707b9b2a7

There are more exhibits I can pull but the point of this post is *not* to engage with those who insist on calling the Earth flat.

Player A generated more value on average over more years despite often playing with redundant co-stars and shouldering the highest minute load in NBA history. Player B had the team built around him nearly completely by his third year in the league and basically never had to play with similar archetypes (despite them being way more common). Moreover when he did, he consistently *failed* to co-exist being the *only* member of the 92 olympics team to be *less* effecient next to a bunch of elite scorers/playmakers, and *never* seeing their effiency improve when paired next to another jumpshooter.

Player A was the best player on a similar all-star team at *40* and repeatedly made it work with redundant and often injured co-stars still generating more value and far better playoff offenses when he was second in time of possession to kyrie and beating two teams better than anyone Jordan beat with Wade in OKC and the Spurs.

Player B faced weaker, smaller, less fluid and less skilled opponents in an era which was especially weak at the position he played Player A faced stronger, bigger, more fluid, and more skilled opponents in an era where talent was concentrated at his position.

If Player B's skillset was actually as valuable, there is no excuse for them not generating more value. If you insist on coping otherwise, I suggest you leave this thread and box-watch, ""rings erneh"", or ""ceiling-raising"" elsewhere.

For those remaining we're going to attempt to answer *how* Player A was more valuable despite being more situationally tested by various contexts facing more difficult competition\*.\* Naturally we're going to start where the bulk of this objective gap comes from:

**1. DEFENSIVE SKILLSET**

For those who wish to dispute the obvious

>09-21 Lebron  
\-3.68 drtg difference

>Every extended MJ sample  
88-98  
\+1.1 drtg difference  
90-99  
\+0.2 drtg difference  
85-98  
\-1.1 drtg difference  
84-99  
\-.5 drtg difference

Jordan barely affects the Bulls defense over even his best extended samples. Any similar length or longer Lebron sample that doesn't trade prime years for post 2021 ones will see Lebron massively improving his team's defenses when he plays.

Lebron in his mid 30s in year 18 was still a far more valuable defender to a league-best Lakers defense than Jordan was at any point in his career to any team before Solomon Hill ended his prime. The idea that Lebron was ever close to Jordan defensively is a myth crafted by overindexing on a couple of defenisve inputs (steals, blocks) that barely correlate with team defense (r2s of 0.09 and 0.1 in the two long term studies conducted on the matter). When you break down the skillsets, *how* is obvious:

**Paint Protection** \-> **Lebron (Large)**

despite similar block averages Lebron *GAPS* Jordan in both paint-usage and effectiveness\*.\* Even when we compare a [massive outlier ](https://forums.realgm.com/boards/viewtopic.php?t=2443042)for Jordan in terms of recorded deflections (93  ECF Game 3) he is still getting STOMPED on both fronts by [22](https://forums.realgm.com/boards/viewtopic.php?t=2431777) and [31](https://forums.realgm.com/boards/viewtopic.php?t=2431777) year old Lebron (never mind the [09](https://forums.realgm.com/boards/viewtopic.php?t=2439808) or [Miami iterations](https://forums.realgm.com/boards/viewtopic.php?p=118572872#p118572872)). A 31 year old Lebron as both the *Primary Paint Defender* and *Primary POA Defender* at the same time still had a far higher ratio of effective possessions to ineffective possessions than Jordan en-route to nuking the warriors offense on a lineup with kyrie irving and kevin love as lead-minute getters.

Jordan in basically every tracked game is both low-usage and ineffective as a defensive anchor. His blocks come from the weakside as more valuable defenders distract/occupy the attacker and of course blocks account for a small fraction of defensive possessions in the first place. The why for this gets more obvious when we consider

**Man Defense** \-> **Lebron (Large-Moderate depending on iteration)**

Let's break this one down further

**Small Guards** \-> Jordan (moderate to small depending on if it's Post-Cleveland Lebron or Cleveland Lebron)

Peak Jordan (90) smoked Isiah Thomas's effeciency by 11 points in the playoffs and while apex mobility Lebron was capable of [nuking elite slashers](https://forums.realgm.com/boards/viewtopic.php?p=116555458#p116555458) even at 22 (Parker who otherwise goes in this series basically achieves nothing in a half where is Lebron in his primary) for stretches of games in the playoffs, over the course of an 82 game season he clearly wasn't as consistent there. Miami Lebron loses a bunch of his POA potency as a result of gaining 20 pounds to be a better post and backline big though he can still fry the right matchups (cough Rose cough)

**Big Guards/Wings** \-> **Lebron (Large)**

Yeah this is simple. While Jordan played in an era where he rarely *had* to deal with this archetype, but whenever he ran into a guard his size or large, *he got cooked*,

One-legged Drexler shot ***6 points*** better vs Jordan than vs the rest of his teammates despite the bulls sending droves of help to support him.

Magic Johnson shot ***20 points*** *better* VS Jordan than the rest of the Bulls despite the bulls constantly having multiple helpers flanking him (with Pippen in paticular lowering Magic's effeciency massively when they matched up) Mid-30s

Lebron has straight up cooked point-bigs like Giannis and Zion with less help in his mid-30s/near-40s and has the same physical profile of a proven Magic-Johnson counter (Pippen)

**Forwards (Small) -> Lebron (Large)**

The 93 Knicks pretty much [forced Jordan ](https://forums.realgm.com/boards/viewtopic.php?t=2443042)into being a defensive non-factor and horrific shooting in 4 of 6 games by forcing him into mismatches with Anthony Mason. Lebron meanwhile...

(2009 Regular season)

>Here is what some of the top SF of 2009 did vs LeBron offensively (their regular season per 36 in parenthesis)

>Durant- 16.4 PPG, .518 TS% (23.3 PPG, .577 TS%)  
Pierce- 18.1 PPG, .474 TS% (19.7 PPG, .582 TS%)  
Johnson- 13.7 PPG, .475 TS% (19.5 PPG, .534 TS%)  
Carmelo- 15.8 PPG, .488 TS% (23.8 PPG, .532 TS%)  
Butler- 14.2 PPG, .438 TS% (19.4 PPG, .552 TS%)  
Gay- 10.9 PPG, .357 TS% (18.3 PPG, .528 TS%)  
Average dropoff: -5.8 PPG, -9.3 TS%

(2009 Playoffs)

>Tayshaun Prince: 3.9 PPG, .260 TS%  
Joe Johnson: 15.3 PPG, .480 TS%  
Marvin Williams: 5.8 PPG, .337 TS%  
Dropoff from regular season averages: -7.6 PPG, -18.1 TS%

(Overall)

>82games also has opponent SF scoring 12.8 pts/36 and .525 TS% vs LeBron

Not only does Lebron *murder* players at his position, he murders *the best* players at his position.

>Also, bonus round:

Defensive stats from [Hoopsstats.com](http://Hoopsstats.com) for his position:

>

17.3 pts/game allowed (1st in league) (13.2 points per 36 minutes)  
41.2 FG% allowed (1st)  
15.1 FGA allowed (2nd fewest)  
16.6 Efficiency allowed (1st)  
1.3 Offensive rebounds allowed (3rd)

**Forwards (Large) - Lebron (Large)**

(2009 Lebron RS)

>LeBron while opposing PF scored 13.3 pts/36 and .484 TS% when LeBron played PF.

This was the smaller version by the way

**Centers - Lebron (Large)**

Lebron at 40 with a leg injury was doing work against Nikola Jokic. Jordan fights for his life vs Anthony Mason.

**Man Defense - Overall**

Jordan kills one specific archetype and gets fried by everyone else unless he has loads of help and/or said player is being distracted by a bigger defender (ex: his steal in the second to last possession of the 98 finals).

Lebron kills two types of players and is very good at defending the type of player Jordan fries and is way better against basically every other possible matchup.

This makes Lebron practically impossible to matchup hunt against, makes him a much better deterrent (opposing attackers drive to the opposite side even if it's more crowded far more often vs Lebron than Jordan - measured via ""irrational avoidances"" in the linked film), and makes him more effective in a wider variety of matchups and with a wider variety of personell.

Anyone who argues that Jordan was better at locking up attackers is ignorant or lying.

**Defensive Playcalling/Floor-Generaling - Lebron (Large)**

Broke-back Lebron (2015) has carried otherwise average defenders (Mozgov barely affected Minny's defense pre-trade) plus kyrie and kevin love to solid rs defense and elite playoff defenses (-5, -7 vs top 5 offeses). Opposing players talk about him telling them their offensive playbook.

Philjax tells us Pippen, not Jordan was in charge of telling people where to go on both ends of the floor.

If you don't trust Philjax you can also go off Jordan complaining that Micheal cooper isn't that good at defense because he sticks to his man instead of gambling for steals.

Obvious answer is obvious.

**Rebounding/Preventing Extra Rebounds - Lebron (Large)**

Box-watchers might say ""Jordan only averages a few less defensive rebounds"". Someone who isn't a box-watcher would notice, watching literally any MJ game, that pretty much all his defensive boards are uncontested catches where bigger players did the actual work. They should also know boxing out opposing bigs or discouraging larger players from attempting offensive rebounds in the first place.

Lebron quite literally has been his team's primary board-generator in games near 40 and has possessions where the opposing offense will neglect an offensive rebound attempt with him being the only guy in the paint.

Obvious answer is obvious.

**Generating Turnovers** **- Jordan (Moderate to Large depending on iteration)**

This gap is of course significantly smaller when you account for the [biggest case of homecooking ](https://www.bing.com/search?q=jordan%27s+dpoy+under+scrutiny+reddit+discussion&qs=GS&pq=jordan%27s+dpoy+under+scruinty+reddit&sk=GS1&sc=12-35&cvid=5FC48B4AF499408FAEBBC0529B02170F&FORM=QBRE&sp=2&lq=0)in recorded nba history (Jordan was only third in steals in 88 going by away count), his teammates reporting he would make the scorekeeper give him their steals, and his scorekeeper telling us Jordan used to give him bribes in order for better slashlines...

but yeah, Jordan still records nearly twice as many steals consistently during prime years\*\*.\*\* It's only moderate if it's specifically 09 Lebron that is being compared to.

**Fighting Screens - Jordan (Small to Moderate depending on iterations)**

Both struggle to fight around screens but Jordan's small size (for once) gives him an advantage

**Avoiding breakdowns** **- Lebron (Moderate)**

Ben Taylor tracked Lebron to have a significantly lower error rate (around 25th percentile vs 15th) despite way higher usage (see all the categories above). Jordan gambles significantly way more, is more dependent on instruction

**Help Defense - Lebron (Moderate)**

Help defense/roaming is actually the main thing Jordan offered the Bulls in most matchups during the first-three peat , The problem is Lebron is one of the best ever at it and MJ...is not.

**Overall Defense - Lebron (Large)**

No serious human should be disputing this. Feel free to look at the numbers from the top again if you're an unserious human who does. Lebron is better to way better in most aspects including the ones that correlate the most historically with impact and defensive results (paint protection cough)

This alone explains the gap pretty well but there's two sides to the game.

**2. OFFENSIVE SKILLSET**

lebron 09-21

>\+8.6 ortg difference

>jordan 88-98  
\+5.1 ortg difference

I'm going to be nice and not call it *obvious* but Lebron sees bigger offensive-drop-offs when he didn't play, his offenses mantain better when his co-stars miss time (led a +8 net, +6 offense without Mo-williams for example), and unless you count games he doesn't play against him, he leads better offenses (especially in the playoffs). Really there's not much of an argument for Jordan against Lebron (or Nash) offensively besides people wanting it to be true or trying to argue against full-season and full-game samples with platoon-inflated 6-8 minute ""player off"" snippets.

**Scoring - Jordan (Moderate)** 

Jordan is in general slightly less effecient (relative to era) on much higher volume and while Lebron has playoff runs where he gets to similar production (2009 and 2014) it's not consistent, has not been replicated for a full regular-season, and his volume drops by a larger degree when paired with other star players.

Breaking this down further

**Inside Scoring/Pressure** \- **Lebron (Moderate)**

Jordan is  inside-scoring goat *for a guard*. But Lebron is top 4 on that front among pretty much all players ever. His massive size and strength advantage means he nukes defenses that lack true rim pro (see: Jordan struggling significantly more vs the Pistons than Magic)

Jordan shot way worse against robinson and mutumbo, and got fried not just individually but team-wise by hakeem plus scraps (only big of the era with ad/giannis tier mobility) more than a mid-30s/near-40s Lebron has gotten fried by the likes of peak defensive Giannis (2020) and Wemby on with solid defensive support.

Lebron is also the better post-scorer with even 40 year old Lebron scoring more post points vs the Rockets than whole teams did in the same round though the gap is smaller if you take pre-miami iterations. 

Jordan has also never went off against legitimate rim pros in the playoffs like Lebron did against Dwight in 09. Lebron's drives also generally draw attention from more defenders, earlier on (see: 2007 finals).

**Midrange - Jordan (Large)**

Lebron's midrange has ranged from bad to good while Jordan has consistently been the arguable GOAT at it. 

**Free-Throws - Jordan (Moderate)**

Good free-throw shooter vs a bad one. This is pretty easy.

**Three-Pointers - Lebron (Marginal - Large depending on iteration)**

Jordan shot below average in his own era on uncontested looks on low volume. That said he has okay if not great shot-mechanics and shoots a good ft percentage so it's probably fair to dismiss the gap against pre-miami iterations of Lebron (though even 07 Lebron faced more coverage on deep looks). Since 2013 though, Lebron simply shoots a much tougher diet of shots at a higher percentage on much higher volume against more coverage. 

  
**Overall**

Lebron is a top 5 scorer ever (top 3 pretty indisputably depending on how you weigh the playoffs). Jordan is probably the GOAT with only Kareem offering a real counter-argument longevity aside (effeciency goat plus needs the ball less). Lebron can replicate Jordan's production on occasion in the right situations (no other scoring threats on his team) but obviously over the course of a season in most settings Jordan provides more value there.

**Playmaking - Lebron (Large)**

There are people who [unironically dispute this](https://www.youtube.com/watch?v=uwJD3gt3zDs) because

A. Jordan averaged a triple double as a PG in 1989 during his ""archangel stretch"" (got to hog the ball all he wanted to and brought it up basically every possession)

B. Jordan averaged 10+ assists vs the Lakers in 91

C. Lebron ""hogs the ball""

A. [Actual Ball-hog Lebron](https://forums.realgm.com/boards/viewtopic.php?t=1279059) (11 games without Mo-Williams) (2010) was >>>>>>>> PG Jordan going 11-0 *without Mo-Williams* while Jordan went 13-11. Over 30-games where he *actually* played PG as a primary initiator, the Cavs went from +6 net to +8 net with Lebron improving all his numbers including a *lower* turnover-rate of 9% depsite unprecendented ball-dominance. Otoh, Jordan's Bulls immediately pulled the plug on letting Jordan intiate every possession in the playoffs after they lost almost all of their final games to end the season.

Archangel Lebron led a +9.2 offense. Arch-angel Jordan led an incredible +3 one. When the Cavs stopped letting Lebron initiate all of the possessions, their offense fell off (even before Lebron injured his shooting elbow). When the Bulls stopped letting Jordan hog the ball their offense improved and it fell off again when he again tried to archangel in game 6 vs the pistons (bulls secondary ball-handler Pippen got injured in the first possession). 

Considering the pre-triangle bulls were consistently *better* without Jordan than the 08-11 Cavs were without Lebron (even keeping it to games *with Mo-Williams*) we clearly have another case of slashline-watching. Additionaly Jordan's turnover-rate spiked to 13% while  Lebron's dropped to *9%* indicating that Jordan's only real advantage as a playmaker (turnover economy) might not even be a real advantage. 

B. Assists=/Playmaking

Assists can go up because you are creating more. They can also go up because you are drawing less defenders and passing windows are easier. If you are *drawing less defenders*, as was one of the literal points of the triangle, *you are almost certainly not creating more*.

And hey what would you know:

[Even in his low assist-games](https://forums.realgm.com/boards/viewtopic.php?t=2404639), a 22 year old Lebron was taking out way more extra defenders than Jordan even in his 10+ assist ones despite....way lower time of possession, worse scorers to give it to, no spacing, and playing an elite defense as opposed to a lakers team whose defense was mid even *before* Worthy was injured.

Shockingly despite allegedly ""improving his playmaking"" Jordan's actual offensive impact fell off in the

C. In case a 22 year old ""please run curls while an injured boobie gibson brings it up"" Lebron mega-outcreating Jordan vs better opposition with less help wasn't enough

By metrics that account for defensive coverage, Lebron led the league in net teammate shot quality from 15-17 with *Kyrie Irving having higher time of possession* on his own team for 2 of the 3 seasons and a major back injury for the other one.

Lebron is a top 5 ever playmaker. Jordan isn't even top 10.   
 

We could break it down further but given that Lebron is better at every single pass in the book due to superior anticipation, size, quicker decision-making, and arm-strength and draws more defensive attention unless he is playing with a smaller version of himself (Wade) I think we can leave it there.

Fwiw Lebron actually offers more or as much spacing since threes are far more valuable for pulling out defenders than 2s are and Lebron takes threes from deeper than most players do.

I will point out Jordan does create more off steals though that has already been baked into all the tracking referenced or linked above.

**Turnover Economy - Jordan (Small to Moderate depending on iteration)**

Given what happened when Lebron actually got to play point in 2010 there's probably an argument for Lebron's higher turnover-rate being situational rather than a reflection of true ability. Nonetheless Jordan by the actual numbers is the arguable turnover economy goat while Lebron is only a hypothetical one. Lebron is still an ATG in terms of turrnover rate in his own right, especially if we focus on his 09/10 iteration

**Floor-Generalling** **- Lebron (Large)**

Opposing players and coaches credit even 21 year old Lebron with calling for critical subs, calling out opposing playbooks, telling everyone where to go. Per Jordan's own coach he wasn't even running his own offense.

**Screen-Setting - Lebron (Moderate)**

Lebron being much bigger and stronger is obviously capable of setting screens and as we saw at the most recent olympics or even during the Lakers 11-1 stretch last season if he's on the team for it Lebron is a willing-screen setter it. That said it's pretty obvious most teams would rather prime Lebron focus on all the other things he can do so he's usually not setting a bunch of screens. Hence the gap is ""moderate"" rather than ""large"".

**Cutting - Lebron (Small)**

Lebron led the league in PPP on cuts in his mid-30s when he had to play with multiple ball-handlers. Most teams aren't going to want him to be doing that a bunch though.

**Rolling/Play-Finishing - Lebron (Moderate)**

This is basically the same thing as the previous two points though even heavy-on ball Lebron has pulled extra defenders with his lob-threat or catches and finishes lobs several times a game. Jordan was too small to do this with any real consistency.

  
**Generating Extra possessions - Jordan (Moderate)**

Offensive rebounds are less big-teammate dependent and Jordan generally had an edge in offensive rebounds and offensive rebound percentage.

He also creates extra-possessions via steals at a significantly higher clip. Steals don't happen nearly often enough to make that big of a difference (again there's barely any correlation with offensive or defensive rating in long-term studies) but combined with him getting offensive rebounds Jordan does generate extra possessions more. 

**Overall Skillset - Lebron (Small-Moderate depending on iteration)**

Lebron simply can better replicate Jordan's scoring impact (he just does during the 2009 playoffs and was doing so before injuring his elbow in 2010) than Jordan can replicate Lebron's impact as a playmaker and given how it's the likes of Nash, Magic, Oscar, and Lebron who have the best offensive-impact signals and it's Nash who has a near monopoly on the best rs and playoff offenses (the latter only being broken multiple times by Lebron), playmaking is probably more valuable (Or harder to replace) than scoring anyway. Lebron also carries an advantage in most ""ancillary"" categories and above all demonstrated more impact against much better competition.

Of course even if you ignore all that to pretend Jordan and Lebron are equals offensively, there is no debating that Lebron rofl-stomps Jordan on d and that alone would be sufficient to explain why Lebron is better at improving teams.

It is possible the disparity in value is affected by intangible considerations like Jordan's propensity to ask his coaches to let him prioritise scoring-titles, pay his scorekeepers to give him his teamamtes's steals, trade his best teamamtes (rip hamilton), and draft and then destroy the confidence of the rookies he's drafted...

Anyway, bootleg Russell <<<< an actual goat candidate. Cope accordingly",0,34,/r/nba/comments/1uwledj/lebron_vs_jordan_skillsetfilm_comparison_how/,2026-07-14
1uwmppp,nba,1784066328,"[Woike] While LeBron and Bronny playing together as teammates was one of the more incredible storylines following the 2024 NBA Draft, assumptions that the father and son staying linked going forward are false, according to league sources.","Source: https://www.nytimes.com/athletic/7445934/2026/07/14/bronny-james-future-lebron-nba-lakers/?unlocked\_article\_code=1.xlA.aTuE.47VEWx5mXGRO&source=user\_shared\_article&smid=ta-ios-share

LeBron James will not be back with the Los Angeles Lakers next season, the one guarantee we know about, wherever he decides to play next season.

But Bronny James? He’s still with the Lakers, and he isn’t necessarily going anywhere.

While LeBron and Bronny playing together as teammates was one of the more incredible storylines following the 2024 NBA Draft, assumptions that the father and son staying linked going forward are false, according to league sources who were granted anonymity to discuss front-office strategies.",415,132,/r/nba/comments/1uwmppp/woike_while_lebron_and_bronny_playing_together_as/,2026-07-14
1uwp43q,nba,1784072037,I think that Lebron needs to play with Curry. The reason for this is because having the top five greatest players on one team will be legendary. If he ends up winning one more ring with Curry that would be one of the best NBA Championships in history. What do you guys think?,,1,1,/r/nba/comments/1uwp43q/i_think_that_lebron_needs_to_play_with_curry_the/,2026-07-14
1uvxqm1,nba,1784001283,Which record last longer? LeBron Points or Jordan's Finals MVPs?,"Both are seemingly insurmountable records.  The game is faster paced, so more points are scored, but the league is deeper, so sustained dominance is even harder.  You have to win at least 6 chips to even have a shot at tying Jordan, and be the best player each time.  With the aprons and the league trend toward parity, repeat championships will be difficult, much less a dynasty.  

Ultimately I think both last for decades, but there is a world where Wemby might touch Jordan,  but I dont think LeBron can be touched. ",0,152,/r/nba/comments/1uvxqm1/which_record_last_longer_lebron_points_or_jordans/,2026-07-14
1uvvyka,nba,1783996206,"Question: Could LeBron (or any all star), if he was bored, join his team in the summer league to fuck around?",I was showering and had this thought. I wasn’t really sure and I didn’t want to google or ChatGPT and waste water. Help resolve this thought!! ,1,0,/r/nba/comments/1uvvyka/question_could_lebron_or_any_all_star_if_he_was/,2026-07-14
1uwo96q,sixers,1784069942,"Sources: 76ers' pursuit of LeBron led by Maxey, Embiid, Brown",,514,81,/r/sixers/comments/1uwo96q/sources_76ers_pursuit_of_lebron_led_by_maxey/,2026-07-14
1uvsskc,nba,1783987659,Last year LeBron hit 73.7% of his FTs. His career average is 73.7%.,"This doesnt feel very important but with the jokes about him never hitting his career average, I thought it was funny his FT percentage was dead on.

Check on bball ref and ESPN",149,37,/r/nba/comments/1uvsskc/last_year_lebron_hit_737_of_his_fts_his_career/,2026-07-14
1uw2tf0,nbadiscussion,1784018044,No Team Wants Lebron?,"I am a Chinese basketball fan. Chinese Lebron haters claim that no team want Lebron now. Here are the reasons:

* The current rumors about teams wanting LeBron are all just marketing tactics by him and his management team. In reality, no team actually wants him; otherwise, why haven't there been any official offers made yet?
* Curry recruiting LeBron is really just lip service; he doesn't actually want to team up with him.
* Right now, teams are only willing to offer him a minimum contract.

  
what do u guys think? R these true?",0,9,/r/nbadiscussion/comments/1uw2tf0/no_team_wants_lebron/,2026-07-14
1uvujsg,nba,1783992352,Lebron James spotted hanging out with Jayson Tatum at Jay-Z's concert last night,,693,185,/r/nba/comments/1uvujsg/lebron_james_spotted_hanging_out_with_jayson/,2026-07-14
1uvz7to,sixers,1784005802,Sixers odds for LeBron after 7/13?,"Today our LeBron odds really took a huge hit, and I honestly was never fully confident we were getting him, but after his comments on his concerns about Embiids health, and the news that Draymond did some heavy recruiting, I think we’re out of the race. Curious to see how everyone else feels.",0,12,/r/sixers/comments/1uvz7to/sixers_odds_for_lebron_after_713/,2026-07-14
1uwdep4,sixers,1784046066,"Who's ready for the 'LeBron called Joel, but Joel never picked up' news cycle?",,137,45,/r/sixers/comments/1uwdep4/whos_ready_for_the_lebron_called_joel_but_joel/,2026-07-14
1uwjny8,sixers,1784059449,"[Sleeper76ers] Per @ShamsCharania, the Sixers are among the three teams LeBron James has a “focus” on",,339,101,/r/sixers/comments/1uwjny8/sleeper76ers_per_shamscharania_the_sixers_are/,2026-07-14
1uvzu87,nbadiscussion,1784007833,Replace LeBron with peak MJ in 2018. Do the Cavs still get out of the East? And does Jordan do any better against the Warriors in the Finals?,[removed],1,1,/r/nbadiscussion/comments/1uvzu87/replace_lebron_with_peak_mj_in_2018_do_the_cavs/,2026-07-14
1uwp9s8,nba,1784072448,Lebron deciding on getting a 4th Jersey will destroy his legacy - here’s why,"If LeBron decides to shake up the NBA, by joining either the 76ers or GSW his legacy is ruined 

Jordan has the Bulls. Kobe has the Lakers. Bird has the Celtics. Magic has the Lakers. Duncan has the Spurs. These guys are synonymous with one franchise. You see the jersey and you instantly know the dynasty, the city, the lore. Their legacies feel permanent and rooted.  
LeBron? He’s got:

•  Cavs 1.0   
•  Heat   
•  Lakers   
•  Cavs 2.0 

He will never hear the end of it. They will hold it against him forever. ",0,111,/r/nba/comments/1uwp9s8/lebron_deciding_on_getting_a_4th_jersey_will/,2026-07-14
1uwlbfb,sixers,1784063216,"[Charania] Rich Paul has met with multiple teams and has given LeBron all the information needed to make a decision but there is no timeline for the coming weeks. Miami, Cleveland and Philadelphia seem to be the likeliest options with Golden State and Minnesota still in the mix",,54,59,/r/sixers/comments/1uwlbfb/charania_rich_paul_has_met_with_multiple_teams/,2026-07-14
1ux0dp1,sixers,1784106001,"if the 76ers don't get LeBron James, who should be their next target? 🤔",,1,1,/r/sixers/comments/1ux0dp1/if_the_76ers_dont_get_lebron_james_who_should_be/,2026-07-15
1uwsqnf,sixers,1784081768,"VJ Edgecombe: ""It’s LeBron James. At the end of the day, despite how old he is, he’s still, to me, the greatest player of all time. I mean if I get to play alongside LeBron, that would be amazing.""",,379,27,/r/sixers/comments/1uwsqnf/vj_edgecombe_its_lebron_james_at_the_end_of_the/,2026-07-15
1uwro34,sixers,1784078806,"The Ultimate Multi-Team Pivot: How We Trade Embiid, Land Şengün, and Build the Perfect Blueprint for LeBron to Win a Ring Here (Gansey, steal this homework)","Hear me out. We all know the current era is under a massive microscope. With Joel’s health questions and his looming $59.5M supermax, the risk of being locked into a declining window is real. Meanwhile, we have Tyrese Maxey entering his prime, Jaylen Brown ($57M) locked in as an elite two-way force, and the LeBron James sweepstakes heating up between us, Miami, and Cleveland.

If we want to build a high IQ, athletic, decades long championship window *and* make Philly the undisputed #1 choice for LeBron to sign, we need a complete roster transformation.

I am [taking the recent chatter in the news to heart](https://sports.yahoo.com/articles/lebron-james-reportedly-deep-concerns-070831593.html) and have mapped out the exact multi team mega trade that gets us Alperen Şengün and defensive anchor Isaiah Hartenstein, clears our books, and sets up a basketball masterpiece.

*If any ""anonymous front office scouts"" or people named Mike Gansey happen to be lurking on this sub... please, feel free to steal this and print yourself a Executive of the Year trophy.*

# 1. The Core Trade Framework (The 3-Team Megadeal)

The Houston Rockets are not trading us Şengün directly for Embiid. They are a young, fast team and don't want an aging $60M center. To make this work, we need a desperate, star hungry powerhouse with an infinite war chest of draft picks and deep salary matching assets:   
  
Enter the Oklahoma City Thunder.

Here is the exact trade construction:

# Philadelphia receives:

* Alperen Şengün (via Houston; locked into his new $33.9M extension)
* Isaiah Hartenstein (via OKC; $30M salary match and elite frontcourt anchor)

# Houston receives:

* Jared McCain (via OKC)
* Cason Wallace or Nikola Topić (via OKC)
* 3 Unprotected Future 1st-Round Picks (via OKC’s historic draft war chest)
* 1 Unprotected 1st-Round Pick (our 2028 Clippers pick)

# Oklahoma City receives:

* Joel Embiid (via Philly)

# 2. Why This is a Win-Win-Win for Everyone

# Why Philadelphia Does It: The ""Jokić-Lite"" Transformation

We successfully pivot away from Embiid's contract and instantly build one of the most dynamic, high-IQ rosters in the NBA.

* The New Core: A young, incredibly athletic engine of Maxey (25), Jaylen Brown (29), and Şengün (23).
* The High-Post Hub: Şengün operates as an offensive hub, opening up elite off ball cutting lanes for Jaylen Brown and spacing the floor for Maxey's downhill speed.
* The Frontcourt Insurance: Getting Hartenstein back covers Şengün’s rim protection limitations, allowing Şengün to play a roaming, versatile role while Hartenstein bangs down low with opposing five-men.

# Why OKC Does It: The Ultimate Cheat Code

OKC is ready to win *right now*, and they have more draft picks than roster spots.

* They pair Chet with Embiid in the ultimate floor spacing, shot blocking Twin Towers frontcourt.
* With SGA, J-Dub, Chet, and Alex Caruso still on the roster, adding an MVP in Embiid makes them the terrifying, undisputed championship favorite. They also have the depth to load manage Embiid perfectly for April and May.

# Why Houston Does It: The Ultimate Asset Haul

If Houston is hesitant to pay Şengün long-term, this is a historic return.

* They get Jared McCain who is a highly coveted young shooter to pair with Amen Thompson and another premier young guard like Wallace.
* They walk away with as many as four unprotected first round picks to reload their asset chest for the next disgruntled superstar.

# 3. The Grand Finale: Rolling Out the Red Carpet for LeBron

LeBron has dumped LA, and today his camp has narrowed it down to us, Cleveland, and Miami.

If Gansey could pull off this trade, our pitch to LeBron is completely unmatched by the Heat or Cavs. Look at this projected starting lineup we could hand him:

* PG: Tyrese Maxey (Elite shooter, transition threat)
* SG: Jaylen Brown (All NBA two way defender, elite slasher)
* SF: LeBron James 
* PF: Alperen Şengün (The high-post hub, ""baby Jokić"")
* C: Isaiah Hartenstein (Physical rim protector, screen-setting machine)

VJ is first off the bench to provide not only scoring but energy.   
  
LeBron wouldn't have to carry the offense or play heavy regular season minutes at age 41. He can pick his spots, let Maxey, JB & Şengün ball out, and coast to the postseason with the deepest, most versatile roster in the Eastern Conference. Let alone perhaps the best roster he's ever played with??

**Thoughts,** r/sixers**?**   
  
Do we think OKC has the guts to push their chips in for Embiid?   
  
Does Houston value the draft haul over Şengün?

And more importantly... *Gansey, if you are reading this, the the fans are waiting. Make the call.*",0,56,/r/sixers/comments/1uwro34/the_ultimate_multiteam_pivot_how_we_trade_embiid/,2026-07-15
1ux22tt,sixers,1784111664,It’s official! SHAMS: LeBron James will,,1,1,/r/sixers/comments/1ux22tt/its_official_shams_lebron_james_will/,2026-07-15
1ux2l9f,sixers,1784113245,LeBron makes his decision,,211,7,/r/sixers/comments/1ux2l9f/lebron_makes_his_decision/,2026-07-15
1ux3f1e,sixers,1784115672,Sixers getting Lebron thoughts 💭,[removed],1,1,/r/sixers/comments/1ux3f1e/sixers_getting_lebron_thoughts/,2026-07-15
1uxe59g,sixers,1784139767,"If the 76ers don’t get LeBron, who should be their next target? 🤔",[removed],1,1,/r/sixers/comments/1uxe59g/if_the_76ers_dont_get_lebron_who_should_be_their/,2026-07-15
1uxe6ft,sixers,1784139840,"If the 76ers don’t get LeBron, who should be their next target?",If the 76ers don’t get LeBRon who should be their next target?,0,81,/r/sixers/comments/1uxe6ft/if_the_76ers_dont_get_lebron_who_should_be_their/,2026-07-15
1uxmgce,sixers,1784159115,"[McMenamin] Their (76ers) pursuit of LeBron has not slowed down. It's being led by Tyrese Maxey, who's called LeBron a big brother before... Joel Embiid has also been in touch with LeBron... Jaylen Brown has also been in touch with LeBron, I'm told.",,226,47,/r/sixers/comments/1uxmgce/mcmenamin_their_76ers_pursuit_of_lebron_has_not/,2026-07-15
1uwq0fc,nba,1784074324,Lebron James on his latest Instagram story reacts to Chris Brockman saying he will be a non factor and that Miami will be a play in team if he joins the Heat,,535,255,/r/nba/comments/1uwq0fc/lebron_james_on_his_latest_instagram_story_reacts/,2026-07-15
1uwpyez,nba,1784074179,Lebron James reacts to Chris Brockman saying he will be a non factor and that Miami will be a play in team if he joins the Heat,,2,4,/r/nba/comments/1uwpyez/lebron_james_reacts_to_chris_brockman_saying_he/,2026-07-15
1uxhbgg,nba,1784147069,"BREAKING: LeBron going into his 24th NBA season is still actively considering what team he will eventually join, and while a decision hasn't been made yet, LeBron is heavily contemplating what team to join",,1,1,/r/nba/comments/1uxhbgg/breaking_lebron_going_into_his_24th_nba_season_is/,2026-07-15
1uxeuyv,nbadiscussion,1784141345,LEBRON JAMES,[removed],1,2,/r/nbadiscussion/comments/1uxeuyv/lebron_james/,2026-07-15
1uxmcje,nba,1784158841,"[McMenamin] Their (76ers) pursuit of LeBron has not slowed down. It's being led by Tyrese Maxey, who's called LeBron a big brother before... Joel Embiid has also been in touch with LeBron... Jaylen Brown has also been in touch with LeBron, I'm told.",,238,139,/r/nba/comments/1uxmcje/mcmenamin_their_76ers_pursuit_of_lebron_has_not/,2026-07-15
1uxm6sb,nba,1784158431,When will we see more NBA players named LeBron?,We’re already seeing Kobes come into the league. When do you think we’ll see players named LeBron besides his son?,0,35,/r/nba/comments/1uxm6sb/when_will_we_see_more_nba_players_named_lebron/,2026-07-15
1uxk7he,nba,1784153663,"[2013] Michael Jordan could only come up with 4 players who would be nearly as successful in his era: LeBron, Kobe, Dirk, Duncan.","**JORDAN PLAYS** his new favorite trivia game, asking which current players could be nearly as successful in his era. ""Our era,"" he says over and over again, calling modern players soft, coddled and ill-prepared for the highest level of the game. This is personal to him, since he'll be compared to this generation, and since he has to build a franchise with this generation's players.  
""I'll give you a hint,"" he says. ""I can only come up with four.""  
He lists them: *LeBron, Kobe, Tim Duncan, Dirk Nowitzki.*

When someone on TV compares LeBron to Oscar Robertson, Jordan fumes. He rolls his eyes, stretches his neck, frustrated. ""It's absolutely … "" he says, catching himself. ""The point is, no one is critiquing the personnel that he's playing against. Their knowledge of how to play the game … that's not a fair comparison. That's not right … Could LeBron be successful in our era? Yes. Would he be as successful? No.""

The Bobcats game starts and the Celtics jump all over them. The officials aren't helping, and Jordan sits up, livid, certain that the Celtics are getting all the calls because they have the stars.   
""COME ON, MAN!"" he screams.   
""You ain't getting that one,"" Buckner says. ""But you used to get away with s--- other people couldn't get away with.""  
There's a hard silence in the room. Jordan's voice lowers.  
""I don't believe that,"" he growls.  
""Bull. S---,"" Buckner says. ""Let's not get carried away now. You and Larry.""  
Jordan ignores him: He's locked in.  
""That's a foul!"" he yells. ""See what I mean? THAT'S A FOUL!""

Source: https://www.espn.com/espn/feature/story?\_slug\_=michael-jordan-not-left-building&page=Michael-Jordan&redirected=true",127,74,/r/nba/comments/1uxk7he/2013_michael_jordan_could_only_come_up_with_4/,2026-07-15
1uwqzgs,nba,1784076941,"VJ Edgecombe: ""It’s LeBron James. At the end of the day, despite how old he is, he’s still, to me, the greatest player of all time. I mean if I get to play alongside LeBron, that would be amazing.""",,3097,193,/r/nba/comments/1uwqzgs/vj_edgecombe_its_lebron_james_at_the_end_of_the/,2026-07-15
1uxfnj4,nba,1784143143,Serious question - why isn't Bronny jacked like LeBron?,"I mean, what happened to damn genetics?

Is Bronny really the son of LeBron?

Or did Savannah cheated?",0,39,/r/nba/comments/1uxfnj4/serious_question_why_isnt_bronny_jacked_like/,2026-07-15
1uxfn1s,nba,1784143112,Serious question - why is Bronny jacked like LeBron?,[deleted],1,0,/r/nba/comments/1uxfn1s/serious_question_why_is_bronny_jacked_like_lebron/,2026-07-15
1uxe133,nba,1784139520,"Steph Curry's pitch for LeBron James: “The Bay. We know how to win. Beautiful weather. Great golf... We just know how to play basketball, and I think that he would enjoy the idėa of what it means to finish your career the right way.”",,350,169,/r/nba/comments/1uxe133/steph_currys_pitch_for_lebron_james_the_bay_we/,2026-07-15
1uxdjeh,nba,1784138474,"What are your favorite years for nba basketball?   for me it’s 2008 to 2014, you had LeBron, Kobe, dwade,Duncan, KD,Dirk, DRose,Brandon Roy, etc.many great teams like the lob city clippers, Kobe and Paul lakers, Big three heat, grit and grind grizzlies, big three OKC thunder, the 2014 spurs.",,1,1,/r/nba/comments/1uxdjeh/what_are_your_favorite_years_for_nba_basketball/,2026-07-15
1ux87ji,nba,1784127363,"Why LeBron's decision has taken so long, and when it will be made - proven by the lunar cycle","Each time LeBron has changed teams, the moon phase has been in a different state.

The original Decision was made July 8, 2010, under a waning crescent at just 13% illumination and three days prior to the new moon.

LeBron's return to Cleveland was announced July 11, 2014, when the moon was nearly full - specifically, waxing gibbous with 99% illumination, one day to full moon. 

Then, the move to LA became public on July 1, 2018, during a waning gibbous at 90% illumination, three days after the full moon.

To recap, that's low illumination waning crescent, high illumination waxing gibbous, and high illumination waning gibbous. In order to follow the pattern, this next decision must be during a low-illumination waxing crescent. The moon was full when free agency negotiations started on June 30th, which meant that LeBron needed to wait half the lunar cycle.

However, the new moon was last night, which means we are finally into the waxing crescent! The end of this phase will be marked by the first quarter on July 21st; however, to be considered low illumination, I think an announcement would come earlier in that window, as all previous decisions have come within three days of a new or full moon.

Therefore, the most likely decision days are:

- TODAY, July 15 - 2% illumination
- Tomorrow, July 16 - 6% illumination
- Friday, July 17 - 13% illumination

By the strictest definition of the pattern, it should be today, as the pattern has been three days before new moon, one day before the full moon, three days after the full moon, and would then be fulfilled by one day after the new moon. However, that piece of it doesn't feel as strong. If LeBron does *not* sign before next Tuesday, then this will drag on until after the next new moon on August 12th, or even the next one on September 11th.

One final note - each decision has taken place under a different moon sign: Gemini, Capricorn, and Aquarius. The current waxing crescent phase and the next ones in August and September contain only different signs - Leo, Libra, Scorpio, and possibly Sagittarius (if it's the very end of the phase in September). There's no particular pattern that stands out here, though, which makes sense because Zodiac signs are hogwash, and we should be focused instead on the predictive powers channeled by the moon.",90,31,/r/nba/comments/1ux87ji/why_lebrons_decision_has_taken_so_long_and_when/,2026-07-15
1ux5wth,nba,1784122181,"Charles Barkley on July 7, 2026: “The biggest criticism of LeBron has always been that he packs his team. Because he’s always packed his team. He’s chasing this imaginary Michael Jordan ghost, which he needs to let go.” Barkley also said he ranks both Michael Jordan and Kobe Bryant ahead of LeBron.",,929,2008,/r/nba/comments/1ux5wth/charles_barkley_on_july_7_2026_the_biggest/,2026-07-15
1ux4xlw,nba,1784119758,"What Lebron's Encyclopedia page looked like on June 6, 2003.","Offseason post. Can't type Wikipedia on title for some reason. June 6, 2003 was the first entry of Lebron's Wikipedia page. Copied in verbatim this is what it looked like:

---------------------

LeBron James, b. December 30, 1984 in Akron, OH, is a much-hyped basketball player. Even before his NBA debut, he has been lauded as the next big thing in hoops.

James captured the attention of the nation with his incredible exploits in high school. Following a solid Freshman year on a Division III state championship team, he put together an exceptional sophomore campaign in 2000-01 where he averaged 25 points, 7 rebounds, 5 assists, and 4 steals, in addition to another state championship. He was named Ohio's ""Mr. Basketball"" and USA Today selected him for the All-USA First Team, the first sophomore to be honored with such a nomination. He added to his resume by being first-team all-state in high school football.

LeBron's talents were becoming well known by the rest of the nation in his junior year, and eventually he would earn the nickname ""King"". As a junior, he showed no letdown and averaged 29 points and 8 rebounds and was once again named Mr. Basketball and again had a spot All-USA First Team. The team lost the state championship that year as it moved to Division II but LeBron's reputation was already well intact. His talent was great enough that James attempted to declare for the NBA draft as a high school junior, trying to adjust the rule stating that a player must finish high school to be eligible. He would be unsuccessful but it set the tables for a senior season with LeBron getting much more attention than any high school athlete before him.

""King"" James was already on the covers of Sports Illustrated and ESPN The Magazine while still in school and was already working out multi-million dollar shoe contracts while a senior. The attention he was recieving was so great that his high school games were available on pay-per-view and some games were even televised nationally. While he dazzled people with his on-the-court play, his off-the-court doings were becoming as well publicized. He was under a great deal of controversy when he recieved a Hummer, worth about $50,000, as a gift that was percieved by some to threaten his amateur status in the state. A rule for Ohio high schools states that by ""capitalizing on athletic fame by recieving gifts of monetary value"", an athlete must forfeit amateur status. He was cleared of wrongdoing with the vehicle without punishment, as his mother provided documentation. He was not as lucky after accepting a pair of throwback jerseys, worth only $845 all-told, free from a clothing store. This would be a direct violation of the rule and he was declared ineligible on January 31st. The team was forced to forfeit one of their schools wins as a result.

Fans in Akron were outraged at the decision to suspend their native son's high school career, and lawyers for LeBron appealed the ruling. On February 5th he was given reinstatement by a temporary restraining order which blocked the ruling. He proved as good as he'd been before by scoring 52 after his return. James continued to wow fans with his play. By the end of the season, it was the same story, earning unprecedented third selections as Ohio's Mr. Basketball and on the All-USA First Team, also earning a third state championship. He highlighted this dream season by appearing at three high school all-star games, the McDonald's All-American Game, the EA Sports Roundball Classic, and the Jordan Capital Classic (which he had a $10 million insurance policy on), and he earned MVP honours in all three.

To very little surprise, LeBron officially declared for the draft on April 25th. He prepared for his professional debut by signing a contract with Nike for a mere $90 million over 7 years. Virtually a consensus #1 pick for the 2003 draft, the NBA Draft Lottery was thought of as the ""LeBron Lottery"". The hometown Cleveland Cavaliers had the best chance to get King James, although during his senior year he had shown issues with some facets of the organization. When the Cavaliers successfully drew the first pick, however, James had no issues with joining the team. Cleveland confirmed his selection as the #1 pick over a month before the draft, as well as finishing off contract negotiations in advance.

When LeBron makes his regular-season NBA debut in November 2003, he will more than likely be left with the task of almost single-handedly rebuilding an organization which had struggled with legitimacy over the past decade. It may be a daunting task, but LeBron's proved to be well up to the task before.",236,58,/r/nba/comments/1ux4xlw/what_lebrons_encyclopedia_page_looked_like_on/,2026-07-15
1ux6szb,nba,1784124222,"Iman Shumpert on Lebron's Free Agency: ""If this about ending your career the way it should go, go to Cleveland. Just don’t go there trying to be happy about a win because you not going to win there. You’re not going to be happy. Don’t you dare go over there think it’s rolling with the winners""",,2028,703,/r/nba/comments/1ux6szb/iman_shumpert_on_lebrons_free_agency_if_this/,2026-07-15
1uwy2lw,nba,1784098090,"Tracy McGrady Tells Vince Carter That Kyle Korver Does Not Belong in The 2003 NBA Draft Debate Alongside LeBron, Wade, Bosh and Melo",[Original Post](http://instagram.com/reel/DaTXh8OBTDf),695,357,/r/nba/comments/1uwy2lw/tracy_mcgrady_tells_vince_carter_that_kyle_korver/,2026-07-15
1uwr4jf,nba,1784077321,Do you think Lebron going to Philly will ruin his reputation?,"This would be he ultimate ring chase, joining such a star studded team with Maxy, Embiid, Jaylen Brown, and Edgecomb.  Do you think this will be worse than what KD did when he joined Golden State?  At least KD never had a ring before at the time.  Now Lebron has many rings, from joining teams in the past!  

",0,117,/r/nba/comments/1uwr4jf/do_you_think_lebron_going_to_philly_will_ruin_his/,2026-07-15
1uwr4m0,nba,1784077327,16 years ago LeBron left Cleveland for Miami. Paul George is the only NBA player left from that offseason’s NBA draft,"John Wall who was the #1 pick last played in the NBA 3.5 years ago.

  
in 2014 LeBron had a controversial moment where he congratulated the young up and coming Paul George for blowing by him in the playoffs. Most saw it as LeBron showing respect to a much younger superstar. ",57,10,/r/nba/comments/1uwr4m0/16_years_ago_lebron_left_cleveland_for_miami_paul/,2026-07-15
1uwr7z8,nba,1784077586,LeBron was drafted 6 years before Steph Curry. Steph Curry was drafted 6 years before Devin Booker.,"because of LeBron”s longevity we often seen these two lumped together. and for good reason. They had a rivalry that defined a generation. So much so that they’re now often lumped together as the old guard of the NBA. 

this would be the equivalent to curry lasting long enough that Devin booker and KAT are the other “old” guys in the league. 

",1088,133,/r/nba/comments/1uwr7z8/lebron_was_drafted_6_years_before_steph_curry/,2026-07-15
1ux2jws,nba,1784113136,The best intro to any basketball game. ESPN Basketball 2004 still has the old classic ESPN NBA music. Was Lebron's first video game and he's in the intro before playing a single NBA game. Crazy he's still in the league and still one of the best players,ESPN Basketball NBA 2K4,0,0,/r/nba/comments/1ux2jws/the_best_intro_to_any_basketball_game_espn/,2026-07-15
1uwta3w,nba,1784083312,"LeBron Has Teams Begging, Angel Reese Calls Game & Marcellus Wiley Breaks His Silence | TLTP Ep. 30",,1,0,/r/nba/comments/1uwta3w/lebron_has_teams_begging_angel_reese_calls_game/,2026-07-15
1uwtexw,nba,1784083707,Lebron should go play college ball,"LeBron went straight from St. Vincent-St. Mary High School to the No. 1 overall pick in the 2003 NBA Draft, entirely bypassing the college experience. He has won NBA rings, MVP trophies, and Olympic gold medals. The only major basketball milestone completely missing from his resume is a **National Championship.** Imagine the legacy points. If LeBron could stroll into April, cut down the nets, and hoist the NCAA National Championship trophy, he would possess an absolutely bulletproof, multi-tiered basketball resume that literally no other modern player could ever touch. No sporting event on earth is as unpredictably chaotic as March Madness. Now, picture LeBron James leading a team like the **Ohio State Buckeyes** (the school he has historically supported) or **USC** (where his son Bronny played) through the bracket**.**  The TV ratings would shatter every sports broadcast record in history**.** Imagine LeBron—a literal mountain of a man with 20 years of elite pro experience—setting a screen on an 18-year-old freshman communications major from a 16-seed mid-major school. It would be a hilarious, terrifying, and deeply entertaining spectacle.If LeBron played a single season in the NCAA today, he wouldn't just break college records—he would rewrite the physics of the game**.**  Against college defenders, a coast-to-coast LeBron dunk would look like a grown man playing on a mini-hoop. He would easily average a triple-double: something absurd like 38 points, 15 rebounds, and 12 assists per game, while shooting 75% from the field. I’m getting fully erect just thinking about it.",152,73,/r/nba/comments/1uwtexw/lebron_should_go_play_college_ball/,2026-07-15
1uwsf4a,nba,1784080881,"[Helin] League sources NBC Sports has spoken with still think all signs point to Cleveland as the destination… Miami is also reportedly interested in DeMar Derozan as a fallback if LeBron chooses to go elsewhere, and other teams on his list as thinking the same thing…",https://www.nbcsports.com/nba/news/latest-nba-free-agency-rumors-is-lebron-finally-nearing-a-decision-heat-eye-thompson-derozan,376,175,/r/nba/comments/1uwsf4a/helin_league_sources_nbc_sports_has_spoken_with/,2026-07-15
1uwul4g,nba,1784087097,"If LeBron plays his last season next year, he will have played almost exactly half of his career without a headband. Will he be remembered with or without a headband in the future?","LeBron James officially stopped wearing his signature headband late into the 2014/2015 season. He decided to permanently abandon it out of a desire to look and feel more unified with his Cleveland Cavaliers teammates.

Source: https://www.espn.com/nba/playoffs/2015/story/_/id/12815073/lebron-james-cleveland-cavaliers-ditched-headband-look-teammates 

Up until that point, he was known to have a headband in every game, except in the iconic Game 6 of the 2013 Finals, where he played 14 minutes without it, posting 14 points down the stretch to force Game 7.

Since LeBron won 2 titles in 12 seasons with a headband (2003 - 2015) and 2 without one in 11 seasons (2015 - Present), when he is to be memorialized with a statue perhaps, would he wear a headband?",3519,223,/r/nba/comments/1uwul4g/if_lebron_plays_his_last_season_next_year_he_will/,2026-07-15
1uwv50z,nba,1784088704,"Sham Says The LeBron James Decision Could Be Any Day Now. “This could be any day, any week now.”",,0,112,/r/nba/comments/1uwv50z/sham_says_the_lebron_james_decision_could_be_any/,2026-07-15
1uwv8hd,nba,1784088992,Lebron announced his decision in 2010 3 days before Spain won the world cup. Spain is now back in the World Cup Finals on Sunday and likely to win. So LeBron decision on Thursday?,"7/8/2010 was the LeBron Decision, Spain won 7/11/2010. 

Will LeBron follow the same timeline and will he choose Miami again? ",1409,88,/r/nba/comments/1uwv8hd/lebron_announced_his_decision_in_2010_3_days/,2026-07-15
1uwtr4f,nba,1784084665,LeBron James Was Out Today Golfing With Kevin Hart,,38,43,/r/nba/comments/1uwtr4f/lebron_james_was_out_today_golfing_with_kevin_hart/,2026-07-15
1uy5sb8,nba,1784214998,Anthony Edwards Has Not Reached Out to LeBron,"""A potential pairing in the Twin Cities hinges entirely on the team’s cornerstone.

From what I’ve gathered from trusted NBA sources, Anthony Edwards has not reached out to LeBron about the notion of “The King” joining Minnesota via free agency. If Edwards were to make that call, Minnesota would instantly rocket to the center of the conversation.""

I think Scoop Robinson is fairly close with Rich Paul so I trust this. As a Wolves fan, I really hope Ant calls...

  
[https://scoopb.com/2026/07/inside-lebrons-free-agency-why-harden-would-welcome-the-king-in-cleveland-rich-pauls-verdict-the-reality-behind-the-steve-kerr-viral-troll/](https://scoopb.com/2026/07/inside-lebrons-free-agency-why-harden-would-welcome-the-king-in-cleveland-rich-pauls-verdict-the-reality-behind-the-steve-kerr-viral-troll/)",0,56,/r/nba/comments/1uy5sb8/anthony_edwards_has_not_reached_out_to_lebron/,2026-07-16
1uy9j61,nba,1784223130,"Tyrese Haliburton asked LeBron James if he had a Decision for everyone to announce. LeBron: “We just talked about this in the back.” Haliburton: “OK, OK, I’ll leave it alone.” And the podcast taping moved on.",,1145,311,/r/nba/comments/1uy9j61/tyrese_haliburton_asked_lebron_james_if_he_had_a/,2026-07-16
1uy6stj,nba,1784217259,"If LeBron re-signed with the current Lakers squad, would that give him a better shot at a championship next year than any other team?","If he’s going to play for a minimum or a small contract, why not just resign with this Lakers squad?

Does anyone think Bron on Cleveland or Philly gives him a better chance at contending than the current Lakers would? If his goal is simply to win a championship, the Lakers seem like the best spot for him to do that.

Would they be championship favorites in general if he resigned? ",0,11,/r/nba/comments/1uy6stj/if_lebron_resigned_with_the_current_lakers_squad/,2026-07-16
1uy748g,nba,1784217923,An alternate destination for LeBron James’ last NBA season.,"For the last two weeks, LeBron has made it clear that his final options are between Miami, Philly, and Cleveland. Each of these options have their own merit. Cleveland would be the idyllic hometown return to cap off his career, Philly would arguably have the best starting lineup in the league, and Miami just acquired former MVP Giannis Antetokounmpo. There have also been jokes suggesting that LeBron signs a 10 day contract with every team, to get a guaranteed chip and so every team can feel the king’s presence. Yet another option is that LeBron goes to the winner of the NBA cup. 

However, none of these options are fit to cap off the legacy for what many consider the greatest human being to ever touch a basketball. This is where my suggestion comes into play: 

**LeBron creates his own NBA team**

I propose that the next NBA season starts with 31 teams instead of 30. In order to fill out his team, the NBA would hold an expansion draft, where teams can reserve players, and leave players on the table for LeBron’s team to draft. LeBron has already shown incredible ability as a locker room leader and coach, so it isn’t a stretch to assume that he would also be adept at drafting. LeBrons team would be in a conference and division of its own, and would play every single NBA team twice. They will be qualified for the playoffs by default. They would play a game against a playoff team that LeBron himself chooses, and would thus be slotted into the playoffs that way, and the playoffs would continue as normal.

A very relevant concern would be that of payment. And to that I say that every player should consider it an honor to be chosen to play for the king, and thus play for free.

I am open to team names.",0,8,/r/nba/comments/1uy748g/an_alternate_destination_for_lebron_james_last/,2026-07-16
1uy8zvy,nba,1784221989,"[OC] The ""LeBron Effect,"" measured: average team Elo with vs. without LeBron for each of his stints (2002–26) — Cavs '14–18: +164, Heat: +150, Cavs '03–10: +117, Lakers: +8",,1,1,/r/nba/comments/1uy8zvy/oc_the_lebron_effect_measured_average_team_elo/,2026-07-16
1uy944t,nba,1784222243,"[OC] The ""LeBron Effect,"" measured: average team Elo with vs. without LeBron for each of his stints (2002–26) — Cavs '14–18: +164, Heat: +150, Cavs '03–10: +117, Lakers: +8",[removed],1,0,/r/nba/comments/1uy944t/oc_the_lebron_effect_measured_average_team_elo/,2026-07-16
1uy9by3,nba,1784222711,"How come the Pacers aren't one of LeBron's choices? Ignoring the location of the city, it is pretty well balanced and LeBron would fit seamlessly.","When looking at it, the lineup would be

Hali Nemby LeBron Siakam Zubac  
TJ Nesmith Walker Kelly Huff

Cause LeBrons requirements were two scorers who can create their own shots.  
Hali does that  
Nemby does that   
Siakam does that

Sure, the gamble is whether Hali can even be near the same player due to Shingles and coming off an Achilles tear a year and a half ago when the season starts. But then again, the injuries aren't controlling how he playmakes.

Looking at the bench too, they have   
TJ good playmaker  
Nesmith as a 3&D   
Walker still developing  
Kelly for more scoring power  
Huff as a shot-blocking stretch 5

Hell, I didn't even get to mention   
Obi Toppin, good lob threat   
Larry Nance   
Quenton Jackson, who balled out last season   
Ben Sheppard 

  
We can even look at the good defenders he'd be surrounded with   
Nemby  
Siakam (team defender but plays well when he tries)  
Zubac   
Nesmith 

Some average defenders  
Kelly   
TJ  
Ben  
Huff

  
Like, I feel like it works well.

Plus the Pacers have the picks and salary to package Toppin and friends to trade for another 3&D wing.",0,151,/r/nba/comments/1uy9by3/how_come_the_pacers_arent_one_of_lebrons_choices/,2026-07-16
1uyab54,nba,1784224820,"[Dave McMenamin] Tyrese Haliburton said he made a recruiting attempt to bring LeBron to Indiana, even before he let the Lakers know he would be leaving. LeBron replied with 2 laughing emojis and Haliburton said that was the end of his recruiting efforts.","\[McMenamin\] Tyrese Haliburton said he made a recruiting attempt to bring LeBron to Indiana, even before he let the Lakers know he would be leaving.  
  
LeBron’s text back: 2 laughing emoji's  
  
Haliburton said that was the end of his recruiting efforts.

Source: [https://hoopswire.com/lebron-james-fanatics-fest-nba-rumors-news/](https://hoopswire.com/lebron-james-fanatics-fest-nba-rumors-news/)",10610,466,/r/nba/comments/1uyab54/dave_mcmenamin_tyrese_haliburton_said_he_made_a/,2026-07-16
1uy5r6h,nba,1784214928,Anthony Edwards Has Not Reached Out to LeBron,[removed],1,1,/r/nba/comments/1uy5r6h/anthony_edwards_has_not_reached_out_to_lebron/,2026-07-16
1uyadn9,nba,1784224957,If LeBron isn’t going to Cleveland he should announce that instead of stringing them along again…,"It feels to me like it’s going to be Golden State and he’s trying to get them to trade Jimmy for AD or someone else. Given the history of LeBron and his hometown team, I think LeBron (or Rich Paul) should announce that he isn’t going to Cleveland so he doesn’t string along the fans and NE Ohio a second tim (If he’s not going there then he rest knows that). Part of why the fans were so hurt the first time was The Decision felt like a public humiliation to them. He could still drag this out if he needs to between the other teams in the mix but it feels like he’s using the potential Cavs return as leverage and I think that could do a lot of damage to his relationship with the fans. ",0,91,/r/nba/comments/1uyadn9/if_lebron_isnt_going_to_cleveland_he_should/,2026-07-16
1uyd2lz,nba,1784230853,"Pat Riley on LeBron James: “I hope I’m not talking out of both sides of my mouth here, but… You never know that you’re going to win a title until you win one. But you’ll never win one if you don’t have the talent and the coaching to do it… He knows what he wants. He knows what he has to do.”",,251,240,/r/nba/comments/1uyd2lz/pat_riley_on_lebron_james_i_hope_im_not_talking/,2026-07-16
1uyd08p,nba,1784230707,LeBron just said he will play one or two more years.,"“It’s a big decision for not only myself but for my family as well. For where I want to spend the last part of my career. The last year or the last two years of my NBA career.”


In what world do people see him deciding to be a mercenary for one year in Golden State or Philly just to spend his last year on the Cavs? Does that seem like a strong narrative arc to end his career? Just adding another jersey to the closet for a year?",671,313,/r/nba/comments/1uyd08p/lebron_just_said_he_will_play_one_or_two_more/,2026-07-16
1uyahrh,nba,1784225198,"Tyrese Haliburton asks LeBron James his most underrated quality as a player. He points to his availability: “I think, as a leader, it’s hard to be able to lead a group of men out there if you are not available to them on a consistent basis.”",,1240,226,/r/nba/comments/1uyahrh/tyrese_haliburton_asks_lebron_james_his_most/,2026-07-16
1uycmhw,nba,1784229863,Did Lebron leave the Lakers because of Luka's injury history,"Luka missed the playoffs in 2023 and 2026 because of injuries.

He made the finals in 2024

He will make the ____ in 2027


Lebron's most important skill isn't his passing, it's his iron-man status.
And this is something he works on consciously right.
Do you think he was upset that Luka got injured right before the playoffs again.

Do you think people will start criticizing Luka for the injuries soon?
Given that he's missed the playoffs twice already because of them.

Obviously injuries aren't under your control, but being health conscious is.",0,65,/r/nba/comments/1uycmhw/did_lebron_leave_the_lakers_because_of_lukas/,2026-07-16
1uycktd,nba,1784229755,"Lebron not ready to reveal his next team, but it will be ‘fun’",Why does he always have to be the biggest attention whore? He has probably known where he is going for a week.  ,0,93,/r/nba/comments/1uycktd/lebron_not_ready_to_reveal_his_next_team_but_it/,2026-07-16
1uycenn,nba,1784229374,"LeBron James not ready to reveal next team, but it will be 'fun'",,1,1,/r/nba/comments/1uycenn/lebron_james_not_ready_to_reveal_next_team_but_it/,2026-07-16
1uybcnm,nba,1784227033,There is zero chance LeBron signs with Philly because Jaylen Brown is Nike's biggest critic.,"LeBron is not going to Philly. Brown is the #1 biggest critic of Nike in the entire NBA. He tweeted in 2022 ""Since when did Nike care about ethics?"" during the Kyrie documentary saga. Got in a feud with them over the Olympics snub. Turned down a deal with them due to a clause that said they could terminate his deal if he said anything ""controversial"" to their ecosystem. And started his own brand 741 as a direct response to Nike and the major sneaker companies. Oh and he dissed Bronny too. Zero chance LeBron is teaming up with this guy.",0,44,/r/nba/comments/1uybcnm/there_is_zero_chance_lebron_signs_with_philly/,2026-07-16
1uyacd2,nba,1784224883,Tyrese Haliburton reveals he made a recruiting attempt to bring LeBron James to the Pacers before he let the Lakers know he would be leaving. LeBron texted back: “🤣🤣” Haliburton said that was the end of his recruiting efforts.,,258,80,/r/nba/comments/1uyacd2/tyrese_haliburton_reveals_he_made_a_recruiting/,2026-07-16
1uy5ioe,nba,1784214406,LeBron James is the 🐐,[removed],1,0,/r/nba/comments/1uy5ioe/lebron_james_is_the/,2026-07-16
1uyhks2,nba,1784241023,"Adam Silver: ""We have to finish up the schedule and where LeBron plays affects the schedule... It will influence how we set the schedule — opening week, Christmas. So I need him to make a decision.”","SRC: https://bleacherreport.com/articles/25455659-lebron-james-nba-free-agency-decision-impacting-schedule-release-adam-silver-says


> Count Adam Silver among those waiting on LeBron James to pick a team, he said at CNBC event.
> 
> “We have to finish up the schedule and where LeBron plays affects the schedule... It will influence how we set the schedule — opening week, Christmas. So I need him to make a decision.”


Usually the opening and christmas games are announced august 8-10ish and the 1st half released a few days later",7425,898,/r/nba/comments/1uyhks2/adam_silver_we_have_to_finish_up_the_schedule_and/,2026-07-16
1uy49xq,nba,1784211683,"If Lebron decides to join the Warriors, Lebron will be the first player in NBA History to join a team that beat him 3 times in the finals.","No other player in history has done this historic feat before. Lebron will be the first if he joins the Warriors.

Maybe Lebron will recreate his famous quote when he joins the Warriors and say I lost to the Warriors ""not one, not two, but three times in the NBA finals"" and I decided to join them.",7,38,/r/nba/comments/1uy49xq/if_lebron_decides_to_join_the_warriors_lebron/,2026-07-16
1uxs1ri,nba,1784174623,A LeBron James Warriors team up would be a final concession on who the last era belonged to in the Curry LeBron debate.,"LeBron joining the warriors would be LeBron James admitting defeat in his legacy against Stephen Curry as the player of the previous era. Now that a new era has begun. LeBron conceding to curry would be one final blow to his legacy. Sour your largest fanbase one last time in Cleveland. 

Going to a team who does not care one bit about his legacy or his farewell tour. Being one Curry injury away from spending your time with Draymond green fighting for the last play in spot. You don’t even get to have fun with curry the main reason you’re there. 

You have your entire rest of your life to play golf. Don’t need to waste your last season in golden state for that. ",0,94,/r/nba/comments/1uxs1ri/a_lebron_james_warriors_team_up_would_be_a_final/,2026-07-16
1uxrtrt,nba,1784173960,"LeBron James Compares NBA Bubble To Visiting a Haunted House For The First Time Where You Don't Realize The Horrors Within Until You Get There: ""You don't really know what you're getting yourself into until you get inside the bubble
and they tell you that right there you cannot go outside.""",,650,436,/r/nba/comments/1uxrtrt/lebron_james_compares_nba_bubble_to_visiting_a/,2026-07-16
1uxoxeh,nba,1784165646,"Fans: “We need to get LeBron, man.”.

Steve Kerr: “Oh we got him. Put that on Twitter.”",,15,1,/r/nba/comments/1uxoxeh/fans_we_need_to_get_lebron_man_steve_kerr_oh_we/,2026-07-16
1uxnuqa,nba,1784162723,"A Warriors fan asked Steve Kerr, “When do you get LeBron, man?” Kerr replied, “Oh, we got him. Don’t put that on Twíttér.”",,6017,267,/r/nba/comments/1uxnuqa/a_warriors_fan_asked_steve_kerr_when_do_you_get/,2026-07-16
1uxn9ld,nba,1784161167,"If the NBA were Gotham, LeBron would be Harvey Dent.","LeBron is the White Knight of Gotham NBA. Heralded as the coming savior only to eventually become two faced. He always makes things about himself. 

*You either die a hero, or you live long enough to see yourself become the villain.*",0,7,/r/nba/comments/1uxn9ld/if_the_nba_were_gotham_lebron_would_be_harvey_dent/,2026-07-16
1uyd65l,nba,1784231074,Lebron Watch: KD and the King Team up?,[removed],1,0,/r/nba/comments/1uyd65l/lebron_watch_kd_and_the_king_team_up/,2026-07-16
1uxwtvx,nba,1784190443,Is Lebron going to bluff us all ?,[removed],1,0,/r/nba/comments/1uxwtvx/is_lebron_going_to_bluff_us_all/,2026-07-16
1uxtgy0,sixers,1784179058,"Kevin Durant Talks About Where LeBron Will Go and Says He Will Never Team Up With Him: ""I wish I knew. If I had to choose one I'd Cleveland. But I think Philly got a big chance too... You gonna be waiting for the rest of your life. Forever. I don't think that's happening. We both 40 years old man.""",,79,9,/r/sixers/comments/1uxtgy0/kevin_durant_talks_about_where_lebron_will_go_and/,2026-07-16
1uy0snm,sixers,1784203162,Do you actually think that LeBron reveals his decision on his show today?,,33,62,/r/sixers/comments/1uy0snm/do_you_actually_think_that_lebron_reveals_his/,2026-07-16
1uy7ev1,sixers,1784218555,LeBron doesnt need to spend an entire season in Cleveland to get his storybook ending,"Let's assume that this is indeed true and he wants to wrap up his documentary back in his home city with all the fanfare.  

Would spending an entire season in Cleveland struggling to play and win with Harden really be the ending he wants?  I dont think it's a guarantee he wins if he goes there, regardless of the moves they make around him.

If he really wants to guarantee that ending, why not just sign a 1-day contract with them at some point (whenever that is) and retire a Cav.  He can go do a little speech pre-game some night there, they do a whole retirement ceremony for him, etc.  He gets all the accolades, retire him number, whatever.  Fans go nuts and cheer, he gets his clip for his documentation, roll credits.

Then, he could sign with a team like Philly and potentially bolster his legacy by possibly winning here (with a team built with a perfect fit for him).  Not even Jordan won with 4 different teams, so that helps solidify him for GOAT.  

I'm not saying this means he will come to Philly.  I'm just saying the narrative that he ""needs to play in Cleveland to finish the story"" is bogus from a basketball season perspective.  He can do that no matter where he signs this year.",0,12,/r/sixers/comments/1uy7ev1/lebron_doesnt_need_to_spend_an_entire_season_in/,2026-07-16
1uy8kj4,sixers,1784221096,please lebron i need this my team is kinda ringless,,1,1,/r/sixers/comments/1uy8kj4/please_lebron_i_need_this_my_team_is_kinda/,2026-07-16
1uy8llb,sixers,1784221162,lebron,lebron please i need this my team is kinda ringless,0,9,/r/sixers/comments/1uy8llb/lebron/,2026-07-16
1uy9o79,sixers,1784223435,"[Dave McMenamin] Tyrese Haliburton attempted to ask LeBron James about his decision early on in the program and James did not bite, saying “didn’t we already talk about this in the back.” Haliburton acquiesced and said, “I’ll leave it alone.”",,268,79,/r/sixers/comments/1uy9o79/dave_mcmenamin_tyrese_haliburton_attempted_to_ask/,2026-07-16
1uyb6s7,sixers,1784226690,"Tyrese Haliburton asks LeBron James his most underrated quality as a player. He points to his availability: “I think, as a leader, it’s hard to be able to lead a group of men out there if you are not available to them on a consistent basis.”",,53,41,/r/sixers/comments/1uyb6s7/tyrese_haliburton_asks_lebron_james_his_most/,2026-07-16
1uxyzcc,nba,1784197763,Coach K Shuts Down Pat McAfee For Trying To Force Lebron Into The Conversation With Kobe And Jordan,,0,26,/r/nba/comments/1uxyzcc/coach_k_shuts_down_pat_mcafee_for_trying_to_force/,2026-07-16
1uy009t,nba,1784200919,"Do you think LeBron already knows where he’s going, but is waiting until after the World Cup to announce it?",[removed],1,0,/r/nba/comments/1uy009t/do_you_think_lebron_already_knows_where_hes_going/,2026-07-16
1uy2732,nba,1784206785,"Steve Kerr teases Warriors fans about LeBron James’ next team: ‘Oh, we got him’",,1,1,/r/nba/comments/1uy2732/steve_kerr_teases_warriors_fans_about_lebron/,2026-07-16
1uy4afe,nba,1784211714,[Katz] The Cleveland Cavaliers could decide to attach a future draft pick to the contract of Max Strus or Dennis Schröder in order to pay LeBron James more than a minimum contract.,"Source: https://www.nytimes.com/athletic/7448210/2026/07/16/lebron-james-kawhi-leonard-nba-decisions/?unlocked\_article\_code=1.yFA.TO\_2.AVUnJ6pIK1OR&source=user\_shared\_article&smid=ta-ios-share

The Cavaliers require a second step to pay James more than the minimum. Let’s say Harden re-signs for a 2026-27 salary of approximately $30 million. Evan Mobley and Donovan Mitchell both make more than $50 million this season. Jarrett Allen is due for $28 million. That leaves two mid-sized salaries Cleveland could dump.  
Strus and Schröder make $16.7 million and $14.8 million this season, respectively. Attach a draft pick, and the Cavs could drop either into another team’s space. 

Schröder, especially, might be the easier one to trade — and not only because Strus would still be a productive fit coming off the bench on a squad that included James. Schröder’s salary is small enough that the Cavaliers could trade him into another team’s midlevel exception, which would allow them to take zero money back.",423,216,/r/nba/comments/1uy4afe/katz_the_cleveland_cavaliers_could_decide_to/,2026-07-16
1uyekl1,nba,1784234234,Why doesn’t LeBron just start an expansion team in Akron this off season?,"With all the talk about what LeBron is gonna do this offseason, why isn’t anyone bringing up him just starting his own team in Akron?  
He’s got the money, the influence, and literally everyone in Ohio would support it. If he announced he wanted to bring an expansion team to Akron, I don’t see why the NBA wouldn’t fast track it. It would make them a ton of money and probably be the biggest story in league history.  
Then he could spend this offseason recruiting whoever he wants to come play with him instead of trying to join another team. If anyone could pull something like that off, it’d be LeBron.  
Am I missing something or is this actually possible?",0,59,/r/nba/comments/1uyekl1/why_doesnt_lebron_just_start_an_expansion_team_in/,2026-07-16
1uyemqz,nba,1784234369,"Pat Riley on LeBron James’ free agency: “To be transparent about it, we’ve had discussions over a week ago, maybe a week before that about it. But right now, I think we’re like everybody else. Just waiting to see what he does.”",,167,61,/r/nba/comments/1uyemqz/pat_riley_on_lebron_james_free_agency_to_be/,2026-07-16
1uyfey6,nba,1784236175,"[Highlight] On the day LeBron James broke the all-time scoring record, Russell Westbrook refused to sub out of the game for him",,3504,549,/r/nba/comments/1uyfey6/highlight_on_the_day_lebron_james_broke_the/,2026-07-16
1uxu76f,nba,1784181426,Did ESPN accidentally leak LeBron to the Warriors?,"In todays PTI episode, for the first 30 minutes or so, when they released the podcaxt version of the show, they titled it

> Steph Curry Behind LeBron's Stunning Warriors Decision? Kawhi is Back...?

Even though the episode had nothing to do with LeBron or the Warriors.

[Here is the podcast title image](https://i.imgur.com/ANFC8mY.jpeg)


Later when people noticed it and started talking about it, they changed the title of the episode to 

> Argentina STUNS England in World Cup Semi Final

[Here is the fixed podcast title](https://i.imgur.com/9BrW9lL.jpeg)

-----

thoughts?",1507,150,/r/nba/comments/1uxu76f/did_espn_accidentally_leak_lebron_to_the_warriors/,2026-07-16
1uxwmo3,nba,1784189733,[Highlight] LeBron James Laughs at Russell Westbrook Yelling 'They better double me' While Down 29 Points,,1361,141,/r/nba/comments/1uxwmo3/highlight_lebron_james_laughs_at_russell/,2026-07-16
1uyfpdx,nba,1784236852,"Interviewer: “Give me your pitch for LeBron to come back to Cleveland.” Donovon Mitchell: “I mean, it’s home. We’ve done it once. Let’s do it again. Simple as that.” Interviewer:“Will you cry when LeBron retires?” Donovon: “No, I don’t think so. Could be great to a part of that if it’s his last year",,109,79,/r/nba/comments/1uyfpdx/interviewer_give_me_your_pitch_for_lebron_to_come/,2026-07-16
1uyi97w,nba,1784242713,"Adam Silver: ""We have to finish up the schedule and where LeBron plays will affect the schedule. So, I would like him to make his announcement already...teams are calling us, the networks are calling us, and everybody wants to lock in the schedule. It will influence how we set the schedule",,1549,506,/r/nba/comments/1uyi97w/adam_silver_we_have_to_finish_up_the_schedule_and/,2026-07-16
1uyjqfg,nba,1784246459,"Charania on LeBron James: “I don’t know if I’m holding my breath for an announcement this week…. LeBron has had multiple owners/GMs about 3-5 that have sent voice memos to him via Rich Paul""",,36,57,/r/nba/comments/1uyjqfg/charania_on_lebron_james_i_dont_know_if_im/,2026-07-17
1uz1s4b,nba,1784299479,"LeBron James announced ""The Decision"" in July of 2010 on the same weekend as Christopher Nolan’s hit movie, Inception, was released.","LeBron also did the promo for The Odyssey (that was just released in theaters this weekend) with his son, Bronny James.

If history repeats itself, LeBron will announce his ""Final Decision"" to join his new team this weekend (perhaps in the next 24 hours).

So where’s he going? Heat, Cavs, Dubs, Sixers?",1326,105,/r/nba/comments/1uz1s4b/lebron_james_announced_the_decision_in_july_of/,2026-07-17
1uz2hhv,nba,1784301016,Adam Silver on schedule and LeBron,,3,34,/r/nba/comments/1uz2hhv/adam_silver_on_schedule_and_lebron/,2026-07-17
1uzen03,nba,1784328316,[theScore] LeBron Thinks he can play until 65,[removed],1,1,/r/nba/comments/1uzen03/thescore_lebron_thinks_he_can_play_until_65/,2026-07-17
1uzdyrs,nba,1784326612,Lebron's former teammate Jeff McInnis on the Lebron and Kobe state debate.,Facts.,1,1,/r/nba/comments/1uzdyrs/lebrons_former_teammate_jeff_mcinnis_on_the/,2026-07-17
1uzdu8d,nba,1784326295,LeBron on the Isaiah Stewart incident: “He’s chasing the shit out of me and I’m like get this big mf up off me. That’s a big boy.”,,269,98,/r/nba/comments/1uzdu8d/lebron_on_the_isaiah_stewart_incident_hes_chasing/,2026-07-17
1uzbym5,nba,1784321781,"“Wasn’t this like when LeBron, D Wade, and Chris Bosh and the big 3, the Harlem Shake? Those moments are so iconic bro.”

— Giannis talking about the Miami Heat Harlem shake video while touring the Heat locker room",,2613,239,/r/nba/comments/1uzbym5/wasnt_this_like_when_lebron_d_wade_and_chris_bosh/,2026-07-17
1uzbme3,nba,1784321012,[Twitch] James Harden says/claims he does not know where LeBron is going,"Source: Rayasianboy Twitch stream.

He also made an appearance with streamer N3on earlier but I didn't see any mention of LeBron on social media.",210,94,/r/nba/comments/1uzbme3/twitch_james_harden_saysclaims_he_does_not_know/,2026-07-17
1uz4pam,sixers,1784305897,A “trust the process” mention from LeBron James when discussing his decision. Crowd goes wild.,,413,88,/r/sixers/comments/1uz4pam/a_trust_the_process_mention_from_lebron_james/,2026-07-17
1uywdae,sixers,1784285803,"Today's LeBron post is Walt Whitman's Poem ""The Open Road"" with very minor adjustments","Afoot and light-hearted, I take to the open road,
Healthy, free, the world before me,
Broad and Market before me, leading wherever I choose.

Henceforth I ask not good-fortune—I myself am good fortune;
Henceforth I whimper no more, postpone no more, need nothing,
Strong and content, I travel the open road . . .

. . . From this hour, freedom!
From this hour I ordain myself loos’d of limits and imaginary lines,
Going where I list, my own master, total and absolute,
Listening to others, and considering well what they say,
Pausing, searching, receiving, contemplating,
Gently, but with undeniable will, divesting myself of the holds that would hold me . . .  

. . . I inhale great draughts of space;
The east and the west are mine, and the north and the south are mine.

I am larger, better than I thought;
I did not know I held so much cheesesteaks.

All seems beautiful to me;
I can repeat over to men and women, You have done such good to me, 
I would do the same to you.

I will recruit for myself and you as I go;
I will scatter myself among men and women as I go;
I will toss the new gladness and roughness among them;
Whoever denies me, it shall not trouble me;
Whoever accepts me, he or she shall be blessed, and shall bless me.

Sixers in fo, fo, fo. Go Birds.",0,19,/r/sixers/comments/1uywdae/todays_lebron_post_is_walt_whitmans_poem_the_open/,2026-07-17
1uykieh,sixers,1784248536,"Charania on LeBron James: “I don’t know if I’m holding my breath for an announcement this week…. LeBron has had multiple owners/GMs about 3-5 that have sent voice memos to him via Rich Paul"" - watch till the end.",,16,26,/r/sixers/comments/1uykieh/charania_on_lebron_james_i_dont_know_if_im/,2026-07-17
1uz4p2g,nba,1784305885,A “trust the process” mention from LeBron James when discussing his decision. Crowd goes wild.,,4575,773,/r/nba/comments/1uz4p2g/a_trust_the_process_mention_from_lebron_james/,2026-07-17
1uz50k8,nba,1784306588,This is part of Lebron's movie,"LeBron has said he wants to make a documentary about the upcoming season. He's probably already making it and all of this speculation will be going into it as well as quotes, etc. to set the tone for the movie, lol",184,60,/r/nba/comments/1uz50k8/this_is_part_of_lebrons_movie/,2026-07-17
1uz6f12,nba,1784309587,How many people are looking forward to LeBron James and Stephen Curry teaming up?,[removed],1,0,/r/nba/comments/1uz6f12/how_many_people_are_looking_forward_to_lebron/,2026-07-17
1uz0rll,nba,1784297207,"[ESPN] Pat Riley: ""We've had conversations with Rich (Paul) and they were very good. So if that happens and he (LeBron) wants to come to the 305,we got a golf course. The weather's nice. Steve Kerr, same thing down here. And there's no state tax. So that's a little better than California.",,1797,422,/r/nba/comments/1uz0rll/espn_pat_riley_weve_had_conversations_with_rich/,2026-07-17
1uz6liz,nba,1784309975,Multiverse of Reddit Madness: How would your team do if they signed LeBron James?,"According to reports, LeBron James is relying on Rich Paul and voice memos to pick his next destination. However, there's another angle he can consult: the [Multiverse](https://www.imdb.com/title/tt9419884/). Here's a look through 32 different timelines to see how James did with each respective decision.

---

**ATLANTA HAWKS**

The Hawks already handed the franchise over to their own playmaking forward in Jalen Johnson, who will now have to share the spotlight with LeBron James. Of course, in terms of ""duplication,"" having two big forwards who can pass is a better problem to have than others. Can the rest of the supporting cast step up? C.J. McCollum, Nickeil Alexander-Walker, and Dyson Daniels make up for a ""good enough"" backcourt that helps propel the team to the 4th seed in the regular season.

In the playoffs, the Hawks match up with a team the King snubbed: the Cavs. And here, the matchups work against them. The Cavs' big men duo of Jarrett Allen + Evan Mobley outclass the Hawks frontcourt and grind out a 4-2 series win.

---

**BOSTON CELTICS**

Like Atlanta, Boston already made their choice between their stars, swearing allegiance to Jayson Tatum.

Having a 41-year-old LeBron James around doesn't change that math much. James and Paul George act as complementary pieces as Tatum works his way back to 100% strength and back into the All-NBA conversation.

The Celtics enter the playoff as the # 2 seed out East, with the flexibility to throw out a super-sized lineup (Derrick White, George, James, Tatum, and a big) that motivates many pundits to pick them to win the conference. At first, the Celts look capable of living up to that with two series wins. In the Conference Finals, they match up with rival New York for an epic clash of would-be titans. Unfortunately, the Celtics shooting runs cold (perhaps a product of the older James and George getting worn out), as the Knicks beat them 4-2 and return to the Finals instead.

---

**BROOKLYN NETS**

Brooklyn's most decorated players are also big fowards in Michael Porter Jr. and Julius Randle, leading to a questionable fit with LeBron James. The Nets' young guards (Egor Demin, Mikel Brown, and Nolan Traore) also look too inexperienced for a playoff run as well, adding to a shaky combination. Fans are unsure why he signed there at all. Did he get off at the wrong subway stop?

The team flirts with .500 but looks destined for the play-in tournament instead. Around midseason, the Nets brass have a heart-to-heart with James, debating whether this is truly the best place for him to be. James agrees to a buy-out, and the Nets agree to pay for his cab fare to a real contender for the playoffs.

---

**CHARLOTTE HORNETS**

Earlier in his career, LeBron James resisted the idea of mentoring younger players (like would-be Cav Andrew Wiggins), but he's accepting the challenge here in Charlotte. In his mind, Kon Knueppel and Brandon Miller are advanced enough to be great spacers for him.

The plan looks good at the start as James averages 9 assists a game in his de facto PG role. There's even some early ""MVP!"" buzz from talking heads looking to fill air time. Eventually, the momentum slows down and the team settles into a 6th seed. The Hornets will happily take their playoff berth, but they don't appear to be serious contenders for the crown. And sure enough, they're beaten 4-2 by Philadelphia in the first round, as Tyrese Maxey and Jaylen Brown crash the paint and averaged a combined 50 PPG in the series.

---

**CHICAGO BULLS**

In another dimension, LeBron James mentors two other young prospects in Matas Buzelis and Caleb Wilson. But in this case, there's more duplication involved. Neither Buzelis or Wilson work as reliable spacers, leading to some clogged courts and some side-eye glares from James. He doesn't appear to trust these young kids yet. And he doesn't appear to trust his new PG Josh Giddey around his teenage daughter either. 

At the end of the day, it's a sour fit that leads to a play-in appearance but no playoff ticket.

---

**CLEVELAND CAVALIERS**

LeBron James' return to Ohio leads to overwhelming media coverage and a potentially overwhelming wealth of talent. The Cavs immediately become one of the betting favorites to win the title, with two bigs and three All-Star perimeter players.

At first, there's some unexpected bumpiness as the team figures out their proper play style. Do they run through Donovan Mitchell? James Harden? LBJ? The Cavs start out a modest 18-12, a record that leads to some panic in the social media space. Skip Bayless claims James made a fatal mistake hitching his wagon to a bum like Harden and will thus ""never be in the GOAT conversation again!""

But the Cavs eventually find their footing and James finds his way right back into that GOAT conversation. The team finishes as the # 2 seed behind the Knicks. And there, in a ballyhooed Eastern Conference Finals, Donovan Mitchell steps up as the alpha dog and scores 35 points in a decisive Game 7. It appears that the King is set for a storybook ending. However, the OKC Thunder have something else to say in the Finals. The Cavs have a difficult time bottling up Shai Gilgeous-Alexander and a cohesive Thunder attack, as OKC wins 4-2 and leaves all of Cleveland broken hearted.

---

**DALLAS MAVERICKS**

LeBron James makes the unexpected decision to go to Dallas, reuniting with his old buddy Kyrie Irving in the process. But where does that leave *new* Mavs star Cooper Flagg? Nice guy Flagg plays the role of good soldier, saying that he's unconcerned with his stats as long as the team make a playoff run.

Unfortunately, that's no guarantee. The old Dallas perimeter (with Irving, Klay Thompson, and James) leads to some poor defensive effort at times. There's also grumbling that the old heads haven't fully embraced a ""college"" coach in Dusty May. The media claims there's a virtual ""civil war!"" in the locker room between the old dogs and the new guard (Flagg, Dusty May, Morez Johnson, etc). But in truth, there's simply not enough talent on the team to do much better than their 8th seed. The team loses 4-1 to OKC in the first round.

---

**DENVER NUGGETS**

The Nuggets proudly announce the upset as LeBron James joins forces with Nikola Jokic in Denver. It'll unite two of the smartest basketball players of all time on a roster that can support them with some sharpshooters like Jamal Murray and Cam Johnson. The team is among the early title favorites.

Even still, the Nuggets need to survive the regular season first. Their depth is a question mark, particularly at backup center and particularly if Christian Braun can't bounce back to form. More than anything, adding to that depth is James' biggest assignment on the team. He handles enough of the load and absorbs enough minutes for the Nuggets to keep Jokic (and Aaron Gordon) more refreshed and rested than they've been in the last few playoffs. 

The team wins two series, but faces a tough matchup in the WCF against the younger and friskier San Antonio Spurs. Here, the Nuggets' lack of a reliable backup big hurts them, as Jokic looks worn down. The Spurs win the clash, 4-3, sending the team home disappointed. It's doubly bitter because the Spurs won partly because of their depth -- with rookie big Tarris Reed Jr. playing solid minutes. And as it happens, he's the same player the Nuggets could have drafted if they didn't trade down for cap relief.

---

**DETROIT PISTONS**

LeBron James joins Detroit, giving the Pistons two giant-sized playmakers to run their operation through. James willingly takes a backseat to Cade Cunningham during the regular season. In fact, James' presence helps open the game up even more for Cunningham, whose efficiency spikes and lands him at # 3 in MVP voting.

But come playoff time, a familiar issue emerges for the team. Even with two stars, there isn't enough shooting in the supporting cast to score consistently in the halfcourt. It's difficult for J.B. Bickerstaff to play Jalen Duren and Ausar Thompson together, leading to some scrambled lineups and an upset loss in R2 of the playoffs.

---

**GOLDEN STATE WARRIORS**

The ""Expendables"" dream gets greenlit in Golden State, as LeBron James teams up with his former rivals turned friends in Stephen Curry and Draymond Green. While their collective age is certainly an issue, James swears that the respect and chemistry between the group will lead to smooth sailing.

One month in, it's not so smooth. The Warriors start out decently, but don't look like true contenders. There are leaks from James' camp that the team should consider benching Green in favor of Yaxel Lendeborg who may have more life in his legs. Various minor injuries also creep up here and there, leading the team to barely slip into the playoffs as a 7th seed (after a play-in win).

Still, the fans and media hope that the team may be able to ""flip the switch"" come playoff time. But unfortunately, that lower seed means a matchup against one of the Conference powers: in this case, San Antonio. The old Warriors play nobly, but lose 4-2 in the first round.

---

**HOUSTON ROCKETS**

In the neighboring universe, LeBron James teams up with *another* former rival in Kevin Durant. Here, he'll be a welcome addition to a team that struggled to find its playmaking last season.

The Rockets play well for the majority of the year and even have the # 3 seed for a bit, but familiar problems emerge. There are reports that Durant and James are bristling at the hard-charging coaching style of Ime Udoka. And there are reports that Udoka doesn't still doesn't trust Reed Sheppard as a potential spacer for his stars. Overall, the bad vibes swallow up the season and lead to the team's premature dismissal in R1. Udoka is fired after the season.

---

**INDIANA PACERS**

Although LeBron James may have laughed off the idea of joining Tyrese Haliburton in Indiana, he has a change of heart and decides to team up with the likable young man after all.

It's a good combination right away, as James' presence takes some of the pressure off Haliburton in his return from injury. There's a natural chemistry to the club -- as they climb as high as # 3 in the Eastern Conference standings. That leads to a tough second-round matchup against defending champion New York (who had been coasting to a 2-seed). The IND/NYK rivalry is alive and well, heating up the TV ratings. Unfortunately, the Pacers' defense isn't quite title caliber, leading to an epic 4-3 loss.

---

**LOS ANGELES CLIPPERS**

Clippers owner Steve Ballmer manages to force his Kawhi Leonard trade through and follow it up with another rabbit out of his hat with a vet-minimum deal for LeBron James. The NBA immediately launches an investigation to see whether Ballmer secretly paid James more under the table, but the league office's head inspector Clouseau finds no evidence. 

Adam Silver drops the case as soon as he realizes it won't matter much. The Clips have some scorers in Darius Garland, Brandon Ingram, and LeBron James, but their defensive limitations prevent the team from looking like a viable contender. The Clippers struggle to make the playoffs and get bounced out in R1.

---

**LOS ANGELES LAKERS**

After surveying his options elsewhere, LeBron James pulls a George Constanze and simply shows up at his old office like nothing happened.

At first, it appears to be a genius move. The 2025-26 Lakers may have been doomed by their roster construction, but now that the team has a true defensive anchor in Walker Kessler it's a different story altogether. James willingly plays the role of third banana behind Luka Doncic and Austin Reaves given the team's success, as the club climbs to a # 3 overall seed. In a rematch against Houston, they thump the Rockets again. And this time, they may even venture further than that.

However, in R2, the defensive issues pop their ugly head up again as Kessler can't cover for all the mediocre perimeter defense around him. Denver rolls past them, 4-1.

---

**MEMPHIS GRIZZLIES**

As it turns out, LeBron James felt so bad about his comments about Memphis that he wants to make it up to the city and play there in 2026-27.

Expectations are low, but that only creates some goodwill when the team starts out decently well (with a 8-9 record). James goes out of his way to praise rookie teammate Cam Boozer, calling him one of the smartest teammates that he's ever had. Along with big Zach Edey, the trio may be able to push this team into an unexpected playoff berth.

Unfortunately, Edey misses time here and there, leading to some losses. It doesn't help that James is a natural PF right now, and many of the Grizzlies' top players could be there as well (Boozer, Jerami Grant, and former LBJ's former MMA opponent Isaiah Stewart). The good vibes and good intentions of the Memphis move can't lead to immediate success, as the team has a respectable 38 wins but misses the playoffs. Regardless, it's a heartfelt effort that ends with an emotional 20-minute standing ovation at the end of his last game. James addresses the crowd, saying how much he appreciates the Memphis fans and how Memphis will feel like a second home to him from now on. 

(After the speech, he never returns to Memphis again.)

---

**MIAMI HEAT**

Pat Riley and Miami land their newest big three: agreeing to terms with LeBron James to join Giannis Antetokounmpo and Bam Adebayo in Miami. And while James may not be at the top of his game defensively, the switchability of the trio leads to one of the best frontcourts in the league. The ""King"" also allows the prince Antetokounmpo to handle most of the scoring load, as Antetokounmpo averages 28 PPG and lands in the top 3 in MVP voting.

If there's a concern with Miami as they head toward playoffs it's a matter of spacing. PG Davion Mitchell's shooting has slumped down below 35% from 3 (after two solid years) and made the team consider an upgrade in that area. Pat Riley tries to figure out a solution -- even half-tempted to re-acquire Tyler Herro from Milwaukee. However, Herro doesn't appear interested in rejoining Adebayo and the Heat, so talks stall. The Heat can't seem to find the missing piece that they need, and end up losing in R2.

---

**MILWAUKEE BUCKS**

In a surprise move, LeBron James will fill the void left by Giannis Antetokounmpo and lead the Bucks back into the playoffs. In terms of roster balance, it's a double upgrade, as James takes over the PF mantle and pushes Kyle Kuzma down to be a second-unit scorer (a role which he may be better suited for). Between Ryan Rollins, Tyler Herro, Jaime Jaquez and Myles Turner, there's enough talent for the team to flirt with the playoffs. But at the end of the day, the team's lack of ""high end"" star power leads them to land in the play-in instead. A big game from Herro gets the Bucks into the playoffs as the 8th seed, but they're blasted 4-1 in that first round.

---

**MINNESOTA TIMBERWOLVES**

LeBron James stocks up on winter jackets as he heads up north to Minnesota in pursuit of another title. 

In terms of roster construction, it's a great fit for both sides. The T-Wolves had lost both Julius Randle and Naz Reid, so James fills in the space at PF perfectly. His skill set also aligns with LaMelo Ball and Anthony Edwards, deferring to them when needed and performing the role of a ""glue guy"" perfectly well. The Wolves head into the playoffs as one of the top favorites along with OKC and San Antonio.

Of course, slicing through the gauntlet of the Western Conference is no easy task, and will take Minnesota's best effort. They have to play disciplined, mistake-free basketball. And unfortunately for them, the inconsistency of LaMelo Ball gets the best of them, as Ball struggles against San Antonio's backcourt (33% FG, 4.2 TO per game) and allows the team to lose 4-2 in R2.

---

**NEW ORLEANS PELICANS**

In an unexpected move, LeBron James signs with the New Orleans Pelicans. According to him, there's some untapped potential with the club and a reason that they won 49 games a few years ago. He vows to get them back to that level and vows to get the most out of Zion Williamson. Under James' workout plan, Williamson will get in phenomenal shape and fulfill his vast potential.

A few weeks later, James decides to give up on Williamson and take *Derik Queen* under his wing instead. He'll get him into phenomenal shape if it's the last thing he does.

A few hours later, James decides to give up on that dream, too. He asks the team if they could try to include him in any Trey Murphy trade packages. Unfortunately, a trade doesn't come together, and the Pelicans miss out on the playoffs.

---

**NEW YORK KNICKS**

LeBron James' decision to join the defending champions is met with mixed reactions. There's immediate brushback in the New York media about whether or not he'll spoil the team's magical chemistry. Will he take the ball out of Jalen Brunson's hands? Will he push one of the starters to the bench? Will he clash with Mike Brown (whom he indirectly got fired twice in Cleveland)?

Of course, when James signed with the Knicks, he didn't do it with the intention of taking over the team. He willingly fits in well in a marginalized role early on as the team rolls for most of the season. James' worth is best felt when O.G. Anunoby misses 15 games, allowing James to step up and remind the league that he's still a near All-Star caliber player when refreshed and rested.

The Knicks enter the playoffs as the favorites in the East, but it's tougher sledding than expected. The team can't carry over their red-hot shooting from the 2026 playoffs as easily, and actually take 7 games to win in the first round. They settle down and find their rhythm, advancing to the Finals against OKC in a series that most consider a 50/50 proposition. Some clutch play (and some good whistles) lead to a second title for these Knickerbockers, although James doesn't get as much credit as usual for this particular ring.

---

**OKLAHOMA CITY THUNDER**

In a nearby universe, LeBron James joins up with the former champion Oklahoma City Thunder. And as with the NYK version of LeBron James, this one isn't going to rock the boat on a team with proven chemistry and results. In fact, his best contribution to the regular season is allowing the team to manage the minutes for him and Jalen Williams to the point where both can enter the playoffs at 100%.

And with that, it's a wrap. Even at this age, James proves a solid addition to the starting lineup and gives a team that didn't need much help more than enough to cruise. 4-0, 4-1, 4-2, 4-2. It's another ring for the Thunder and the ""King,"" although not one that he led the way on.


---

**ORLANDO MAGIC**

In theory, a good starter like LeBron James should be able to push a ""good"" team up to ""great"". But unfortuantely for LeBron James and his new Orlando squad, the fit isn't perfect together. Their key players Franz Wagner and Paolo Banchero have some duplication with James, who in turn doesn't provide the elite shooting that the club needs to take the next step.

The same problems that plagued Orlando over the last few years (namely shooting outside of Desmond Bane) return once again, leading to a disappointing R1 exit.

---

**PHILADELPHIA 76ers**

Ohio's own Mike Gansey pulls his second major coup, convincing his high school rival LeBron James to join Jaylen Brown on a star-studded Philadelphia team. On paper, the team looks stacked, especially given James' perfect fit at the PF position. With All-Stars like Tyrese Maxey, Jaylen Brown, and Joel Embiid around, James doesn't have to do too much, filling in the gaps and providing leadership as the team flirts with the # 1 seed all season long. At long last, it may finally be the final step to the ""Process.""

As the playoffs approach, there are some minor causes of concern. Youngsters V.J. Edgecombe and Labaron Philon have some ""brain fart"" momentums, leading to doubts about their title readiness. The team's center depth behind Joel Embiid is also a major question. When Embiid misses a few weeks late in the year, the team stumbles with a 1-3 stretch. James volunteers to play center in the meantime, earning laudatory praise from the media and even earning him a few MVP votes for ""teaching the Sixers how to win.""

Still, those underlying questions remain all the way through the playoffs and into the inevitable ECF matchup against the Knicks. There, Embiid's durability plagues them again. He doesn't look 100%, and shoots 6/17 from the field in a devastating Game 6 loss to put the nail in their coffin. After the game, Embiid suggests that the Sixers fans should be happy with the deep run because ""The Conference Finals is pretty good, right?"" The Philly fans respond by pelting him with soggy cheesesteaks.

---

**PHOENIX SUNS**

LeBron James signs with Phoenix for... some reason. No one is sure why. It's neither here nor there. In fact, it's *so* strange that it motivates a lonely redditor by the user name of BloodyPigDick to investigate why. He spends all day and night in his room, coming up with conspiracy theories.

Meanwhile, the James-led Suns are... OK. There's enough talent and enough shooting to keep them in the playoff conversation, but enough question marks to keep them from the top of the field. They head into the playoffs as a 6th seed. 

During Game 5, the game flow is interrupted as BloodyPigDick bursts into the arena. He's uncovered why LeBron James is on the team. He's discovered that the ""multiverse"" is real and has broken open ground-breaking new discoveries about our planet. Unfortunately, NBC has to cut to pre-paid commercials for Kalshi instead. When the broadcast returns, BloodyPigDick has been ushered away and the Suns have gone on to lose, 4-1.

---

**PORTLAND TRAIL BLAZERS**

New Portland owner Tom Dundon is thrilled to announce the signing of LeBron James, and even more ecstatic that it comes on a cheap vet minimum deal.

Immediately, the Blazers go from fringe playoff team to intriguing contender. The frontcourt is stacked with talent, from Deni Avdija to LeBron James to Donovan Clingan. That said, new coach Micah Nori still struggles to find the right combination for the backcourt. Vet Jrue Holiday happily accepts any assignment, but Ja Morant and Damian Lillard have high expectations as well. Overall, some chemistry issues and some shooting from Morant lead to a disappointing # 5 seed and a loss to Denver in R1. 

---

**SACRAMENTO KINGS**

LeBron James takes on the biggest challenge of his NBA career: reviving the Sacramento Kings. 

But alas, he's not a miracle worker. The limited defense of the roster and the limited acumen of the coaching staff leads to a predictably disappointing season. James plays the role of the good soldier in an attempt to lead the team to a playoff berth, but even that's out of his reach at this age. The team loses badly in the play-in tournament.

Fans remain baffled by why LeBron James ever made this decision in the first place. That is: until the end-of-the-year press conference where it's announced that James will retire and be part of an ownership group that will buy the franchise from Vivek Ranadive and move it to Las Vegas. James regrets taking away the team from Sacramento, but he explains that the idea of a LeBron James-owned Las Vegas ""Kings"" team was too good to pass up.

---

**SAN ANTONIO SPURS**

Although most young teams may be worried about disrupting their chemistry with an aging star, the Spurs eagerly sign LeBron James. Victor Wembanyama gave them the illusion of size, but the team was ""small"" at the forward spot and could have used a competent vet at the 3 or 4. Tobias Harris helps to some degree, and LeBron James adds another level from there. The Spurs roll through the regular season, winning 66 games and earning the # 1 seed.

In the playoffs, the inevitable suddenly looks shaken! Wembanyama's knee bends awkwardly and has to leave the game. There's panic throughout social media. An Achilles? An ACL? Maybe relying on a 7'5"" alien wasn't sustainable after all. But as it turns out, it's a minor injury that will allow him to return in a couple of weeks. The Spurs manage to slug their way through the first round without Wemby, and by the time they get him back they're rolling. They win the title with ease.

---

**TORONTO RAPTORS**

Suddenly, the Toronto Raptors become a prestige franchise after landing Kawhi Leonard and LeBron James in the same offseason. Combined with Scottie Barnes, they're considered the best forward platoon in the entire NBA. Better yet, with Barnes' fresh legs buffering them, both James and Leonard can load manage during the regular season and enter the playoffs close to 100%. The team enters the bracket as a frisky # 2 seed.

Can the team get the job done from there? Round one and round two go well, leading to a ballyhooed matchup with the New York Knicks in R3. The Raptors go up 2-1, as fans start dreaming of a second title for their team. But unfortunately, the wear and tear of the playoff run starts to lead to some decline from Leonard and James. Shots are falling short. Immanuel Quickley and R.J. Barrett aren't shooting well either. The Knicks lock in and roar back when it matters most, winning the series in 6.

---

**UTAH JAZZ**

In signing with Utah, LeBron James shows great faith in the readiness of # 2 pick Darryn Peterson (and Keyonte George). If the young kids can step up, this frontcourt may be able to make a deep run on the backs of James, Lauri Markkanen, and Jaren Jackson Jr.

Unfortunately, the early returns from the kids are mixed -- with some high highs and some low lows. There's also concern about whether or not Jusuf Nurkic can hold up for the long haul as well. After sputtering around in the 7-8 range of the standings, James' camp pushes the Ainges to make a move. They want the team to trade some of their young talent (like Ace Bailey) for a proven veteran like Anthony Davis. The Ainges resist, prioritizing the long-term plan. And with that, the Jazz stumble, losing in the last play-in game.

---

**WASHINGTON WIZARDS**

It's an entirely new era in Washington, as the Wizards have gone to laughingstock to the home of *three* stars now in LeBron James, Trae Young, and Anthony Davis. Their new veteran star power relegates top pick A.J. Dybantsa to a complementary piece and kills off his Rookie of the Year hype, but it's well worth it if the team can make a deep playoff run.

Early on, it looks like that may indeed happen. Young, James, and AD all play effectively with each other. Better yet, the young prospects like Dybantsa, Alex Sarr, and Kyshawn George fill in the gaps well. The Wizards rise as high as the # 2 seed in January, leading some to talk about whether or not the team can win its first title since Wes Unseld. 

Unfortunately, we didn't turn off injuries in this simulation. Davis hyperextends his knee, which stretches the depth and leads to some porous defense during a 7-10 stretch of games. The Wiz stumble all the way down to the # 5 seed by the time the playoffs start and can't regain their momentum from there. They lose in the first round.",31,67,/r/nba/comments/1uz6liz/multiverse_of_reddit_madness_how_would_your_team/,2026-07-17
1uyzzvd,nba,1784295477,"[Highlight] January 12, 2006: LeBron and Kobe going at each other down the stretch. The NBA never got the Finals matchup fans wanted.",,1073,339,/r/nba/comments/1uyzzvd/highlight_january_12_2006_lebron_and_kobe_going/,2026-07-17
1uywrpd,nba,1784287013,"Lebron wants to go to GSW, but with a caveat","I believe that Lebron wants to go to golden state. this is because he wants to play with steph/dray, stay close to family, and just join a team that has won in the past

HOWEVER, I think that he’s trying to force them to trade jimmy butler for someone who can contribute from day one

Here are some evidence of why i think so:

1. it keeps getting reported that Lebron/AD are a package. so that implies if they trade for AD lebron is cool with signing there. this is overlooked so much since it basically implies lebron wants to sign there lol

2. when rich paul did the whiteboard on the podcast, he put a ton of teams in the center: the heat, cavs, sixers, timberwolves, nuggets

however, the warriors were put on the outside. additionally, it only said steph/dray, not including jimmy even though worse players such as cam johnson and wiggins were included

more important, even though nuggets were put in the center. they are no longer in the running. so the warriors were strategically placed there

3. lebron has taken longer for this than he has for his past 3 free agency moves. there is no reason for him to wait, every team except the warriors are pretty set in stone in terms of potential signings or free agent moves

however, there is potential for an AD trade or an MPj trade based on their upcoming contract extension negotiations. which lebron could be waiting for",0,65,/r/nba/comments/1uywrpd/lebron_wants_to_go_to_gsw_but_with_a_caveat/,2026-07-17
1uyk48t,nba,1784247455,"[Overtime] Mitchell's pitch to LeBron: ""I mean it’s home, we’ve done it once, let’s do it again, simple as that""",[removed],1,1,/r/nba/comments/1uyk48t/overtime_mitchells_pitch_to_lebron_i_mean_its/,2026-07-17
1uyk7mn,nba,1784247718,"Who would be more unstoppable, LeBron with Curry shooting or Curry with Shaq size and athleticism","Both in their prime, who are you picking.

LeBron with Curry shooting or Curry with Shaq size and athleticism

",0,69,/r/nba/comments/1uyk7mn/who_would_be_more_unstoppable_lebron_with_curry/,2026-07-17
1uylh9e,nba,1784251169,Draymond Green says he’d switch his number to 5 if LeBron were to join Warriors and want No. 23,"SRC: https://bleacherreport.com/articles/25455656-draymond-green-says-hed-switch-jersey-number-if-lebron-james-signs-warriors-contract-reveals-plans

2+3 = 5 according to draymond which idk if thats a basketball guy thing cuz thats why giannis went from 34 to 7",889,108,/r/nba/comments/1uylh9e/draymond_green_says_hed_switch_his_number_to_5_if/,2026-07-17
1uyljip,nba,1784251339,Rich Paul spotted in San Antonio today. Any reasons why he’d be there other than LeBron?,"Still don’t think it’s remotely likely that LeBron will join the spurs but why else would Rich Paul be in San Antonio today? 

Yes, he represents a few of our other players but I don’t think there’s any business that requires a in person trip to SATX. 

Somebody plz give me another plausible reason for him to be there today.  ",0,93,/r/nba/comments/1uyljip/rich_paul_spotted_in_san_antonio_today_any/,2026-07-17
1uylxhl,nba,1784252408,Would the Mavericks be one of the favorites to land LeBron if they had kept Anthony Davis instead of trading him?,"They'd have two of LeBron's greatest teammates (Kyrie & AD). They have a young phenom in Cooper Flagg, who's only going to be better in his 2nd season. They've got Klay Thompson, who would benefit from someone like LeBron being one of the primary ball handlers on the team. They've got solid lob threats in Lively & Gafford. And they probably would've kept Jason Kidd as their head coach if not for the AD trade (which signified the team was heading towards a rebuild), and Kidd was the assistant coach for the Lakers during their 2020 title run.",0,24,/r/nba/comments/1uylxhl/would_the_mavericks_be_one_of_the_favorites_to/,2026-07-17
1uym62m,nba,1784253067,Lebron is definitely retiring next season and I can prove it,"There's been a lot of speculation as to how many more seasons Lebron has left in the tank, but I'm almost certain that all signs point to him retiring next season. Why? Well first off, he spent 8 years with the Lakers. He obviously has a lot of respect for that organization. There's something else I've noticed though. A subtle little detail.

Tell me, what historical player does the Laker fan base respect the most these days? I'd venture to say Kobe. What does that have to do with Lebron? Remember, Lebron played 8 seasons there. Kobe wore the number 8. He quite apparently left the Lakers so that he wouldn't spend 9 seasons there and step on Kobe's legacy. Furthermore, next season will be Lebron's 24th season. Now that's quite important because Kobe also wore that number during his career.

I'm sure the most astute of us have connected the dots by now. Yes, Lebron has been very calculating and meticulously planned his career in order to give the utmost respect to the late, great Kobe Bryant. He's gracefully retiring after his 24th season out of respect for Kobe. It would be a very fitting ending to the career of the 3rd best player behind Michael Jordan and the aforementioned Kobe. Anything else would be grossly disrespectful for how much time he spent with the Lakers organization in my humble opinion",0,73,/r/nba/comments/1uym62m/lebron_is_definitely_retiring_next_season_and_i/,2026-07-17
1uyn7p1,nba,1784255988,Laker LeBron James have dominated the Warriors with a 19-9 record,"14-7 in the regular season 

4-2 in the playoffs 

1-0 in the play-in tournament 

Lebron averaged 25.2 PTS 8.8REB 7.1AST",0,38,/r/nba/comments/1uyn7p1/laker_lebron_james_have_dominated_the_warriors/,2026-07-17
1uyzsvk,nba,1784295017,"""If the Knicks hadn’t won, there would be no board. He’d be going to the Knicks."" By Rich Paul’s logic, should LeBron James be joining the Indiana Pacers?","The Pacers, who defeated the Jalen Brunson-led Knicks, in the 2 previous postseasons (24', 25') were 1 game away from an NBA championship; lost in Game 7 against the Thunder.

Haliburton ruptured his Achilles and the Pacers were one of the worst teams in the NBA last season…

But now that the Pacers are back to full health (essentially swapped Zubac for Turner) with their core, should LeBron be looking to join them?

OR does he have to go to 'Big City Market' Team?",0,34,/r/nba/comments/1uyzsvk/if_the_knicks_hadnt_won_there_would_be_no_board/,2026-07-17
1uynmgr,nba,1784257157,"[Overtime] Mitchell's pitch to LeBron: ""I mean it’s home, we’ve done it once, let’s do it again, simple as that""",,54,45,/r/nba/comments/1uynmgr/overtime_mitchells_pitch_to_lebron_i_mean_its/,2026-07-17
1uyoliv,nba,1784259934,Lebron debuts the new bald look,,11471,1234,/r/nba/comments/1uyoliv/lebron_debuts_the_new_bald_look/,2026-07-17
1uyonsk,nba,1784260124,"Giannis on LeBron:""If there was a scenario for that to happen, I'd be very, very excited. He's one of the best players to ever play this game, if not the best. [I'd] be able to learn so much from him...I hope if he thinks that the Miami Heat's a good decision for him, I would love for him to be here",,404,89,/r/nba/comments/1uyonsk/giannis_on_lebronif_there_was_a_scenario_for_that/,2026-07-17
1uyovpi,nba,1784260777,LeBron says he can average 10 points until he's 65,[removed],1,1,/r/nba/comments/1uyovpi/lebron_says_he_can_average_10_points_until_hes_65/,2026-07-17
1uyp2iw,nba,1784261322,LeBron says he can average 10 points until he's 65,LeBron says he can average 10 points until he's 65. Video courtesy of House of Highlights on Instagram.,3188,527,/r/nba/comments/1uyp2iw/lebron_says_he_can_average_10_points_until_hes_65/,2026-07-17
1uyqr6r,nba,1784266620,"[Stein] The Pistons are still evaluating the prospect of pursuing DeMar DeRozan in free agency, league sources say. A more complete picture of DeRozan's suitors will emerge after LeBron James picks his next team. Suitors that miss out on LeBron are bound to have interest in DeRozan.","The Pistons are still evaluating the prospect of pursuing DeMar DeRozan in free agency, league sources say.

It is not yet certain if Detroit will indeed join Toronto as a confirmed bidder for the six-time former All-Star guard, but The Stein Line did learn this week that the Pistons have been assessing the concept.

On one hand, Detroit is already looking at a roster crunch and still faces challenging contract extension negotiations between now and Opening Night with All-NBA big man Jalen Duren and defensive ace Ausar Thompson. Yet it's likewise true that Pistons — who currently sit an estimated $46 million under the luxury tax threshold to re-sign Duren and retain some flexibility for an additional upgrade — do remain in need of some offensive punch in support of star guard Cade Cunningham.

The most notable newcomers in Motown thus far this offseason are Isaiah Joe to add shooting and veteran forward John Collins, who essentially took Isaiah Stewart's frontcourt spot after Stewart was dealt to Memphis.

It's believed that a more complete picture of DeRozan's suitors will emerge after James picks his next team. Some of the teams that miss out on LeBron are bound to turn to the 36-year-old.

https://open.substack.com/pub/marcstein/p/more-late-night-nba-free-agency-trade?r=1m9zg&utm\_medium=ios",143,86,/r/nba/comments/1uyqr6r/stein_the_pistons_are_still_evaluating_the/,2026-07-17
1uyv62l,nba,1784281798,"If LeBron only got to the finals that many times because the East was ""weak"", why can't other players in the East do that?","If LeBron only got to the finals that many times because the East was ""weak"", why can't other players in the East do that? 

The big 3 Celtics missed the finals in their 2nd year. 

Giannis only got there once. 

The Brad Stevens ""best assembled"" Celtics got there twice. ",0,98,/r/nba/comments/1uyv62l/if_lebron_only_got_to_the_finals_that_many_times/,2026-07-17
1uynv93,nba,1784257832,"[Amico]  LeBron, James Harden share ‘mutual respect,’ no issues teaming with Cavs.","“James respects LeBron’s game,” one source told Robinson. “There’s a mutual respect that they both have as competitors and they both want to see each other do well.”

Source: LeBron, James Harden share ‘mutual respect,’ no issues teaming with Cavs [hoopswire.com/lebron-james...](https://hoopswire.com/lebron-james-james-harden-cavs-cavaliers-nba/)

That echoes comments Robinson recently received from James’ agent, Rich Paul, who said [he has no personal issue](https://hoopswire.com/rich-paul-lebron-james-decision-nba-rumors/) with Harden despite previously acknowledging he wasn’t a fan of the Cavaliers’ trade that sent [Darius Garland](https://www.basketball-reference.com/players/g/garlada01.html?utm_medium=linker&utm_source=hoopswire.com&utm_campaign=2026-07-16_bbr) to the Clippers.

“I like James Harden,” Paul told Robinson. “He’s actually my friend.”

Source: [https://bsky.app/profile/amicohoops.bsky.social/post/3mqsrka6ay22t](https://bsky.app/profile/amicohoops.bsky.social/post/3mqsrka6ay22t)",2,7,/r/nba/comments/1uynv93/amico_lebron_james_harden_share_mutual_respect_no/,2026-07-17
1uzanz1,nba,1784318836,Discussion on which 3 teams didn’t reach out to Lebron,,1,1,/r/nba/comments/1uzanz1/discussion_on_which_3_teams_didnt_reach_out_to/,2026-07-17
1v04v1p,nba,1784402620,"If LeBron joins the Sixers or Cavs, is he immediately the best player on those teams in the playoffs?",We saw in the playoffs that LeBron James can still flip the switch and go to a whole different level when his team needs him. When the playoffs come around would he be the best player on those teams?,0,48,/r/nba/comments/1v04v1p/if_lebron_joins_the_sixers_or_cavs_is_he/,2026-07-18
1v0ah0j,nba,1784416775,Is LeBron Waiting for the World Cup to End Before Announcing His Decision?,Anyone else think LeBron is waiting for the World Cup to end before announcing his decision so he gets the full spotlight? Or is it just a coincidence?,0,50,/r/nba/comments/1v0ah0j/is_lebron_waiting_for_the_world_cup_to_end_before/,2026-07-18
1v05bie,nba,1784403719,"[Helin] It's been at least 20 minutes since I got an update along the lines of ""LeBron James was seen tying his shoe, what that means for his free agency decision.""

Is everyone okay out there?","It's been at least 20 minutes since I got an update along the lines of ""LeBron James was seen tying his shoe, what that means for his free agency decision.""  
  
Is everyone okay out there?

Source: [https://bsky.app/profile/basketballtalk.bsky.social/post/3mqwz4siygx2u](https://bsky.app/profile/basketballtalk.bsky.social/post/3mqwz4siygx2u)",304,54,/r/nba/comments/1v05bie/helin_its_been_at_least_20_minutes_since_i_got_an/,2026-07-18
1v06zt0,nba,1784407779,The better GOAT? LeBron or Tom Brady?,"If you had to compare success and domination at their respective sports, which GOAT has had the better career?",0,119,/r/nba/comments/1v06zt0/the_better_goat_lebron_or_tom_brady/,2026-07-18
1v08x9w,nba,1784412663,"Back in 2011, what did fans predict would be Lebron's final season in the NBA?","Let's suppose you were in 2011, which is **15 years ago**. Your job is to predict Lebron's final year in the NBA. What would you have predicted? Like what age did you think Lebron would retire? 

I mean it's crazy that he's going to turn 42 yet he still hasn't retired.",225,83,/r/nba/comments/1v08x9w/back_in_2011_what_did_fans_predict_would_be/,2026-07-18
1v0a2bt,nba,1784415717,[2010] If Lebron had chosen Orlando instead of Miami,[removed],1,1,/r/nba/comments/1v0a2bt/2010_if_lebron_had_chosen_orlando_instead_of_miami/,2026-07-18
1v0aepy,nba,1784416612,Who is the face of the league when LeBron retires?,"yes, this is lowkey bait.    

With LeBron being the face of the league to the point that his Free agency has ripples across the media landscape, 

if/when he retires, who is relevant enough for casuals and non fans to resonate with?

Offseason is awful, lets start an optional Summer league for the guys who want to showcase their talent at least ",0,85,/r/nba/comments/1v0aepy/who_is_the_face_of_the_league_when_lebron_retires/,2026-07-18
1v0197i,nba,1784394210,Jason Terry hits the dagger over LeBron James during game 5 of the 2011 NBA finals,Somebody please tell LeBron James the rules..HAND DOWN MAN DOWN,404,116,/r/nba/comments/1v0197i/jason_terry_hits_the_dagger_over_lebron_james/,2026-07-18
1uzjgq5,nbadiscussion,1784341466,"Lebron at age 42 in year 23, what could be his 2026-2027 stats? Discuss.","Hey everyone, I’ve been thinking about how wild LeBron’s longevity curve has become. He’ll be 42 by the end of the 2026‑27 season, and yet his 2025‑26 numbers (≈ 21 PPG, 6 RPG, 7 APG) were immaculate for his age.

Some fun longevity facts:

\-Kareem Abdul‑Jabbar averaged 10.1 PPG at age 41, considered elite for that age.

\-Robert Parish played until 43, but averaged only 3.7 PPG his final season.

\-Vince Carter lasted to 43, posting 5 PPG in his last year.

\-Karl Malone retired at 40, still putting up 13 PPG and 8 RPG.

So what do you all think? With his announcement on which team he'll be playing for (please go back to Cleveland \*ehem) probably coming by the end of the month can LeBron realistically sustain near‑20 PPG production at 42, or will Father Time finally catch up with All-Father?",25,43,/r/nbadiscussion/comments/1uzjgq5/lebron_at_age_42_in_year_23_what_could_be_his/,2026-07-18
1v05880,nba,1784403499,aura play by lebron james,,1,1,/r/nba/comments/1v05880/aura_play_by_lebron_james/,2026-07-18
1v00aaa,nba,1784391910,Can a NBA owner just promise to pay Lebron after he retires in a year and he sign for the minimum?,"A owner could say ""Sign with my team for the veteran minimum this year, and after you retire I'll pay you $100 million through another company I own."" Technically he is a retired player so this isn't tampering right. They could even have him as a ""team ambassador"" and pay him that way, heck Miami basically did the same thing for Haslem. ",0,90,/r/nba/comments/1v00aaa/can_a_nba_owner_just_promise_to_pay_lebron_after/,2026-07-18
1v04rhl,nba,1784402385,"LeBron in high school being told if he’s not at minimum a 1st ballot HOFer, he will be considered a draft bust",,8530,865,/r/nba/comments/1v04rhl/lebron_in_high_school_being_told_if_hes_not_at/,2026-07-18
1uzx80g,nba,1784384552,Does LeBron have another NBA caliber LeSperm in LeBalls?,[removed],1,0,/r/nba/comments/1uzx80g/does_lebron_have_another_nba_caliber_lesperm_in/,2026-07-18
1uzx9vy,nba,1784384680,Does LeBron have another NBA caliber LeSp*rm in LeBallz?,[removed],1,1,/r/nba/comments/1uzx9vy/does_lebron_have_another_nba_caliber_lesprm_in/,2026-07-18
1v08x0s,sixers,1784412644,What would LeBron's cheesesteak order be?,[removed],1,0,/r/sixers/comments/1v08x0s/what_would_lebrons_cheesesteak_order_be/,2026-07-18
1v07szv,sixers,1784409838,Philly when LeBron doesn't come here again,,377,20,/r/sixers/comments/1v07szv/philly_when_lebron_doesnt_come_here_again/,2026-07-18
1v07sm0,sixers,1784409811,RIP to the LeBron to Philly hype.,,250,90,/r/sixers/comments/1v07sm0/rip_to_the_lebron_to_philly_hype/,2026-07-18
1v05l3g,sixers,1784404366,Having LeBron on a vet minimum would be really f-ing great,"I'm not the biggest LeBron fan; I find his ""decision"" processes cringy. I do think he's a top 5 all-time player, but not the GOAT (I still think MJ, Bill Russell, and Magic have him beat, and possibly Bird). I don't normally post things on Reddit, but just think lots of folks are pooh poohing the idea of LeBron without appreciating what it would mean for the team.

**In terms of him as a player:** He'd be the perfect PF for our team, as yet another three level scorer who can also dish it. Can rebound, play some D, lead the floor, etc.

**Financially:** Having a LeBron on a minimum would essentially offset the overpay that is Embiid's contract right now, for as long as we have LeBron. I love Embiid, but having his lack of availability at that number is objectively a problem ... the opposite of Brunson taking a pay cut. 

**Attention:** We would be one of the most hyped, attention-given teams this year for sure... which brings pressure but also brings national TV spots... which would bring out the absolute best from Maxey, VJ, Embiid, and JB. And honestly I wouldn't mind being on the receiving end of positive media bias.

Anyway, I know I'm not the only one thinking this, I'm not an original, etc... but way too many people downplaying the positives here, if we get him... and I feel like LeBron doesn't drop these ""hints"" without having Philly be a real possibility. I still think it's Cleveland, for the record, but am hoping 100% for Philly.",13,47,/r/sixers/comments/1v05l3g/having_lebron_on_a_vet_minimum_would_be_really/,2026-07-18
1v03yl2,sixers,1784400507,"[Clark] A source says Sixers owner Josh Harris was able to have a conversation with LeBron James yesterday at a VIP event at Fanatics Fest in New York. I’m told Tyrese Maxey, Joel Embiid, Jaylen Brown, and owner Josh Harris have let LeBron know they would love to have him join the team.",,253,101,/r/sixers/comments/1v03yl2/clark_a_source_says_sixers_owner_josh_harris_was/,2026-07-18
1v03ygf,nba,1784400499,"[Clark] A source says Sixers owner Josh Harris was able to have a conversation with LeBron James yesterday at a VIP event at Fanatics Fest in New York. I’m told Tyrese Maxey, Joel Embiid, Jaylen Brown, and owner Josh Harris have let LeBron know they would love to have him join the team.","> A source says Sixers owner Josh Harris was able to have a brief, friendly conversation with LeBron James yesterday at a VIP event at Fanatics Fest in New York. I’m told Tyrese Maxey, Joel Embiid, Jaylen Brown, and owner Josh Harris have let LeBron know they would love to have him join the team and the city of Philly would welcome him to the Sixers with open arms. The Sixers are reportedly one of the final teams in the running for LeBron.

[source](https://www.instagram.com/johnclarknbc/p/Da8PwQZgSeL/?hl=en)",1300,328,/r/nba/comments/1v03ygf/clark_a_source_says_sixers_owner_josh_harris_was/,2026-07-18
1uzkxaf,sixers,1784345797,What Just Happened with the LeBron Odds?,,2,28,/r/sixers/comments/1uzkxaf/what_just_happened_with_the_lebron_odds/,2026-07-18
1uzivd6,nba,1784339761,"[Highlights] April 1, 2006: LeBron (47/12/9) and D-Wade (44/8/9) go head to head.",,17,12,/r/nba/comments/1uzivd6/highlights_april_1_2006_lebron_47129_and_dwade/,2026-07-18
1uzo0ux,nba,1784355487,Draymond Green Says He Will Wear No. 5 if LeBron Joins The Warriors and Takes His Number - His Reasoning is Because 2+3=5 and Draymond Wears Number 23,,121,90,/r/nba/comments/1uzo0ux/draymond_green_says_he_will_wear_no_5_if_lebron/,2026-07-18
1uzrdcu,nba,1784367107,"James Harden Wants LeBron in Cleveland: ""I hope he comes to Cleveland. It's a perfect storybook finish. He's at home you know for his last year.""",,337,84,/r/nba/comments/1uzrdcu/james_harden_wants_lebron_in_cleveland_i_hope_he/,2026-07-18
1uzxsfi,sixers,1784385930,What do you guys think LeBron's cheesesteak order would be?,[removed],1,0,/r/sixers/comments/1uzxsfi/what_do_you_guys_think_lebrons_cheesesteak_order/,2026-07-18
1uzvv50,nba,1784381137,Theory: LeBron is waiting for the World Cup Final to make his announcement,"This is just a theory, but I think LeBron is going to announce his decision tomorrow during or immediately after the World Cup Final.

Why? Because the timing would guarantee he's the biggest story in sports. Instead of the headlines being about the World Cup champions, every outlet would immediately pivot to LeBron. The conversation shifts from ""Who won the World Cup?"" to ""LeBron's next move.""

It reminds me of *The Decision*. LeBron has always understood the power of controlling the media cycle, and Rich Paul is arguably even better at it. They're masters at generating attention and making sure LeBron is the center of the sports world whenever there's a major announcement.

I'm not saying this as a LeBron hater. I respect everything he's accomplished. But if the announcement really comes tomorrow, especially during or right after the World Cup Final, it's going to be hard for me to believe that's just a coincidence. It would feel like a calculated move to dominate the headlines on one of the biggest days in global sports.

Maybe I'm completely off base, but that's my prediction. If it happens, I don't think the timing will be accidental",0,67,/r/nba/comments/1uzvv50/theory_lebron_is_waiting_for_the_world_cup_final/,2026-07-18
1v0i214,sixers,1784439541,I’m the biggest skeptic with the Lebron sweepstakes but this feels like something.,,182,66,/r/sixers/comments/1v0i214/im_the_biggest_skeptic_with_the_lebron/,2026-07-19
1v0wsd1,nbadiscussion,1784482590,LeBron in the BIG3?,[removed],1,2,/r/nbadiscussion/comments/1v0wsd1/lebron_in_the_big3/,2026-07-19
1v1370z,nba,1784498941,There you go Lebron.....centre stage is yours announce the decision 2.0....the World Cup is over.....,And to top it all.....Messi lost.....so it won't be like there will be any post victory celebration and Lap of Honour for Messi.....the media is ready.....just end our sufferings and let the dominoes fall.....,76,43,/r/nba/comments/1v1370z/there_you_go_lebroncentre_stage_is_yours_announce/,2026-07-19
1v0z2ml,nba,1784488027,Tim Hardaway Jr. on almost dunking on LeBron: “Man if I was like 3 years younger.” LeBron: “What if I was three years younger though?”,,6207,140,/r/nba/comments/1v0z2ml/tim_hardaway_jr_on_almost_dunking_on_lebron_man/,2026-07-19
1v0wm2r,nba,1784482189,LeBron in the BIG3?,[removed],1,0,/r/nba/comments/1v0wm2r/lebron_in_the_big3/,2026-07-19
1v0uafe,nba,1784476741,Russell Westbrook and one vs LeBron James in game 2 of the 2012 NBA finals,ONE MAN TO BEAT BUT ITS JAMES…,98,5,/r/nba/comments/1v0uafe/russell_westbrook_and_one_vs_lebron_james_in_game/,2026-07-19
1v0t6ut,nba,1784474156,Lebron Will NOT Be Coming to Miami,"Miami is the only team besides Chicago to have the number 23 retired. The number he has always worn, except for his time in Miami.

The NBA retired the #6, and that is what he wore during his run in Miami.

His marketing team wouldn't allow him to wear a third jersey number. ",0,13,/r/nba/comments/1v0t6ut/lebron_will_not_be_coming_to_miami/,2026-07-19
1v0vfn1,nba,1784479454,"Draymond Green on his role if LeBron joins the Warriors:  “The offense would be ran around Bron, I’d become PJ Tucker. Greatest corner 3pt shooter ever.”","Draymond Green on his role if LeBron joins the Warriors:  “The offense would be ran around Bron, I’d become PJ Tucker. Greatest corner 3pt shooter ever.”

Source: [https://www.threads.com/@money23green/post/Da95UH5nCoJ](https://www.threads.com/@money23green/post/Da95UH5nCoJ)",1634,264,/r/nba/comments/1v0vfn1/draymond_green_on_his_role_if_lebron_joins_the/,2026-07-19
1v0p6ox,nba,1784463735,Just seen a post where Dennis rodman said LeBron can't shoot or go left and he would lock em up. And a post where ray allen said LeBron can't shoot or dribble Man I usually don't defend LeBron but that's nonsense 😂 sumth wrong with those old guys,,1,1,/r/nba/comments/1v0p6ox/just_seen_a_post_where_dennis_rodman_said_lebron/,2026-07-19
1v0jlpu,nba,1784444736,"Is Lebron waiting for the WC to end to make his decision, so he can get all of the media attention to himself?",,1,1,/r/nba/comments/1v0jlpu/is_lebron_waiting_for_the_wc_to_end_to_make_his/,2026-07-19
1v0jbhj,nba,1784443788,"Rodman says LeBron would be the easiest guard of his life: ‘Only thing he has on me is his size, hes 6'10, I’m 6'6 but that don't mean anything. I’ll make him go left all day long. I’ll make him shoot that damn jumpshot which ain't worth a sh*t.”",,1227,1065,/r/nba/comments/1v0jbhj/rodman_says_lebron_would_be_the_easiest_guard_of/,2026-07-19
1v0helu,nba,1784437344,"If LeBron returns to Cleveland, his last game against the Lakers as a Cav in 2018 and his last game against the Cavs as a Laker in 2026 will both be 127–113 Lakers wins in LA",[removed],1,0,/r/nba/comments/1v0helu/if_lebron_returns_to_cleveland_his_last_game/,2026-07-19
1v0h72j,nba,1784436672,"If LeBron James returns to Cleveland, James Harden should come off the bench and reconnect with his Sixth Man roots","If ever LeBron decides to return to Cleveland, it would be difficult to see him, Donovan Mitchell and James Harden starting altogether as ball-dominant players. 

James Harden might want to consider taking a significant sacrifice and come off the bench. Last playoffs, bench help served as one of the Cavs' weaknesses. With Harden leading the second unit, Cleveland will be even better production-wise. Besides, that will keep Harden fresh ahead of the playoffs

Going back to being a sixth man and possibly winning a championship next year would also be a tremendous resume booster in Garden's legacy. ",0,57,/r/nba/comments/1v0h72j/if_lebron_james_returns_to_cleveland_james_harden/,2026-07-19
1v0flau,nba,1784431608,LeBron is going to Philadelphia. I’m calling it now.,,1,1,/r/nba/comments/1v0flau/lebron_is_going_to_philadelphia_im_calling_it_now/,2026-07-19
1v0t656,nba,1784474112,How do you predict the inevitable LeBron vs Bronny iso will go next season?,"The gap between a 21 year old Bronny and  and one of the greatest players ever is still enormous, even this late in LeBron’s career.

Bronny might be quicker laterally and has fresher legs, which might let him stay in front but power would be no contest in LeBron’s favour.

How do you predict the iso (LeBron vs Bronny and vice versa) will play out next year?",0,23,/r/nba/comments/1v0t656/how_do_you_predict_the_inevitable_lebron_vs/,2026-07-19
1v0dnws,nba,1784425755,"what team you guys think lebron is moving to, if he is?",[removed],1,0,/r/nba/comments/1v0dnws/what_team_you_guys_think_lebron_is_moving_to_if/,2026-07-19
1v0cyup,nba,1784423685,Why does nobody realize that 2020 was the best version of LeBron ever?,,1,1,/r/nba/comments/1v0cyup/why_does_nobody_realize_that_2020_was_the_best/,2026-07-19
1v0cbb9,nba,1784421786,LeBron predicted it,[removed],1,1,/r/nba/comments/1v0cbb9/lebron_predicted_it/,2026-07-19
1v1x6a2,nba,1784579594,"Lebron on golf affecting his FA decision: ""golf is a sport that you can play for the rest of your life. ... my main focus while I’m playing the game of basketball is to keep the main thing the main thing. ... I’ll find a golf simulator if I’m in the cold for sure.”",,1662,280,/r/nba/comments/1v1x6a2/lebron_on_golf_affecting_his_fa_decision_golf_is/,2026-07-20
1v1zzkq,nba,1784586178,LeBron spotted in Philadelphia eating cheesesteak,[removed],1,0,/r/nba/comments/1v1zzkq/lebron_spotted_in_philadelphia_eating_cheesesteak/,2026-07-20
1v2087y,nba,1784586768,LeBron James is expected to make his free agency decision TODAY Where is he going?,,1,1,/r/nba/comments/1v2087y/lebron_james_is_expected_to_make_his_free_agency/,2026-07-20
1v20hjl,nba,1784587420,"If LeBron wants to win, Philly HAS to be the choice, right? That team could have 5 current all stars on it","Philly already had Maxey and Embiid, now Brown. That's 3 current all stars. Edgecomb certainly could make a leap. Then LeBron would be a 4th all star. 

A starting 5 of Maxey, Edgecomb, Brown, LeBron, and Embiid would be actually ridiculous. That's possibly 3 all nba guys, maybe 4 if lebron still has it, currently on a single NBA roster. 

No single roster has had star power like that since the Steph-KD Warriors, and those teams won 2/3 titles in their 3 years together. If LeBron actually wants a ring, I feel like there's literally no better team for him to go to. 

Am I crazy?",0,179,/r/nba/comments/1v20hjl/if_lebron_wants_to_win_philly_has_to_be_the/,2026-07-20
1v21zh3,nba,1784591220,"Assuming LeBron is still genuinely undecided, what is the rationale behind not meeting with any of the teams trying to sign him?","Obviously it's a popular theory that people think he already knows and has know for some time what he's going to do and the timing of the announcement will be chosen based on how much attention it can accrue, in which case it's understandable why no meetings need to take place. 

But if we assume in good faith that LeBron hasn't decided yet, and believe the widespread reporting that teams are being asked to recruit via voice memo or otherwise appear on Rich Paul's podcast, why is this the chosen process? If it's acceptable for a list of finalist teams to be known, why not have real meetings to hear a full pitch and ask questions that would help him decide?",0,67,/r/nba/comments/1v21zh3/assuming_lebron_is_still_genuinely_undecided_what/,2026-07-20
1v2214a,nba,1784591339,young LeBron posterizing Tim Duncan!,,224,64,/r/nba/comments/1v2214a/young_lebron_posterizing_tim_duncan/,2026-07-20
1v229px,nba,1784591976,Will LeBron James become a PACER?! Tyrese Haliburton on his text with LBJ 👀 | The Pat McAfee Show,,1,0,/r/nba/comments/1v229px/will_lebron_james_become_a_pacer_tyrese/,2026-07-20
1v1x00q,nba,1784579200,Lebron James is the only player in NBA history to have played a full season at both Shooting Guard and Center.,"Yes that's right. No other player in NBA history has been listed on Basketball Reference as both a Shooting Guard in one season, Center in another season. Lebron is the only player with that label. Not trying to cherrypick but I find it funny that no other player has managed to play a full season of both positions over the course of their careers.

Who do you think will be the next player to be listed at both SG/C on Basketball Reference?",2267,293,/r/nba/comments/1v1x00q/lebron_james_is_the_only_player_in_nba_history_to/,2026-07-20
1v21u30,nba,1784590832,The perfect trade to land LeBron (and Harden) where they belong,"First the trade:

James Harden to the Rockets for Kevin Durant. 

The Rockets need a ball handler and shooter. They have the defenders to make up for Harden's deficiencies. 

The Rockets also have to get rid of KD. You badmouth all of your co-workers and get knocked out in the first round? You cannot keep that group together. 

KD gets one last shot with another old player who have faced off in the Finals multiple times. A chance at redemption for the second half of his career. 

LeBron to Cleveland is the right thing. The other places all feel wrong or pointless. If this trade doesn't go through I'll eat two tacos.",0,37,/r/nba/comments/1v21u30/the_perfect_trade_to_land_lebron_and_harden_where/,2026-07-20
1v1w7vo,nba,1784577490,LEBRON HEADED TO CLEVELAND…,OTD 12 years and 9 days ago LeBron went back to Cleveland. We will have to wait and see where he lands this free agency!,0,2,/r/nba/comments/1v1w7vo/lebron_headed_to_cleveland/,2026-07-20
1v1jhft,nba,1784548827,Could the Akron LeBroners win the title if 41-year-old LeBron was still their best player?,"Random offseason thought experiment:

Let’s say LeBron leaves LA and instead of joining an already stacked team where he becomes the second or third guy, we build a fictional team around him where he still has to be the best player and the central offensive hub.

Team name: **The Akron LeBroners**  
The goal is not to create an unfair superteam with Jokic/Giannis/Shai/Luka/Ant next to him. The goal is to build a realistic championship-level roster where old LeBron can still be the main guy, but the rest of the team perfectly covers his age-related weaknesses.

My proposed roster:

**Starting 5:**  
PG: Derrick White  
SG: Desmond Bane  
SF: LeBron James  
PF: Jaren Jackson Jr.  
C: Myles Turner  
**Bench:**  
Austin Reaves  
Herb Jones  
Naz Reid  
Tyus Jones  
Sam Hauser

The idea:  
White gives defense, shooting, secondary ball-handling and low-mistake decision-making.  
Bane gives elite spacing and real scoring without needing to dominate the ball.

JJJ gives weak-side rim protection, switchability and spacing.

Turner gives another rim protector while pulling bigs out of the paint.

Herb Jones takes the hardest defensive wing assignments so LeBron doesn’t have to burn himself out.

Reaves/Tyus/Naz/Hauser give creation, shooting and playable playoff depth.

LeBron would still be the main engine: point forward, halfcourt decision-maker, matchup hunter, late-game creator. But the team would give him enough spacing, defense and rim protection to survive an 82-game season and a deep playoff run.

Question:  
**Is this team good enough to win the 2027 title if LeBron is still the best player?**

And if not, what would you change while keeping the rule that LeBron has to remain clearly the best/most important player on the team?

No adding Jokic/Giannis/Shai/Luka/Ant/Embiid type players. That defeats the point. The challenge is to build the perfect “old LeBron as the final boss” roster, not just a random superteam.",0,25,/r/nba/comments/1v1jhft/could_the_akron_lebroners_win_the_title_if/,2026-07-20
1v1vot8,nba,1784576306,LeBron James has signed with the Utah Jazz,,1,1,/r/nba/comments/1v1vot8/lebron_james_has_signed_with_the_utah_jazz/,2026-07-20
1v1tres,nba,1784572170,Why do people on here get so offended when someone critiques LeBron James or Giannis Antetokounmpo shooting?,"Some of the people on here like to say  it’s just “old heads” that critique these two, but I beg to differ. I’m not old at all. 

It’s a general observation and part of the reason why I believe both will not be a good fit together.",0,58,/r/nba/comments/1v1tres/why_do_people_on_here_get_so_offended_when/,2026-07-20
1v1q1ke,nba,1784564201,Why LeBron chooses The Warriors.,"The documentary. The last dance was huge and I am sure he wants to top it. They do a trade involving Dallas, OKC, Miami and Houston to bring in Durant. Having a team with LeBron, Curry, KD and Green is a goldmine. Every platform would bid over it. LeBron could sell the rights for a shit ton. ESPN would just be the Warriors. Adam Silver himself would channel money behind the scene for LeBron to do this. Of course I could be wrong but search your feelings you know it to be true.",0,4,/r/nba/comments/1v1q1ke/why_lebron_chooses_the_warriors/,2026-07-20
1v1pwop,nba,1784563902,Where is LeBron James going?,"While we all await an official announcement (today, tomorrow, next week, next month, etc.), I was curious to see where the majority of us think LeBron will sign at this moment in time.",0,124,/r/nba/comments/1v1pwop/where_is_lebron_james_going/,2026-07-20
1v1ozf0,nba,1784561853,Lebron to Miami,"Just received a text from someone I trust (same guy gave me a heads up about the Randle and JB trades more than 24 hours in advance). 

Lebron is apparently done deal going back to Miami. Expect a Kevin Love announcement shortly after. Going to be fun to see!",0,50,/r/nba/comments/1v1ozf0/lebron_to_miami/,2026-07-20
1v1np4t,nba,1784558957,"[OC] I measured the difficulty of every Finals played by six 4+ ring superstars. Only LeBron's average lands in the ""Nightmare"" zone.",[removed],1,0,/r/nba/comments/1v1np4t/oc_i_measured_the_difficulty_of_every_finals/,2026-07-20
1v1ndbo,nba,1784558215,[Patrick Beverley] Rumor has it LeBron makes his decision today,"Yes, Patrick Beverley has thrown his hat into the ring and has said that LeBron will be making his decision today.

> Rumor has it Bron makes his decision today!!! 👀

[source](https://imgur.com/a/XVHypdt)",2325,376,/r/nba/comments/1v1ndbo/patrick_beverley_rumor_has_it_lebron_makes_his/,2026-07-20
1v1mefv,nba,1784556042,"REPORT: LeBron James does NOT care about holding up the NBA’s 2026-27 schedule, & he will make the league wait as long as he needs to decide on his free-agency decision, according to Brian Windhorst of ESPN.","NBA commissioner Adam Silver, last week: 

""I would like him to make his announcement already, so he can finish the schedule. Because as you might imagine, the teams are calling us, the networks are calling us, and everybody wants to lock in the schedule. But it will influence how we set the schedule, how we set opening week, Christmas Day, etc.""

LeBron James vs. Adam Silver??? Who would have thought it…",10027,1415,/r/nba/comments/1v1mefv/report_lebron_james_does_not_care_about_holding/,2026-07-20
1v1ju66,nba,1784549755,It’s been 16 years since “The Decision” and Lebron once again has the NBA waiting on his decision.,"Its been 16 years lebron is 41 and the nba is still at a standstill awaiting his decision again. Its kinda amazing tbh. And its not even for a brand move alone but on who are contenders. 

imagine if he did another decision. i dont think it would be looked at as bad as last time. Might even be hilarious ",0,43,/r/nba/comments/1v1ju66/its_been_16_years_since_the_decision_and_lebron/,2026-07-20
1v1jf26,nba,1784548657,Could the Akron LeBroners win the title if 41-year-old LeBron was still their best player?,[removed],1,1,/r/nba/comments/1v1jf26/could_the_akron_lebroners_win_the_title_if/,2026-07-20
1v1bht8,nba,1784522165,"Now that the World Cup is over, LeBron can finally declare his intentions for next season.",[removed],1,1,/r/nba/comments/1v1bht8/now_that_the_world_cup_is_over_lebron_can_finally/,2026-07-20
1v17z9y,nba,1784511479,"In 2014, LeBron James praised UConn guard Shabazz Napier and advocated for the Heat to draft him. The Heat traded up to do so, but LeBron left for Cleveland anyway. Napier averaged 5ppg in one season with Miami before being salary dumped to Orlando","[https://www.latimes.com/sports/sportsnow/la-sp-sn-lebron-james-heat-nba-draft-20140627-story.html](https://www.latimes.com/sports/sportsnow/la-sp-sn-lebron-james-heat-nba-draft-20140627-story.html)

LeGM giveth and LeGM taketh away",5647,417,/r/nba/comments/1v17z9y/in_2014_lebron_james_praised_uconn_guard_shabazz/,2026-07-20
1v1w6wp,nba,1784577431,LEBRON HEADED TO CLEVELAND…,[removed],1,1,/r/nba/comments/1v1w6wp/lebron_headed_to_cleveland/,2026-07-20
1v17qez,nba,1784510756,"The last time that Spain won the World Cup, LeBron James joined the Miami Heat. Is the 2nd time a charm?","July 11, 2010 — at Soccer City in Johannesburg, South Africa, Spain defeated the Netherlands 1-0. That was Spain’s first ever World Cup victory.

July 8, 2010 — LeBron James announced ""The Decision"" to take his talents to South Beach and join Dwayne Wade/Chris Bosh in Miami.

July 19, 2026 — at MetLife Stadium in East Rutherford New Jersey, Spain defeated Argentina 1-0. This is Spain’s 2nd World Cup victory.

July \_\_ 2026 — ???",151,30,/r/nba/comments/1v17qez/the_last_time_that_spain_won_the_world_cup_lebron/,2026-07-20
1v1wloo,nba,1784578332,Updated LeBron Intel from Charania,,1,1,/r/nba/comments/1v1wloo/updated_lebron_intel_from_charania/,2026-07-20
1v19f39,sixers,1784515736,The Dean Wade signing feels like a precursor to a LeBron deal.,"The signing felt weird at first. After our disappointing end to the season, why was Dean Wade our big solution?

And also, this team does not sign white players.

But who LOVES white players? LeBron.

For a man known as LeGM who notoriously has final say in all roster decisions, he has ALWAYS kept a white guy or 2 around. 

From guys like Big Z to Bird man Anderson to Kevin Love to Austin Reaves, LeBron seems to always prefer to keep a token white in the mix.

For a cerebral guy like Lebron, I believe he values a certain change of pace a white player brings, even if they aren't always the best player on paper available.

It wouldn't surprise me if LeBron himself gave the order to sign Wade in anticipation of his arrival.",0,18,/r/sixers/comments/1v19f39/the_dean_wade_signing_feels_like_a_precursor_to_a/,2026-07-20
1v1zcv1,sixers,1784584661,BREAKING: LeBron has announced he’ll make an announcement about when he’ll announce his decision.,"So, if he picks Philly is the best way to just respond to that 12 year old tweet by Embiid asking him to join, saying he just saw the tweet? 

He said trust the process, meaning chill, it’s gonna happen! With everyone given up on it, I’m interested to see how this sub will react when that notification drops!",0,36,/r/sixers/comments/1v1zcv1/breaking_lebron_has_announced_hell_make_an/,2026-07-20
1v1xgy6,sixers,1784580267,LeBron is coming to Philly: it is written,[removed],1,0,/r/sixers/comments/1v1xgy6/lebron_is_coming_to_philly_it_is_written/,2026-07-20
1v1bphq,nbadiscussion,1784522881,"Take: Peak Jokic and Giannis are the same tier as peak Lebron and Jordan in terms of how good and impactful they are at the game, but will never be GOAT tier because it's near impossible to get their volume of accolades in the modern era",[removed],1,2,/r/nbadiscussion/comments/1v1bphq/take_peak_jokic_and_giannis_are_the_same_tier_as/,2026-07-20
1v1ndt8,sixers,1784558246,[Patrick Beverley] Rumor has it LeBron makes his decision today,,107,97,/r/sixers/comments/1v1ndt8/patrick_beverley_rumor_has_it_lebron_makes_his/,2026-07-20
1v1tiil,sixers,1784571646,How would you like the LeBron to Philly news to drop?,,1,1,/r/sixers/comments/1v1tiil/how_would_you_like_the_lebron_to_philly_news_to/,2026-07-20
1v249hr,nba,1784597305,Overlooked reason why LeBron should go to the Wolves — TEAM USA Mentorship Going Forward 🇺🇸🇺🇸🇺🇸,"Anthony Edwards as we all know may be the leader of team USA basketball for years to come. And I haven’t seen this anywhere, but was re-watching a bunch of team USA highlights the last few days after watching the World Cup… 

I began to realize that the next few team USA‘s will definitely be missing a leader. I guess maybe saying missing a leader is wrong…. But Kobe was the leader for a handful of runs, then the torch was passed to LeBron…. now the torch needs to be passed again.

 So by LeBron going to the Wolves, it could be even bigger than putting the Wolves over the top for a championship… but also could be massively critical with LeBron able to pass his knowledge down to ANT, so that hopefully ANT can carry the torch for Team USA, and keep USA’s gold medal streak alive.

So, not only would LeBron going to the Wolves be the most perfect fit into a team for him right now, but he likely then would be mentoring essentially the leader of team USA for possibly the next 3 to 4 Olympic runs. And as a USABB Fan…. I love it. 🇺🇸🇺🇸🇺🇸🇺🇸",0,25,/r/nba/comments/1v249hr/overlooked_reason_why_lebron_should_go_to_the/,2026-07-21
1v2h8r6,nba,1784637491,"Lebron at age 42 in season 23, What would his stat line look like? Discuss.","Hey everyone with Bron biding his time with his ""decision"" part 2.  I’ve been thinking about how wild LeBron’s longevity curve has become. He’ll be 42 by the end of the 2026‑27 season, and yet his 2025‑26 numbers (≈ 21 PPG, 6 RPG, 7 APG) were immaculate for his age.

Some fun longevity facts:

\\-Kareem Abdul‑Jabbar averaged 10.1 PPG at age 41, considered elite for that age.

\\-Robert Parish played until 43, but averaged only 3.7 PPG his final season.

\\-Vince Carter lasted to 43, posting 5 PPG in his last year.

\\-Karl Malone retired at 40, still putting up 13 PPG and 8 RPG.

So what do you all think? With his announcement on which team he'll be playing for (lets assume Cleveland or Miami) probably coming by the end of the month can LeBron realistically sustain near‑20 PPG production at 42, or will Father Time finally catch up with All-Father?",0,13,/r/nba/comments/1v2h8r6/lebron_at_age_42_in_season_23_what_would_his_stat/,2026-07-21
1v2fvm7,nba,1784633811,[Charania] BREAKING: Four-time NBA champion LeBron James has agreed to a one-year deal with the Philadelphia 76ers,[removed],1,1,/r/nba/comments/1v2fvm7/charania_breaking_fourtime_nba_champion_lebron/,2026-07-21
1v2b8c6,nba,1784618353,"[McMenamin] LeBron James' agent, Rich Paul, said he does not know when James will decide on where he will play next season. He added that any teams interested in James joining them do not need to do anything else to sway his client’s mind in the meantime. ""We’re not going to be rushed,"" Paul said.","[**Source – Dave McMenamin, Lakers and NBA reporter, ESPN:**](https://www.espn.com/nba/story/_/id/49415142/rich-paul-says-there-no-rush-lebron-james-make-free-agency-decision)

LeBron James' longtime friend and agent, Rich Paul of Klutch Sports, said Monday he does not know when his client will decide what team he'll play for next season. He added that any teams interested in James joining them do not need to do anything else to sway his client's mind in the meantime.

""We're not going to be rushed,"" Paul said on the latest podcast episode of ""Game Over"" with Max Kellerman and Rich Paul, released Monday evening. ""We're not going to be rushed. It's his choice to make and when he makes the choice, he'll make it.""

Paul continued to say that teams have circled back with him to see if they should be more involved while James weighs his options and he told them there was no need.

""There's been several people to call and say, 'Hey, Rich, is there anything more we should be doing? We could be doing?'"" Paul said. ""And my answer is, 'No. We don't need you to go above and beyond about anything. We understand it. It's clear. All the messages have been sent.'""",0,119,/r/nba/comments/1v2b8c6/mcmenamin_lebron_james_agent_rich_paul_said_he/,2026-07-21
1v29bdc,nba,1784611989,What would the GOAT debate look like if LeBron won two more NBA titles?,[removed],1,0,/r/nba/comments/1v29bdc/what_would_the_goat_debate_look_like_if_lebron/,2026-07-21
1v289xo,nba,1784608700,LeBron's entering his 24th NBA season — does that longevity change how we should judge his GOAT case?,[removed],1,0,/r/nba/comments/1v289xo/lebrons_entering_his_24th_nba_season_does_that/,2026-07-21
1v288zu,nba,1784608619,CAVS fans: would you still want LeBron to join knowing for sure you’re not winning the chip,[removed],1,0,/r/nba/comments/1v288zu/cavs_fans_would_you_still_want_lebron_to_join/,2026-07-21
1v2855d,nba,1784608286,"Other than your own team, where do you want to see LeBron end up?","I'm a Cavs fan. It would hurt to see how go anywhere else, but I get it, and after 2016 he's made his amends to the city and secured his legacy.

If he really, truly, does not end up with us, I would prefer to see him go anywhere besides Golden State - but really Minnesota, where he can be in a separate conference, or Philly, so he can potentially get that franchise a championship (IF we fall short).

What are your thoughts?",29,225,/r/nba/comments/1v2855d/other_than_your_own_team_where_do_you_want_to_see/,2026-07-21
1v22obb,nba,1784592982,Lebron James in latest interview says his daughter is the biggest factor behind free agency decision,,0,78,/r/nba/comments/1v22obb/lebron_james_in_latest_interview_says_his/,2026-07-21
1v27s7k,nba,1784607208,"Best Available Free Agents: Harden, Lebron, Duren(R), Mathurin(R), Peyton Watson(R), Kuminga, Westbrook, Bradley Beal, Bruce Brown, DeMar Derozan, Nick Richards, Draymond Green","Best available NBA free agents:

PG
James Harden
Russell Westbrook
Gabe Vincent
Brandon Williams
Aaron Holiday

SG
Bennedict Mathurin (R)
Bruce Brown
Bradley Beal
Gary Payton II
Andre Jackson Jr

SF
DeMar DeRozan
Spencer Jones (R)
Jae'Sean Tate
AJ Lawson
Doug McDermott

PF
LeBron James
Peyton Watson (R)
Draymond Green
Jonathan Kuminga
Nicolas Batum

C
Jalen Duren (R)
Nick Richards
Kevin Love
Drew Eubanks
Tony Bradley",1512,259,/r/nba/comments/1v27s7k/best_available_free_agents_harden_lebron_durenr/,2026-07-21
1v26q0t,nba,1784604089,Per Charania: LeBron has agreed to a one year deal with Philly,"Tweet is on Shams’ x account: 

BREAKING: Four-time NBA champion LeBron James has agreed to a one-year deal with the Philadelphia 76ers, league sources tell ESPN. James joins Jaylen Brown, Tyrese Maxey and Joel Embiid, as Philadelphia makes a major push for an NBA title entering the 2026-27 season.",0,31,/r/nba/comments/1v26q0t/per_charania_lebron_has_agreed_to_a_one_year_deal/,2026-07-21
1v26per,nba,1784604041,(Charania) LeBron to the Sixers on a 1-year deal,,1,1,/r/nba/comments/1v26per/charania_lebron_to_the_sixers_on_a_1year_deal/,2026-07-21
1v26omj,nba,1784603977,"(@ShamsCharania) LeBron James has agreed to sign a two-year, $52 million contract with the Golden State Warriors, sources tell ESPN. Includes a player option on Year 2.","Wow actually insane pull for the warriors, Draymond opting out made this happen. Wonder who the fillers will be to fill out this roster ",0,39,/r/nba/comments/1v26omj/shamscharania_lebron_james_has_agreed_to_sign_a/,2026-07-21
1v26of9,nba,1784603962,Per Charania: LeBron has signed a one year deal with Philly,,0,1,/r/nba/comments/1v26of9/per_charania_lebron_has_signed_a_one_year_deal/,2026-07-21
1v25sna,nba,1784601489,Lebron to warriors,"I heard my homeboy from Santa Clara saying that LeBron to the Warriors is in the bag. Warriors are quietly working out a deal to bring AD in to pair back up with LeBron. Warriors will go 73-9 just like there 2015 season and win the chip. Warriors are also getting Klay back 

Warriors starting 5   
Steph   
Klay   
Dray   
Bron   
AD 

Who’s stopping us? And don’t say the hospital cuz we have world class trainers for the warriors. Lmk what yall think ",0,63,/r/nba/comments/1v25sna/lebron_to_warriors/,2026-07-21
1v24qii,nba,1784598605,Wizards LeBron Goat,"Will LeBron reunite with AD and mini-Steph Curry in Washington in order to do what MJ never could, and deliver a Championship to Washington??

Will LeBron then be the Goat??",0,11,/r/nba/comments/1v24qii/wizards_lebron_goat/,2026-07-21
1v24lr6,nba,1784598240,Miami Heat obvious choice for Lebron.,"This post is not an attempt to ragebait, I am sharing my genuine opinions and want other people’s as well.

The Miami Heat are the obvious choice in many ways.

I will get downvoted purely because of people’s hatred of Miami, but realistically it is the clear choice, and you may say “Well Cleveland is the only ‘clear’ choice.” I would have agreed until i really thought more about it.

Why would Lebron go back to Cleveland? Because it’s home, it’s the team that drafted him and the closest team to his hometown. But is there anything else? Not really. James Harden is a fraud and is walking around looking like fat albert, Donovan Mitchell is the most overpaid man in the league and also a choke artist, jarret “the lights were too bright” allen and evan Mobley are soft.

Philly isn’t a serious option and I’m not gonna treat it as such. But Lebron wouldn’t even be able to play the brand of basketball that he has been playing for 23 years, that is Maxey’s team and he is the primary ball handler, Jaylen Brown also wants his own team, and Embiid won’t be healthy.

Miami is the destination. 4 defensive DOGS surrounding him at all times, Wiggins can guard the 3 so Lebron hardly has to play defense. He is going somewhere that NEEDS a primary ball handler and playmaker. He is also going somewhere that he is familiar with, in a culture that shaped him as a player, that he can help to revive. Lebron lives heat culture everyday and uses heat mantras still, his wife LOVES miami, and we even have year round golf too 🤷‍♂️. This is his best chance to win another championship, and do it somewhere he is familiar with, and playing his style of basketball.",0,143,/r/nba/comments/1v24lr6/miami_heat_obvious_choice_for_lebron/,2026-07-21
1v2haph,nba,1784637627,Why hasn't anyone tried to find out why LeBron is going via Bronny?,"Like, send a bevy of hot chicks his way, give him the good time and try to pry some information out.

Dude's 21.  At age 21, that trick always work.  Always.

LeBron said this decision would be family-driven so a family meeting must have taken place...right?  Bronny gotta know.",0,29,/r/nba/comments/1v2haph/why_hasnt_anyone_tried_to_find_out_why_lebron_is/,2026-07-21
1v275w0,nba,1784605388,LeBron's entering his 24th NBA season — does that longevity change how we should judge his GOAT case?,"I'd argue LeBron has had 24 different primes — not in the sense that he peaked 24 times at the same height, but that he's reinvented *how* he dominates every single season to stay elite as his physical tools changed. 2013 LeBron was an unstoppable athletic force. 2020 LeBron was a playmaking hub who won Finals MVP as a facilitator. 2024-25 LeBron is a perimeter shooter and floor general at 40. Different skillsets, same tier of dominance, season after season.

Compare that to literally any other all-time great — Jordan was done as a top player by 35, Kareem's decline started earlier than people remember, even Kobe fell off a cliff in his last few seasons. None of them adapted their game across eras the way LeBron has.

Russell's case is built on ring accumulation in an 8-9 team league with no 3-point line. Wilt's case is built on raw stats in a pace-and-rules environment that inflates numbers by modern standards. Neither played this long, or had to keep reinventing their game this many times, against this level of competition.

LeBron's case isn't ""greatest peak"" (that's probably still Jordan) or ""most rings"" (Russell). It's that no one has ever sustained elite-tier production across this many distinct versions of themselves, in an era this hard to do it in.

Curious if people think this kind of longevity-through-reinvention should carry more weight in the GOAT conversation, or if it's still secondary to peak dominance and rings.",0,8,/r/nba/comments/1v275w0/lebrons_entering_his_24th_nba_season_does_that/,2026-07-21
1v2hym6,nba,1784639284,"Rich Paul says LeBron referencing trusting the process was a bad thing for the 76ers chances: ""That’s a negative thing [That motto] wasn’t a positive thing for the organization, that’s the worst thing you could do….Where’s the value in that?""",,0,46,/r/nba/comments/1v2hym6/rich_paul_says_lebron_referencing_trusting_the/,2026-07-21
1v22gc1,nba,1784592403,"""Will LeBron James become my teammate? It's not looking good"" Tyrese Haliburton 👀",October can't come soon enough. ,0,2,/r/nba/comments/1v22gc1/will_lebron_james_become_my_teammate_its_not/,2026-07-21
1v2zhth,nba,1784677967,Anyone know why the Announcement Date odds went nuts today for LeBron?,"The NO by August 2nd, July 31 and basically every date between now and then practically doubled in price. For example, August 2nd went from 8 cents to 22 cents in like 6 hours and all the dates followed a similar pattern. 

So, is there something happening that is causing the market to adjust and assume that LeBron isn't going to make his announcement anytime soon? 

Maybe it was because they were thinking he would do it after World Cup but now that has passed with no announcement so they assume it will be in August now? 

Anyone have any theories?",0,2,/r/nba/comments/1v2zhth/anyone_know_why_the_announcement_date_odds_went/,2026-07-21
1v2xfjb,nba,1784672888,"Carmelo says he and LeBron almost teamed up in 2010 to go to the Bulls: ""It was supposed to be Bosh and Wade, then me and Bron going somewhere. We wanted it to be New York or Chicago, if we gonna find a place then let it be Chicago. I wasn't as educated on the business of the game.""",,826,361,/r/nba/comments/1v2xfjb/carmelo_says_he_and_lebron_almost_teamed_up_in/,2026-07-21
1v2x1yr,nba,1784672006,Should LeBron/Rich Paul get investigated by the NBA if it's discovered the entire reason for this delay on his decision is trying to get Anthony Davis a Max Extension? It appears like some type of attempt to force Wizards to pay AD or get Warriors to trade for AD and pay him but still not get LeBron,,1,1,/r/nba/comments/1v2x1yr/should_lebronrich_paul_get_investigated_by_the/,2026-07-21
1v2x166,nba,1784671955,Should LeBron/Rich Paul get investigated by the NBA if it's discovered the entire reason for this delay on his decision is trying to get Anthony Davis a Max Extension? It appears like some type of attempt to force Wizards to pay AD or get Warriors to trade for AD and pay him but still not get LeBron,,1,1,/r/nba/comments/1v2x166/should_lebronrich_paul_get_investigated_by_the/,2026-07-21
1v2wzxr,nba,1784671879,Do you think 2007 LeBron was good enough to be the best player on a championship team?,"The Cavs got swept by the Spurs in the 2007 Finals and LeBron shot poorly from the field 

Obviously the Cavs team wasn’t the greatest so that also played a big factor but LeBron in 2007 is also far from being a finished product 

For example if he was on the Celtics instead of Tatum or the Thunder instead of SGA, Bucks instead of Giannis etc is he good enough to win a championship as a main guy? ",0,81,/r/nba/comments/1v2wzxr/do_you_think_2007_lebron_was_good_enough_to_be/,2026-07-21
1v2vza3,nba,1784669525,"For the younger NBA fans: how can you confidently call LeBron the GOAT, when most of you never seen Jordan play?",[removed],1,0,/r/nba/comments/1v2vza3/for_the_younger_nba_fans_how_can_you_confidently/,2026-07-21
1v2ucec,nba,1784665887,When did LeBron reach each milestone in the all-time rankings?,"More specifically, when would y’all say LeBron reached each of these spots in the list of greatest/best players OAT?

• Top 75    
• Top 50    
• Top 25    
• Top 10    
• Top 5    
• GOAT/Top 2 (if you \*\*hopefully\*\* have him there)",74,151,/r/nba/comments/1v2ucec/when_did_lebron_reach_each_milestone_in_the/,2026-07-21
1v2tpbp,nba,1784664515,Why hasn’t LeBron picked a team yet?,"In his previous 3 free agencies he decided between immediately and a week. 

I think this is what’s going on:  
\- he knew he wanted to leave the lakers and started there. 2nd banana is fine with him but 3rd is a bridge too far, and being sort of left out of the creation of the offense was too jarring   
\- he didn’t realize his options would be so limited. Every suitor is too flawed. 

1) Golden state is old and not a contender.  
2) Miami has no shooters and all the creation would fall on him, he’s too old for that  
3) Philly hinges on the health of Joel Embiid   
4) He doesn’t want to play with James Harden and the Cavs haven’t told Harden to kick rocks yet (presumably because they promised him a deal if he opted out)   
5) Knicks just won   
6) Spurs idk. Too easy? Market too small? 

TL;DR he left the lakers hastily and is realizing there is no obvious fit. He’s waiting to see what teams do to address this. I don’t think he’ll decide anytime soon, or before these status quo changes first. ",0,181,/r/nba/comments/1v2tpbp/why_hasnt_lebron_picked_a_team_yet/,2026-07-21
1v2ilod,nba,1784640791,"Rich Paul Addresses LeBron Narrative That James 'Loves the Attention' of NBA Free Agency, Rumors","“I think it's important for people to understand: We're not making this about attention and a spectacle,"" he said on his *Game Over* podcast (via ESPN's [**Dave McMenamin**](https://www.espn.com/nba/story/_/id/49415142/rich-paul-says-there-no-rush-lebron-james-make-free-agency-decision)). ""It's not about a 'Decision' or anything like that. He has a choice to make. He has a business choice to make. We're not going to sit here and decide or allow someone else to decide when he makes that decision. ... It's a business choice that he's making. And I think as an athlete, why is it that an athlete has to rush his choice?""

Yeah, I just think he loves the attention. ",875,537,/r/nba/comments/1v2ilod/rich_paul_addresses_lebron_narrative_that_james/,2026-07-21
1v2tdwa,nba,1784663823,"If the NBA had no salary cap, how much money would a player like peak LeBron be able to realistically make per year?","These days the highest paid guys are gonna make 70 million a year with the cap and rules 

Considering the absolute value a player like LeBron or Curry bring to your franchise even outside of the game of basketball, how much money do you think players like that would be able to demand from teams?",38,63,/r/nba/comments/1v2tdwa/if_the_nba_had_no_salary_cap_how_much_money_would/,2026-07-21
1v2pojr,nba,1784656073,"[OC] During the 2011 NBA lockout, Kentucky Coach John Calipari opened Kentucky's practice facility to NBA players. There, Kentucky's future 2012 national championship team practiced, scrimmaged, and allegedly won against a mashup team featuring LeBron, Durant, Westbrook, Harden, and other NBA stars.","As a Kentucky fan, there's always been a bit of a legend surrounding the 2011 NBA lockout. For years there's been stories and claims that Kentucky's 2012 National Championship team beat an NBA All-Star mashup team of LeBron, Durant, Westbrook, Harden, and others in a secret scrimmage during the NBA lockout. 

I wanted to see if I could find and piece together the most accurate account of what actually happened during those practices and workouts in 2011. 

Allegedly, the reason this was never majorly reported on and why there is so little firsthand information about what happened in these workouts and scrimmages is that local media was told to STFU and/or signed NDAs if they were in attendance. It also was pretty heavily implied to those that covered Kentucky basketball that having all these NBA players practicing and scrimmaging against Kentucky's college players would work wonders for their development, so reporting on it as it happened would only hurt the team and bring an immediate end to these sessions. From what I can tell, it wasn't until 2024 that a Kentucky player officially acknowledged what happened and gave details. 

--------------------------------------

**Backstory -** 

When the 2011 NBA lockout occurred, then Kentucky coach John Calipari opened Kentucky's practice facilities to every former Kentucky player in the NBA. This led to players like John Wall, DeMarcus Cousins, Tayshaun Prince, Brandon Knight, Nazr Mohammed, Eric Bledsoe, Rajon Rondo, and many more to return to Lexington. 

Due to NBA lockout rules, NBA players were not allowed to use NBA-owned facilities or communicate/organize with NBA coaches or training staffs. This led to coach Calipari opening Kentucky's practice facilities, which were comparable if not equal to most NBA facilities at the time, as well as access to Kentucky's trainers and coaching staff, to any NBA player.  

Because of coach Calipari's connections and the lockout rules, this led to players like LeBron James, Kevin Durant, Russell Westbrook, James Harden, and many others to flock to Lexington to take part in these practices, scrimmages, and training sessions. This also led to many, if not all players from the [Oklahoma City Thunder](https://www.basketball-reference.com/teams/OKC/2012.html) and allegedly the [Boston Celtics](https://www.basketball-reference.com/teams/BOS/2012.html) to also hold voluntary workouts/scrimmages in Lexington during the lockout. 

While it's pretty [commonly](https://www.nba.com/pelicans/news/john-calipari-sees-pelicans-voluntary-workouts-lexington-great-first-step) [reported](https://www.oklahoman.com/story/sports/nba/thunder/2011/09/26/thunder-players-planning-voluntary-workouts/61131588007/?gnt-cfr=1&gca-cat=p&gca-uir=false&gca-epti=z1151xxe1151xxv000084&gca-ft=66&gca-ds=sophi) that the Thunder as a team were in Lexington, the only solid report I can find that says the Boston Celtics were in Lexington is from a [brief article from the KYKernel](https://kykernel.com/69373/sports/thunder-celtics-working-out-at-uk/), citing a tweet from former Kentucky QB and then grad assistant coach Andre Woodson that said the Thunder and Celtics were both practicing in Lexington. In the article, it also says he tweeted that Derrick Rose would be coming to Lexington later in the week as well. 

There are also multiple people that claim that Dwight Howard, Dwyane Wade, Tyson Chandler, Chris Paul, Blake Griffin, and multiple other members of the [Clippers roster](https://www.basketball-reference.com/teams/LAC/2012.html) and [Heat roster](https://www.basketball-reference.com/teams/MIA/2012.html) were in Lexington at some point or another, though most say it was only for a day or two which is why they are not mentioned or verified as being there unlike LeBron, Durant, Westbrook, Harden, etc who were there for multiple weeks. 

---------------------

**[Firsthand accounts](https://www.on3.com/teams/kentucky-wildcats/news/doron-lamb-and-marquis-teague-shared-2012-memories-of-no-sleep-and-no-fs-with-ksr/) from then-Kentucky point guard Marquis Teague and shooting guard Doron Lamb from a [radio interview in 2024](https://streamable.com/aripl1)**


> While reminiscing, Teague confirmed one of KSR’s favorite stories from the 2011-12 season: that he and his Kentucky teammates beat a team of NBA stars in a scrimmage on UK’s campus in the fall of 2011. There were many NBA players in Lexington to train during the 2011 NBA lockout, including most of the 2011-12 Oklahoma City Thunder (Kevin Durant, James Harden, Russell Westbrook, Kendrick Perkins, Nazr Mohammed, and others), LeBron James, Rajon Rondo, Eric Bledsoe, and more.

> As the story goes, Kentucky’s top six players that championship season–Teague, Lamb, Michael-Kidd Gilchrist, Terrence Jones, Anthony Davis, and Darius Miller–scrimmaged a team of the NBA pros, and the first game went to the Wildcats.

> “We won,” Teague confirmed to KSR on Thursday, adding, “Actually, they had LeBron James playing, KD, all those guys… We were big-time players in his high school, so in our minds, we could compete against anybody. Didn’t really matter to us.”

> The second part of that story, and the reason why it’s a KSR favorite, is we heard at the time that, after the young Wildcats won the first scrimmage, Teague yelled toward the NBA stars, “This is Kentucky, we don’t give no f****!”

> Teague confirmed that part, too.

Doron Lamb also mentioned in the interview that NBA player Josh Smith was present in Lexington for the workouts. 

From the interview, Marquis Teague confirms the rumor that the Kentucky college team scrimmaged an NBA lineup consisting of Westbrook, Harden, Durant, another OKC player (allegedly Kendrick Perkins or Serge Ibaka), and LeBron James. 

While it isn't stated in the interview and has never officially been said, other Kentucky reporters from that time have offhandedly mentioned on radio broadcasts and message boards over the years that once the Kentucky team won the first matchup, that the NBA players ""locked in"" and allegedly blew Kentucky out of the water and may have won by as much as 40 in the second matchup. 

--------------------------------

**[Another article with quotes](https://kykernel.com/69572/sports/uk-players-gain-experience-playing-with-lebron-durant/) from Anthony Davis, Michael Kidd-Gilchrist, and Terrence Jones**

> Not many people stop LeBron James. So when Anthony Davis said he, Michael Kidd-Gilchrist and Terrence Jones, who switched off turns trying to stop a man who NBA defenders have trouble guarding, “kind of” stopped James when he swung through UK to play pickup with the players, that’s pretty impressive.

**Regarding Anthony Davis**

> The plethora of NBA stars who stopped by Lexington as the lockout continues benefited UK in a variety of ways. For Davis, who admits he is uncomfortable down low, to learn some low-post moves from the best. “I’ve been working out with DeMarcus (Cousins) and Nazr (Mohammed),” Davis said. “They’re showing me some new shots, post moves.”

**Regarding Marquis Teague**

> Freshman point guard Marquis Teague reiterated the same thought, as he went up against the likes of Rajon Rondo of the Boston Celtics and Russell Westbrook of the Oklahoma City Thunder. “Rondo’s more of a true point guard. He doesn’t score a lot, but he can score if he needs to,” Teague said, whose brother Jeff plays for the Atlanta Hawks. “Russell Westbrook is coming at you every time. He’s not backing off at all, not easing up. He’s trying to dunk it on you or score on you every single play.”

**Regarding Terrence Jones**

> Terrence Jones said UK competed hard against the NBA players and largely held their own, although he hedged how much could be taken from that. “It’s hard to really say,” Jones said. “It’s hard to compare them in an open gym against what they really play like in the NBA.”

--------------------------

**Takeaways**

While it's not much, this seems to be the most complete (while still being absolutely incomplete) story of how for a couple weeks in 2011 during the lockout, Kentucky basketball and their facilities became the center of the NBA world. 

It seems pretty wild that LeBron seemingly worked out with the Oklahoma City Thunder during the lockout for a few weeks, as the Heat and Thunder would eventually face off in the championship in the lockout-shortened season. 

Kentucky players seemed to benefit as well, as that team later won the NCAA championship. 

Purely speculation on my part, but this may have also been why Anthony Davis was the first player since Christian Laettner in 1992 to make the USA Olympic Basketball team before playing a single game in the NBA. Scrimmaging and practicing against LeBron, Durant, Westbrook, Harden, and potentially Tyson Chandler and Chris Paul, meant he had already gone against potentially half of the Olympic team who would know his abilities.

Sadly, a lot of details from over the years are lost to the archives of radio shows and random articles from dead fan-sites that would take thousands of hours to find and transcribe, if they even still exist to begin with, which is why there are so many mixed accounts and stories from fans and reporters over the years.

--------------------------------

The tl;dr seems to be that during the 2011 NBA lockout a ton of NBA players practiced and scrimmaged in Lexington alongside the Kentucky college team, and at some point scrimmaged each other. Kentucky scrimmaged and beat a team consisting of LeBron, Durant, Westbrook, Harden, and someone else, trash talked, and then the NBA players took things serious and beat the absolute fuck out of them in the next game.",471,55,/r/nba/comments/1v2pojr/oc_during_the_2011_nba_lockout_kentucky_coach/,2026-07-21
1v2pjog,nba,1784655789,LeBron is exposing the flaws with the salary cap.,"If there was no salary cap LeBron would have easily gotten a 2 year 100 million dollar contract and would have signed 3 weeks ago. 

He can essentially hold up the league for as long as he wants, and he should. he is worth a lot more than a minimum deal.",0,64,/r/nba/comments/1v2pjog/lebron_is_exposing_the_flaws_with_the_salary_cap/,2026-07-21
1v2obml,nba,1784653245,"Is there a reason LeBron leaked he would make a decision yesterday, then didn’t say a word?","Title says it all. I guess I don’t understand the reasoning behind stirring everyone up just to let them down again. I always figured Bron was waiting to see what happened with Kawhi (personal opinion) before making a decision, but why would he make the press and fans think he was gonna decide when he pretty clearly is in no rush to make a decision?",0,66,/r/nba/comments/1v2obml/is_there_a_reason_lebron_leaked_he_would_make_a/,2026-07-21
1v2mvvv,nba,1784650173,LeBron forgets he repeated,,1,1,/r/nba/comments/1v2mvvv/lebron_forgets_he_repeated/,2026-07-21
1v2kog9,nba,1784645475,Pat Bev claims that his source lied about LeBron making a decision today,[removed],1,0,/r/nba/comments/1v2kog9/pat_bev_claims_that_his_source_lied_about_lebron/,2026-07-21
1v2kmpm,nba,1784645371,Pat Bev claims his source lied to him about LeBron making a decision today,,1,1,/r/nba/comments/1v2kmpm/pat_bev_claims_his_source_lied_to_him_about/,2026-07-21
1v2k9q6,nba,1784644562,WAS - CLE - SAC Possible Trade? Possible help to get Lebron to Cleveland?,[removed],1,1,/r/nba/comments/1v2k9q6/was_cle_sac_possible_trade_possible_help_to_get/,2026-07-21
1v2jtbq,nba,1784643557,There was a deleted Tweek about Lebron going to Philly, Shams deleted the tweet as I was going to screenshot my home screen. It said he signed a 1 year deal. Now deleted though,4,12,/r/nba/comments/1v2jtbq/there_was_a_deleted_tweek_about_lebron_going_to/,2026-07-21
1v2tao8,nba,1784663625,"Since 2010, outside LeBron who peaked the highest?(3-5 year stretch, not single season)","For me the candidates are 

\\- Embiid 2021-2024     
\\- Steph 2016-2021    
\\- Joker 2021-2025     
\\- Luka 2022-2024    
\\- Harden 2017-2021     
\\- KD 2012-2017    
\\- Giannis 2020-2025     
\\- Kawhi 2016-2021     
\\- Shai 2023-2026 

Who do y’all think peaked the highest and why? ",20,118,/r/nba/comments/1v2tao8/since_2010_outside_lebron_who_peaked_the/,2026-07-21
1v2jqzg,nba,1784643415,There Was A Deleted Tweet about Lebron going to Philly,[removed],1,1,/r/nba/comments/1v2jqzg/there_was_a_deleted_tweet_about_lebron_going_to/,2026-07-21
1v2a30g,nba,1784614490,LeBron James have outlasted 10 first overall picks drafted after him in the NBA,"Dwight Howard 

Andrew Bogut

Andrea Bargnani 

Greg Oden 

Derrick Rose 

Blake Griffin 

John Wall 

Anthony Bennett 

Ben Simmons 

Markelle Fultz 

",3227,249,/r/nba/comments/1v2a30g/lebron_james_have_outlasted_10_first_overall/,2026-07-21
1v25dwo,sixers,1784600361,LeBron To Philadelphia Confirmed,,0,11,/r/sixers/comments/1v25dwo/lebron_to_philadelphia_confirmed/,2026-07-21
1v2u33a,sixers,1784665320,Disney on Ice and what it could mean for the Sixers/LeBron sweepstakes,[removed],1,0,/r/sixers/comments/1v2u33a/disney_on_ice_and_what_it_could_mean_for_the/,2026-07-21
1v2nb4g,sixers,1784651088,LeBron confirmed??,,23,1,/r/sixers/comments/1v2nb4g/lebron_confirmed/,2026-07-21
1v2hyqe,sixers,1784639293,"Rich Paul says LeBron referencing trusting the process was a bad thing for the 76ers chances: ""That’s a negative thing [That motto] wasn’t a positive thing for the organization, that’s the worst thing you could do….Where’s the value in that?""",,0,22,/r/sixers/comments/1v2hyqe/rich_paul_says_lebron_referencing_trusting_the/,2026-07-21
1v256hz,sixers,1784599808,Lebron seen in Philly,,16,14,/r/sixers/comments/1v256hz/lebron_seen_in_philly/,2026-07-21
1v2yr8r,sixers,1784676097,LeBron confirmed?,"I just got this ad emailed to me, has he announced yet? ",0,25,/r/sixers/comments/1v2yr8r/lebron_confirmed/,2026-07-21
1v3sb40,nba,1784752477,LeBron James and Dwayne Wade give Chris Paul a boost for a dunk (2011),,308,20,/r/nba/comments/1v3sb40/lebron_james_and_dwayne_wade_give_chris_paul_a/,2026-07-22
1v3l32l,nba,1784737576,Where does LeBron James land?,[removed],1,0,/r/nba/comments/1v3l32l/where_does_lebron_james_land/,2026-07-22
1v3l8sf,nba,1784737907,LeBron Sweepstakes - Findings,[removed],1,0,/r/nba/comments/1v3l8sf/lebron_sweepstakes_findings/,2026-07-22
1v3lbyp,nba,1784738090,"The Miami Heat fired the guy who leaked the LeBron signing.

They are now looking to hire a Director of YouTube Strategy",[removed],1,0,/r/nba/comments/1v3lbyp/the_miami_heat_fired_the_guy_who_leaked_the/,2026-07-22
1v3ldpn,nba,1784738188,"The Miami Heat fire the guy who leaked the LeBron signing.

They are now looking to hire a Director of YouTube Strategy","[https://www.sportingnews.com/ca/nba/news/fans-think-heat-fired-director-youtube-strategy-lebron-james/f1f7b5646f331c142132c98d](https://www.sportingnews.com/ca/nba/news/fans-think-heat-fired-director-youtube-strategy-lebron-james/f1f7b5646f331c142132c98d)

On Tuesday night, the NBA world was sent into a frenzy over a hypothetical YouTube livestream. The following morning, it was LinkedIn's turn to be the instigator.

LeBron James' free agency has gone on for quite a while now, and basketball fans are grasping at any sort of straw for a destination lead. After the [Miami Heat](https://www.sportingnews.com/ca/nba/miami-heat) mistakenly scheduled a James press conference livestream to go live on July 27, fans in the job-hunting sphere noticed the team had a posting open for its director of YouTube strategy position.",0,23,/r/nba/comments/1v3ldpn/the_miami_heat_fire_the_guy_who_leaked_the_lebron/,2026-07-22
1v3mfvj,nba,1784740367,(NBA): LeBron James rumors: HEAT reunion buzz heating up the league,,1,0,/r/nba/comments/1v3mfvj/nba_lebron_james_rumors_heat_reunion_buzz_heating/,2026-07-22
1v3mhkt,nba,1784740460,"If LeBron James wasn’t born, Adele wouldn’t be married","Think about it for like 2 seconds and you'll understand what I'm at. If Gloria didn't give birth to our glorious King, it's likely Rich Paul would be a nobody. He probably wouldn't even have become an agent, like he might've been a 9-5 accountant or something. I'm not convinced if Rich Paul would've met Adele through a  
""mutual friend"" if LeBron wasn't born",0,51,/r/nba/comments/1v3mhkt/if_lebron_james_wasnt_born_adele_wouldnt_be/,2026-07-22
1v3mw5g,nba,1784741283,Lebron should sign in secret,"When Lebron finally makes his Decision, he should keep it secret and not announce it to the world 

This will result in the most anticipated Opening Weekend in NBA History. Millions will tune in to watch every game to see which team Lebron is playing for

I know the players and coaches of the team would be aware but they can sign NDAs to act like Lebron isnt at training camp 

",1682,185,/r/nba/comments/1v3mw5g/lebron_should_sign_in_secret/,2026-07-22
1v3shmh,nba,1784752886,GSW Likely Out of LeBron Race,"ESPN's Anthony Slater joined ""NBA Today"" to discuss how the [Golden State Warriors](https://www.espn.com/nba/team/_/name/gs/golden-state-warriors) are feeling in their pursuit of [LeBron James](https://www.espn.com/nba/player/_/id/1966/lebron-james).

""The Warriors are pessimistic that \[signing LeBron James\] will take place,"" Slater said. ""Since the beginning, they've just really not thought they're at the top of the list. I talked to someone last night that basically said, 'They've given no sign or hint' that it's going to happen.""",670,262,/r/nba/comments/1v3shmh/gsw_likely_out_of_lebron_race/,2026-07-22
1v3p5bw,nba,1784745932,Lebron can sign for the minimum and make the rest on Kalshi,"Who needs Aspiration when you have Polymarket and Kalshi? Lebron can sign for the minimum, but with just a little bit of insider trading, he can easily make way more than the value of his contract.",0,30,/r/nba/comments/1v3p5bw/lebron_can_sign_for_the_minimum_and_make_the_rest/,2026-07-22
1v3rbo1,nba,1784750491,Why Lebron Is Taking His Time,[removed],1,0,/r/nba/comments/1v3rbo1/why_lebron_is_taking_his_time/,2026-07-22
1v3kzz7,nba,1784737392,Where does LeBron James land?,[removed],1,1,/r/nba/comments/1v3kzz7/where_does_lebron_james_land/,2026-07-22
1v3w9qk,nba,1784761525,"If I'm LeBron, I'm PUNISHING Adam Silver, by announcing my decision on a live TV special on Christmas Day during the games.","After all he's done for the league. Adam Silver has no business pushing LeBron to make a decision.  I'd be really mad if I was LeBron and feeling that pressure.  He's a grown man that doesn't need to be told what to do.

That's why I think LeBron needs to teach Adam a lesson and delay his free agency announcement until Christmas Day.  And he should televise his announcement and compete with an actual NBA game for ratings.  It would be the ultimate player empowerment move.

Adam Silver needs to learn a lesson.",0,69,/r/nba/comments/1v3w9qk/if_im_lebron_im_punishing_adam_silver_by/,2026-07-22
1v3w60n,nba,1784761274,Can Lebron wear 6 for the Heat if he returns?,"With the rumors of Lebron potentially returning to the Heat or Cavs, would he be able to wear 6 again for the Heat since the league retired 6 universally? Or is he grandfathered in because he wore it for them in the past?",0,33,/r/nba/comments/1v3w60n/can_lebron_wear_6_for_the_heat_if_he_returns/,2026-07-22
1v3vits,nba,1784759730,[Yahoo Sports] LeBron is reportedly “irritated” with Adam Silver pushing him for a decision. James’ camp was “ready to make an announcement” last week but decided to hold off,[https://sports.yahoo.com/articles/ex-laker-lebron-james-reportedly-155416955.html](https://sports.yahoo.com/articles/ex-laker-lebron-james-reportedly-155416955.html),9793,1795,/r/nba/comments/1v3vits/yahoo_sports_lebron_is_reportedly_irritated_with/,2026-07-22
1v3rzj6,nba,1784751793,Lebron should decide his team through a televised lottery,"It's down to a few teams and clearly he can't decide. What better publicity stunt than to televise ""The Indecision Lottery"" event on ESPN hosted by Dwayne the Rock Johnson?

Lebron's top 5 teams (Miami, Cleveland, Philly, Minnesota, Golden State) will be given weighted percentages based on how much he favors them. We will then slowly draw lottery balls to eliminate one team at a time until we have the team Lebron will join.",85,59,/r/nba/comments/1v3rzj6/lebron_should_decide_his_team_through_a_televised/,2026-07-22
1v3v6e8,nba,1784758911,[O’Connor] Sources believe LeBron James is slow-playing his decision to see if any of his suitors can find a way to land Anthony Davis or Kyrie Irving. The problem is that AD and Kyrie don't seem available for trade.,"Source: https://sports.yahoo.com/nba/article/the-indecision-whats-lebron-james-waiting-for-221704877.html

Most teams on LeBron's list already have a point guard. There's [Tyrese Maxey](https://sports.yahoo.com/nba/players/6413/) in [Philadelphia](https://sports.yahoo.com/nba/teams/philadelphia/) and some guy named [Stephen Curry](https://sports.yahoo.com/nba/players/4612/) in [Golden State](https://sports.yahoo.com/nba/teams/golden-state/). Even teams that have seemingly fallen out of the LeBron running, like [Minnesota](https://sports.yahoo.com/nba/teams/minnesota/) ([LaMelo Ball](https://sports.yahoo.com/nba/players/6395/)) and New York ([Jalen Brunson](https://sports.yahoo.com/nba/players/6044/)), have point guards in place.

[Miami](https://sports.yahoo.com/nba/teams/miami/) could use an upgrade, but there's no theoretical salary match for Irving's $39.5 million deal without gutting wing depth. [Andrew Wiggins](https://sports.yahoo.com/nba/players/5292/) would have to go for any deal to work, and the Heat aren't trading their best wing defender to add a 34-year-old point guard coming off a torn ACL.

That leaves Cleveland, where [James Harden](https://sports.yahoo.com/nba/players/4563/) is sitting in free agency waiting for clarity on what the Cavaliers are doing.

""We're just waiting on big fella,"" Harden said, according to LeBron's ex-teammate [Channing Frye](https://sports.yahoo.com/nba/players/3934/) on Yahoo Sports Daily. That's true. Harden opted out of his $42.3 million player option to negotiate a long-term extension with Cleveland at a lower annual value, and he's willing to wait to give the team flexibility to pursue LeBron.

The belief around the league is that LeBron would be more likely to choose the Cavaliers if the front office could replace Harden with Irving. The 2016 reunion would be a lovely story. But it has two problems.

**Problem No. 1: The Mavericks don't want to trade Irving.**

That's per sources, but it's also fairly obvious. New head coach Dusty May recently compared witnessing an Irving workout to ""watching Picasso paint a picture."" There's a genuine excitement in the organization about pairing Irving with [Cooper Flagg](https://sports.yahoo.com/nba/players/10468/)and this refurbished [Dallas](https://sports.yahoo.com/nba/teams/dallas/) roster.

**Problem No. 2: The Cavaliers are happy with Harden.**",3077,695,/r/nba/comments/1v3v6e8/oconnor_sources_believe_lebron_james_is/,2026-07-22
1v3q5nh,nba,1784748031,Lebron's beat chance is with the Toronto Raptors,[removed],1,0,/r/nba/comments/1v3q5nh/lebrons_beat_chance_is_with_the_toronto_raptors/,2026-07-22
1v3ktb8,nba,1784737001,So… How do we think this LeBron thing will be announced?,"So… How do we think this LeBron thing will be announced?

Is it going to be a simple Charania tweet? A video? A press conference?

Is going to be an hour long event?",0,63,/r/nba/comments/1v3ktb8/so_how_do_we_think_this_lebron_thing_will_be/,2026-07-22
1v3cyl6,nba,1784718499,"LeBron plays to age 55 as a 25-minute center. He finishes with 63,361 points","For quite some time, I've wanted LeBron to significantly cut minutes in order to extend his career similar to how the spurs handled tim duncan late in his career.

duncan stopped playing huge minutes, spent most of his time around 25–30 minutes per game, and was still a legitimately useful player because he could defend, rebound, pass and organize the team without having to carry the offense every night.

so what if lebron had started doing something similar in 2020–21?

the basic idea:

\- lebron cuts his playing time to 25.5 minutes per game

\- he bulks back up to around 270 pounds

\- offensively, he can still function as a point forward

\- defensively, he shifts primarily to power forward and center

\- his per-36 production stays the same through his age-45 season

\- beginning at age 46, his per-36 numbers decline by 2.5% each season

\- he retires after his age-55 season

the defensive position change is probaly the most important part of the whole scenario.

a 48-year-old lebron would obviously have trouble chasing guards and wings through screens. but a 270-pound lebron playing mostly drop coverage, switching selectively, boxing out centers and quarterbacking the defense seems at least somewhat imaginable.

he would lose speed, but he would still have ridiculous strength, size, passing instincts and basketball iq. basically, the goal would be to reduce how much running he has to do rather than expecting him to remain current lebron forever.

for the production estimate, i used his 2020–21 per-36 numbers:

| | Per 36 | At 25.5 MPG |

|:---|:---:|---:|

| Points | 26.95 | 19.09 |

| Assists | 8.38 | 5.93 |

| Rebounds | 8.28 | 5.87 |

those averages remain constant through age 45. after that, they decline by 2.5% every year.

by age 55, he would still be averaging about 15/5/5.

i also assumed he played 82 games per year for this exercise and that is the least realistic part.

the point is to estimate what the totals would look like if cutting his minutes and changing positions allowed him to stay consistently available.

here are the results:

| | Through 2020 | Added | Final |

|:---|:---:|---:|---:|

| Points | 34,241 | 29,120 | 63,361 |

| Assists | 9,346 | 9,051 | 18,397 |

| Rebounds | 9,405 | 8,948 | 18,353 |

| Games | 1,265 | 1,630 | 2,895 |

so he finishes with roughly:

\- 63,400 points

\- 18,400 assists

\- 18,350 rebounds

for context, that would make him the all-time points leader by an absurd margin, the all-time assists leader, and somewhere near the very top of the rebounding list despite spending the first two decades of his career as a perimeter player.

obviously nobody is playing 82 games at age 55. even lebron.

but the more interesting question is whether a dramatically reduced role could extend his career much further than people expect.

not as a superstar, but as a 25-minute center who rebounds, passes, defends the post and runs the second unit.

tim duncan was still an impactful defender while averaging 25.2 minutes in his final season. lebron is a completely different player, but that late-career duncan model was the inspiration here: stop trying to preserve the superstar role and instead preserve the things that still help a team win.

even using more conservative games-played assumptions, the totals would still be ridiculous:

| | Points | Assists | Rebounds |

|:---|:---:|---:|---:|

| 65 games | 57,475 | 16,568 | 16,544 |

| 70 games | 59,262 | 17,123 | 17,094 |

| Full schedule | 63,361 | 18,397 | 18,353 |

would 50+ Lyear-old center lebron actually be playable for 15–25 minutes, or would nba speed make this completley impossible no matter what position he played?",0,23,/r/nba/comments/1v3cyl6/lebron_plays_to_age_55_as_a_25minute_center_he/,2026-07-22
1v3h24e,nba,1784728911,The Miami Heat are now looking for a new “Director of YouTube Strategy” after yesterdays LeBron leak,"The Miami Heat are now looking for a new “Director of YouTube Strategy” after yesterdays LeBron leak 

https://www.linkedin.com/jobs/view/4435898427/",318,112,/r/nba/comments/1v3h24e/the_miami_heat_are_now_looking_for_a_new_director/,2026-07-22
1v3298n,nba,1784685160,"From r/LeBron, Make your own The Onion headline for the decision","Here's my takes

LeBron decides to return to college after He and Bronny switch bodies in Freaky Friday incident

LeBron to join Saudi Arabia's Al-Hilal after discovering the loving grace of Allah and embracing the prophet Mohammed. Signs contract for 2 years/20 Billion Dollars.

LeBron reconverts to Judaism, joins Israeli team Maccabi Tel Aviv B.C., when asked for comment LeBron states ""I am returning to the homeland I was personally evicted from 3000 years ago""

LeBron to join US military after Secretary of War Pete Hegseth promises free use of unlimited Testosterone supplements and Wine for troops.

LeBron files restraining order against Christopher Nolan after realizing Imax filmed documentary would reveal hairline.

In shocking decision, LeBron joins the Los Angeles Rams after discovering increasingly rising ram costs while trying to build gaming computer.

LeBron to join AARP after realizing Golden Corral has Senior Early Bird Special from 11 A.M. to 3 P.M.

LeBron returns to home to Cleveland, says economy and wage disparity is why he must stay in his Mom's basement.

NBA to suspend season indefinitely until LeBron makes decision.

LeBron discovered to have Harem of women in Beverly Hills home with the intention of having entire future of the NBA be his offspring. 

I'll try to think of more",7,14,/r/nba/comments/1v3298n/from_rlebron_make_your_own_the_onion_headline_for/,2026-07-22
1v31ihs,nba,1784683157,"Since LeBron is leaving LA, where is he actually going?",[removed],1,0,/r/nba/comments/1v31ihs/since_lebron_is_leaving_la_where_is_he_actually/,2026-07-22
1v315le,nba,1784682206,If LeBron was willing to be a bench player until what age could he continue to play?,"I don't think LeBron would keep playing if he was reduced to role player let alone a guy deep on the bench who never plays. But hypothetically if LeBron just said fuck it and I'm going to play as long as I'm capable until what age could he go?

Not some sympathy slot where they give it to him because of who he is but until what age could he legitimately be a top 360 player in the world (30 teams X 12 players) and still be deep on someone's bench.

LeBron at 41 is a legit top 20 player in the world. Could he be top 360 ten years from now at 51?",603,204,/r/nba/comments/1v315le/if_lebron_was_willing_to_be_a_bench_player_until/,2026-07-22
1v30x7p,nba,1784681591,"In 7 years, who wins the James family standoff....Bronny, Bryce, or Lebron?","Let's give Bronny time to hit his physical prime and time for Lebron's lining to recede a bit more.... who knows what Bryce will be by then.... but who wins the Taco Tuesday Tourney? 

(Please be wrong. I'm drunk and wanna argue. 🤣😤)",0,23,/r/nba/comments/1v30x7p/in_7_years_who_wins_the_james_family/,2026-07-22
1v30lza,nba,1784680778,"[Highlight] According to Rich Paul, LeBron figured out on where to go but changed his mind at the last second. He's taking his time to find the right fit",,0,57,/r/nba/comments/1v30lza/highlight_according_to_rich_paul_lebron_figured/,2026-07-22
1v30l09,nba,1784680707,"[Fedor] If Cleveland misses out on LeBron James, their primary backup action relies on pursuing Jonathan Kuminga via a sign-and-trade deal.","SRC: https://www.cleveland.com/cavs/2026/07/if-the-cavs-dont-land-lebron-james-will-they-have-had-the-eastern-conferences-most-disappointing-offseason-wine-and-gold-talk-podcast.html

> What is the Cavaliers’ primary contingency plan if LeBron James signs elsewhere?

> If Cleveland misses out on LeBron James, their primary backup action relies on pursuing Jonathan Kuminga via a sign-and-trade deal. However, executing this strategy presents multiple financial and cultural hurdles. First, Kuminga is allegedly seeking an annual salary between $15 million and $20 million, a massive price tag the capped-out Cavaliers cannot afford outright. Acquiring him would require shedding current assets by trading players like Max Strus or Dennis Schröder. Furthermore, internal skepticism exists regarding Kuminga’s willingness to buy into a defined role, an issue that repeatedly surfaced during his tenure with the Golden State Warriors. Treading into these waters risks disrupting a highly cohesive, successful Cavaliers locker room for a player still banking on unproven potential.",677,193,/r/nba/comments/1v30l09/fedor_if_cleveland_misses_out_on_lebron_james/,2026-07-22
1v347mx,nba,1784690442,[Anthony Chiang] It was a mistake by the Heat's social media department while preparing for the possibility of LeBron picking the Heat. But there is no validity to it right now.,[removed],1,1,/r/nba/comments/1v347mx/anthony_chiang_it_was_a_mistake_by_the_heats/,2026-07-22
1v33d19,sixers,1784688117,Welp between Rich Paul’s comments yesterday and now this we can officially stop worrying about LeBron cause he’s not coming here,,0,101,/r/sixers/comments/1v33d19/welp_between_rich_pauls_comments_yesterday_and/,2026-07-22
1v3heuz,nba,1784729710,Imagine if LeBron overshadows this man AGAIN,[removed],1,1,/r/nba/comments/1v3heuz/imagine_if_lebron_overshadows_this_man_again/,2026-07-22
1v34jql,sixers,1784691409,"The Miami Heat YouTube channel scheduled a video titled 'LeBron James Introductory Press Conference | July 27, 2026' - The video was then made private",It's Joever?,0,0,/r/sixers/comments/1v34jql/the_miami_heat_youtube_channel_scheduled_a_video/,2026-07-22
1v3wft4,sixers,1784761936,[O’Connor] Sources believe LeBron James is slow-playing his decision to see if any of his suitors can find a way to land Anthony Davis or Kyrie Irving. The problem is that AD and Kyrie don't seem available for trade.,I would trade embiid for AD + LeBron,0,39,/r/sixers/comments/1v3wft4/oconnor_sources_believe_lebron_james_is/,2026-07-22
1v34aji,nba,1784690670,[Anthony Chiang] It was a mistake by the Heat's social media department while preparing for the possibility of LeBron picking the Heat. But there is no validity to it right now.,[removed],1,0,/r/nba/comments/1v34aji/anthony_chiang_it_was_a_mistake_by_the_heats/,2026-07-22
1v3504e,nba,1784692737,Miami Heat jumped the gun and released a video. LeBron is going to Miami.,"This was always the plan, LeBitch just wanted the World Cup to be finished so all the attention could be on him.",0,94,/r/nba/comments/1v3504e/miami_heat_jumped_the_gun_and_released_a_video/,2026-07-22
1v35q3a,nba,1784694863,LeBron heading to Miami?,"The Miami Heat accidentally leaked and then deleted a YouTube live-stream link titled ""LeBron James Introductory Press Conference"" dated for July 27. A team spokesperson confirmed to [ESPN](https://www.espn.com.au/nba/story/_/id/49422103/heat-say-link-lebron-james-presser-posted-mistake) that the social media department made a mistake while preparing for the possibility of James signing with the team.",0,12,/r/nba/comments/1v35q3a/lebron_heading_to_miami/,2026-07-22
1v35q8p,nba,1784694876,Heat say link for LeBron James presser posted by mistake,[removed],1,1,/r/nba/comments/1v35q8p/heat_say_link_for_lebron_james_presser_posted_by/,2026-07-22
1v36w18,nba,1784698444,"Pretty sure I figured out how they accidentally ""Leaked"" that Miami/Lebron video... Look at the menu order on YT and take a guess what happened",,1,1,/r/nba/comments/1v36w18/pretty_sure_i_figured_out_how_they_accidentally/,2026-07-22
1v3b87o,nba,1784712990,Will Bronny ever overtake LeBron?,"Currently, 41 year old LeBron averaged 20 6 and 7, whereas 21 year old Bronny averaged 2.9 0.6 and 1.2, so 41 year old LeBron is clearly better.

Do you guys think 30 year old Bronny would be better than 50 year old LeBron?

How about 50 year old Bronny Vs 70 year old LeBron?

Or would it never happen?",0,29,/r/nba/comments/1v3b87o/will_bronny_ever_overtake_lebron/,2026-07-22
1v3wo3i,nba,1784762500,Adam silver should have LeBron pick up all his friends for a barnstorming tour as a 31st team to boost revenue,If LeBron can't choose a team why not allow him to make his own? He is always joked to be legm and lecoach so allow him that power. Have him play against ​every nba team and allow him to go overseas if he wants as well to play other teams or hell ​he  could ​play college teams (you could even have him play in all 50 states) . It will make everyone lots of money. Call them the Akron lebrontrotters ,0,13,/r/nba/comments/1v3wo3i/adam_silver_should_have_lebron_pick_up_all_his/,2026-07-22
1v3nyf7,sixers,1784743454,Hey it’s me lebron,"Yup it’s really me lebron “the king” james #thekidfromakron👑 just wanted to say it’s gonna be a while before i finally make my decision, golfing and what not 🤣🤣

feel free to publish any “lebron james introductory press conference” livestreams if you have access to an nba team’s social media account. get that kalshi money son! 😤💸

*~~fuck i need basketball back so bad. i just want to see the goddamn schedule~~*",168,69,/r/sixers/comments/1v3nyf7/hey_its_me_lebron/,2026-07-22
1v32jb8,nba,1784685895,Would the Lakers be open to bringing back Westbrook on a Vet Min now that LeBron is gone? Luka/Reaves are both super injury prone players and the backup point guard Sexton is shaky as a passer,[removed],1,0,/r/nba/comments/1v32jb8/would_the_lakers_be_open_to_bringing_back/,2026-07-22
1v3321x,nba,1784687295,"The Miami Heat YouTube channel scheduled a video titled 'LeBron James Introductory Press Conference | July 27, 2026' - The video was then made private",The video has been removed from Google's search engine but can still be found if you search 'Miami Heat Lebron' on Bing's search engine.,8880,1161,/r/nba/comments/1v3321x/the_miami_heat_youtube_channel_scheduled_a_video/,2026-07-22
1v4np24,nba,1784834207,"[author] @EvanSidery reports:The likely trade price the Warriors must offer the Wizards to secure LeBron James and Anthony Davis as a package deal: Washington: Jimmy Butler, 2030 swap, 2031 unprotected 1st, 2032 swap, 2033 unprotected 1st Golden State: Davis + LeBron signs",[removed],1,1,/r/nba/comments/1v4np24/author_evansidery_reportsthe_likely_trade_price/,2026-07-23
1v4qhoo,sixers,1784840226,LeBron still trying to pick a good enough team to play on,,2,1,/r/sixers/comments/1v4qhoo/lebron_still_trying_to_pick_a_good_enough_team_to/,2026-07-23
1v4qpf5,nba,1784840686,Will LeBron make a decision today?,"As everyone is waiting on LeBron to make a decision, the NBA world is garvantulating. It’s already getting late for LeBron. I’m not thinking that we will see a decision today… oh well, maybe tomorrow. The LeNarcissist strikes again! ",0,74,/r/nba/comments/1v4qpf5/will_lebron_make_a_decision_today/,2026-07-23
1v4ujlu,nba,1784849745,[Charania] Mario Hezonja is being held up by Lebron's decision,,1517,181,/r/nba/comments/1v4ujlu/charania_mario_hezonja_is_being_held_up_by/,2026-07-23
1v3xkyv,nba,1784764835,LeBron to Washington?,[removed],1,1,/r/nba/comments/1v3xkyv/lebron_to_washington/,2026-07-23
1v3xmsd,nba,1784764943,LeBron to Washington?,[removed],1,0,/r/nba/comments/1v3xmsd/lebron_to_washington/,2026-07-23
1v3xot2,nba,1784765091,LeBron to Washington?,[removed],1,1,/r/nba/comments/1v3xot2/lebron_to_washington/,2026-07-23
1v4ih4x,nbadiscussion,1784823256,The math on LeBron's free agency doesn't actually make sense for the frontrunners.,[removed],0,25,/r/nbadiscussion/comments/1v4ih4x/the_math_on_lebrons_free_agency_doesnt_actually/,2026-07-23
1v3y42x,nba,1784766221,LeBron leak or something else?,[removed],1,1,/r/nba/comments/1v3y42x/lebron_leak_or_something_else/,2026-07-23
1v3zt72,nba,1784770767,If you were an NBA team in the LeBron sweepstakes wouldn't you be pissed about his antics?,[removed],1,0,/r/nba/comments/1v3zt72/if_you_were_an_nba_team_in_the_lebron_sweepstakes/,2026-07-23
1v40e25,nba,1784772311,[Krawczynski] LaMelo Ball and Anthony Edwards have both made phone calls to LeBron James and have had conversations with him about joining the Timberwolves.,"Source: https://www.youtube.com/watch?v=NbdYdeVgGwI

LaMelo Ball and Anthony Edwards have both made phone calls to LeBron James and have had conversations with him about joining the Timberwolves.",2152,274,/r/nba/comments/1v40e25/krawczynski_lamelo_ball_and_anthony_edwards_have/,2026-07-23
1v40l98,nba,1784772847,"""Lebron going to the Warriors means Steph is the better player""",[removed],1,1,/r/nba/comments/1v40l98/lebron_going_to_the_warriors_means_steph_is_the/,2026-07-23
1v41toi,nba,1784776231,[NBA.com] LeBron James has signed with the Utah Jazz,"LeBron James has officially made the decision to sign with the Utah Jazz for the 2026 NBA season. Finals here we come! 

https://www.nba.com/news/lebron-james-lakers-legacy-closes ",0,8,/r/nba/comments/1v41toi/nbacom_lebron_james_has_signed_with_the_utah_jazz/,2026-07-23
1v425zn,nba,1784777218,Would you trade Austin Reaves for Kyrie if LeBron signed in free agency afterward?,"Me and my friend are arguing about this. Hypothetically, the Lakers trade Austin Reaves for Kyrie. Then LeBron signs in free agency afterward because of the reports that he wanted to team up with Kyrie or AD. Would you make that trade, or would you rather keep Reaves? Curious to see what everyone thinks.",0,73,/r/nba/comments/1v425zn/would_you_trade_austin_reaves_for_kyrie_if_lebron/,2026-07-23
1v42a4c,nba,1784777552,LeBron Cheat Sheet,"With LeBron STILL being undecided where to go, here's a convenient, team-by-team guide for all LeHaters. No need to come up with your own material when the announcement drops, just scroll to the team he joins, copy+paste your assigned slander, and hit post. You're welcome.

Hawks: Atlanta finally escaped the old era, built a young defensive core..... and now LeBron wants to make it about himself.

Celtics: Got tired of Lakers fans booing him, now he's begging Boston to love him. LeValidation

Nets: Couldn't find a contender so he found cap space to sign a max in a big city. LeOverpaid

Hornets: Another young core does the hard part, dude clocks in for the credit in the group project

Bulls: MJ's team? Bro really wants the proximity buff, still chasing the ghost of the GOAT smh

Cavaliers: THIRD stint 😭😭 Couldn't resist going back where they still worship him like a god. LeMessiahComplex

Mavericks: Couldn't beat Luka for the spotlight so he waited until Luka left the team and pretend his gonna mentor LeFlagg

Nuggets: Needing the best player in the world to try for ring #5?? LeMileHighOnRings

Pistons: Skipped the heartbreaking playoff exit and showed up for the bounce-back season. LeConvenient.

Warriors: Spent a decade trying to beat Curry, finally settled for carrying his bags. LeBusRider lmao

Rockets: Watched KD get trapped for a whole series and thought, I'll take it from here bums. LeEgotist

Pacers: Hitching a ride with a real clutch god Haliban, tsk tsk. 

Clippers: Balmer's check must've cleared. LeBillionaireClub

Grizzlies: LeBron James is not signing with Memphis

Lakers: Manufactured a month of drama just to crawl back on a minimum 😭

Heat: Giannis arrives and five minutes later LeBron remembers Heat Culture. NoMoreLeCookies

Bucks: Giannis leaves and LeBron shows up 💀 dude missed the memo and now has to play Herro Ball

Timberwolves: Ant-Melo era lasted 12 minutes before LeBron made it about himself. AGAIN. 

Pelicans: Bron found the one GM who'd actually answer the phone. Or two phones 💀 

Knicks: Joining the defending champs? LeRingChaser never disappoints.

Thunder: Couldn't figure out how to not get swepte again so he skipped straight to Plan B. LeBitch

Magic: Historic playoff embarrassment meets historic playoff choker. LeMatchMadeInHeaven

76ers: Jaylen Brown, Embiid, Maxey, Edgecombe, dude just couldn't quit superteams.

Suns: Already played with Jaxson Hayes, now he wants Miles Bridges too. LeEnabler

Blazers: The cheapest superstar finally found the cheapest owner 😂 

Kings: Couldn't resist a team literally named after him. LeNarcissist

Spurs: Waited until Wemby built the dynasty before clocking in smh

Raptors: Still chasing the LeBronto high years later like a deadbeat dad. LeChildSupport

Jazz: Waited until Utah was done tanking before volunteering for the rebuild. LeOpportunist

Wizards: MJ still in LeBron's head all these years, obsessed about his legacy. LeRentFree",54,43,/r/nba/comments/1v42a4c/lebron_cheat_sheet/,2026-07-23
1v435b1,nba,1784780062,AJ Dybantsa will earn almost the same amount of money on his rookie contract that LeBron James did during his Miami Heat stint.,"AJ Dybantsa’s 4-year rookie contract as the 2026 1st overall pick with the Washington Wizards breaks down as follows:

* **2026–27:** **$14,748,000**
* **2027–28:** **$15,485,760**
* **2028–29:** **$16,223,040** 
* **2029–30:** **$20,457,254** 

During his rookie contract, AJ will earn about **$66.7 million** over four years.

LeBron James’ original contract with the Miami Heat was for 6 years, though he opted out after four seasons. His annual salaries with Miami were:

* **2010–11:** **$14.50 million**
* **2011–12:** **$16.02 million** *(lockout-shortened season)*
* **2012–13:** **$17.55 million**
* **2013–14:** **$19.07 million**

During his four seasons in Miami, LeBron earned about **$67.1 million** in salary, while winning 2 MVP’s and 2 titles.

It’s a crazy testament to how far NBA salaries have come.",913,115,/r/nba/comments/1v435b1/aj_dybantsa_will_earn_almost_the_same_amount_of/,2026-07-23
1v4bcxk,nba,1784806603,Hypothetical scenario if Clippers are caught cap circumventing along with Lebron Free agency,"Imagine this scenario which is a very real possibility. The Clippers did in fact circumvent the cap with the Kawhi deal. The only precedent for this is Joe Smith and the TWolves. In that scenario Joe Smith contract was voided. So taking that into account if Kawhi contract gets voided and he can't resign with the Clippers and the trade can't go through. So Kawhi now a UFA and Lebron James still hasn't made his decision, obviously Kawhi wants money but no team really has cap space and his preference is Southern California. Do they then both team up on take vet minimum deals or whatever GSW can afford and join the Warriors. If i'm Lebron i'm making my decision after the Kawhi case is resolved. Best chance to win, and he gets to play with Curry. ",1,0,/r/nba/comments/1v4bcxk/hypothetical_scenario_if_clippers_are_caught_cap/,2026-07-23
1v4b7a1,nba,1784806163,LeBron Saga - Warriors Argument,"To me this feels oddly similar to KD’s signing with the Warriors. Still too early to say, but it could happen ",1,0,/r/nba/comments/1v4b7a1/lebron_saga_warriors_argument/,2026-07-23
1v4mb6z,nba,1784831322,LeBron James should brand his free agency decision as “LeConclave” and release smoke at the end of each day to signal whether a team has been chosen or not.,"For those unaware, during the papal conclave, smoke signals from the Sistine Chapel chimney reveal the voting results to the public for who the new pope will be: 

White smoke means a new pope has been elected, while black smoke means no candidate has been selected.

I believe LeBron and Rich Paul should convene each day behind closed doors of LeBron’s LA residence, and release smoke signals in a similar fashion on each day moving forward.

When a decision has been made, they will release the white smoke. Shortly afterwards, LeBron will come out on his balcony, wearing the jersey of the next team that he will play for.",6852,159,/r/nba/comments/1v4mb6z/lebron_james_should_brand_his_free_agency/,2026-07-23
1v4aojg,nba,1784804655,I kinda get why LeBron is acting Petty,[deleted],1,0,/r/nba/comments/1v4aojg/i_kinda_get_why_lebron_is_acting_petty/,2026-07-23
1v4mes8,nba,1784831523,The Sixers haven’t had a BIG free agent signing since Dr. J and Moses Malone… Did fans really think LeBron was going to Philly?,[deleted],0,12,/r/nba/comments/1v4mes8/the_sixers_havent_had_a_big_free_agent_signing/,2026-07-23
1v4k26z,nba,1784826608,"[Charania] ""My sources tell me that LeBron James, his agent Rich Paul … they're not waiting for another domino right now. They're not waiting for Anthony Davis to get traded anywhere, they're not waiting for [another player] to move around anywhere.""",,1028,478,/r/nba/comments/1v4k26z/charania_my_sources_tell_me_that_lebron_james_his/,2026-07-23
1v4hxng,nba,1784822141,Do you think Lebron can become the 2nd All-Time Assist leader before retiring? What other records or rankings can Lebron reach/break before he hangs it up?,,1,1,/r/nba/comments/1v4hxng/do_you_think_lebron_can_become_the_2nd_alltime/,2026-07-23
1v4hgyz,nba,1784821153,If LeBron was being weekend at bernied by his teammates do you think he could beat you in a 1v1,"Let’s say LeBron signs with the Cavs and then dies. Do you think that Jarrett Allen and Evan Mobley could puppet LeBron weekend at bernies style to still beat you in a 1v1 game of basketball?

Rules are simple, all basketball actions can only be taken by puppet LeBron. Obvi Allen and Mobley take up space but they aren’t allowed to try and get in you way with their own bodies.

My initial thoughts are that they could probably figure out how to dunk and I can’t do anything on defense once they are taking their shot. But I could try to steal the ball while dribbling.

I think they are tall and fast so scoring would still be hard even if I did get a shot up I am not a good shot. 

Currently I’m leaning towards I would win because I think it would be hard to dribble but I think if they figured that out I’d be cooked",0,22,/r/nba/comments/1v4hgyz/if_lebron_was_being_weekend_at_bernied_by_his/,2026-07-23
1v4hgon,nba,1784821136,Should LeBron just stay in LA now that they built something good,,1,1,/r/nba/comments/1v4hgon/should_lebron_just_stay_in_la_now_that_they_built/,2026-07-23
1v4j1rk,nba,1784824468,I think LeBron should stay with LA Lakers now that they have built a good foundation,,1,1,/r/nba/comments/1v4j1rk/i_think_lebron_should_stay_with_la_lakers_now/,2026-07-23
1v4f7uw,nba,1784816191,What if LeBron just retires?,"Knowing LeBron he would love a parade in every city during his final season - but wouldn't it be hilarious if he'd just retire before the start of the season, after all the rumors and made up stories about his decision 2.0?",0,38,/r/nba/comments/1v4f7uw/what_if_lebron_just_retires/,2026-07-23
1v4djcs,nba,1784812317,Lebron James Miami Heat ad on Instagram stories from Nike,,1,2,/r/nba/comments/1v4djcs/lebron_james_miami_heat_ad_on_instagram_stories/,2026-07-23
1v4cbwu,nba,1784809252,LeBron James as Odysseus,Wonder if he has watched the film and how it might play on/parallel his decision and implications of trying to return home? ,0,27,/r/nba/comments/1v4cbwu/lebron_james_as_odysseus/,2026-07-23
1v4bzrf,nba,1784808344,LeBron scoot Henderson turn,[removed],1,0,/r/nba/comments/1v4bzrf/lebron_scoot_henderson_turn/,2026-07-23
1v4bqqh,nba,1784807697,"If LeBron plays one more season, he could potentially announce his retirement on 7/7/27",Could be a fitting end to LeBron’s career if his final day as a player in the NBA was (a combination of) the mythical LeBron 27/7/7 slash line.,1,0,/r/nba/comments/1v4bqqh/if_lebron_plays_one_more_season_he_could/,2026-07-23
1v4qpma,nba,1784840697,Will The Miami Heat have a spacing issue if the get Lebron?,"Most people agree that spacing is important, but the 2020 Lakers had success despite below average shooting. 

[cleaningtheglass.com](http://cleaningtheglass.com)

https://preview.redd.it/ufrt02z3n1fh1.png?width=1598&format=png&auto=webp&s=4140887dea6ae6f69a88b7faa1eb3720eacf1bed

**3pt%/attempts**

**2020 Lakers**

Bradley: .364/3.5

Green: .367/4.8

caruso: .279/2.9

rondo: .400/3.1 (playoffs)

kcp: .378/5.7 (playoffs)

Kuzma: .316/4.5 (thought this would be higher)

Bron: .348/6.3

morris: .420/3.3

Davis: .330/3.5

McGee: cant shoot

Howard: cant shoot

Weighted Team 3PT% = 35.6%

**Heat**

Davion: .395/3.3

hardaway jr: .407/6.9

wiggins: .414/4.9

fonteccio: .375/4.7

jovic: .269/3.6 (shot .371 the year before)

Larsson: .323/2.7

bron: .317/4.1

Giannis: .285/2.2 (career)

Bam: .318/5.5

Weighted Team 3PT% = 35.4%

Lakers were ranked 11th in offense and 3rd in defense. Ranked 21st in 3pt percentage at .349

Anticipating the Heat brick a lot, offensive rebounds are important. Miami was ranked 10th in orb last year and lakers were 7th in 2020. Heat lost Ware who got 2.8 ORB/game and added Giannis who gets 2.7 ORB/game

Defensively

bam >> mcgee/howard

giannis >= davis

wiggins >= kcp

davion < caruso

Larsson > Bradley/Kuzma

idk about hardaway 

They really just need a guard who can create their own shot, its going to be rough if you need a jump shot and your options are lebron/giannis/bam which is why they might have to get beal (demar/russ makes the spacing even worse)



",0,68,/r/nba/comments/1v4qpma/will_the_miami_heat_have_a_spacing_issue_if_the/,2026-07-23
1v4grj8,nba,1784819615,Lebron hurry up and make a damn decision already!,"It really does not need to take this long. Lebron has likely known for a very long time where he wants to play next. I don’t understand why he needs this much attention. Then the commissioner tells him to make a decision, and he decides to push it back because he was “irritated.” The NBA has turned into a circus and I hate it ",0,3,/r/nba/comments/1v4grj8/lebron_hurry_up_and_make_a_damn_decision_already/,2026-07-23
1v5fecx,nba,1784908609,LEBRON JAMES HEADS TO 76ers for the 24TH SEASON IN HIS CAREER,,1,1,/r/nba/comments/1v5fecx/lebron_james_heads_to_76ers_for_the_24th_season/,2026-07-24
1v5flcf,nba,1784909010,Can someone please explain to me why LeBron to the 76ers makes sense?,"We all obviously knew he wanted out of LA but the 76ers? It makes no sense. He clearly wanted out of LA and was testing his options. Cleveland and even Maimi seemed likely but..  76ers? For $4 mil a year? Ik he's in his 40s but it's still LeBron James. 

Can anyone rationalise this? What was he thinking?z",0,247,/r/nba/comments/1v5flcf/can_someone_please_explain_to_me_why_lebron_to/,2026-07-24
1v5fjw2,nba,1784908928,LeBron and Brown are cool. VJ Edgecombe still the reason 76ers will win the title. Remember this post.,[removed],1,1,/r/nba/comments/1v5fjw2/lebron_and_brown_are_cool_vj_edgecombe_still_the/,2026-07-24
1v5fjrv,nba,1784908921,"Charania: breaking news, LeBron just fell out of top5 all time players","The bum signed for 4 mil to chase a ring with the butt sniffer & co. 

  
How low can he go in his chase after Michael Jordan? The dude is never going to get closer, only further and further away. 

  
Even if he wins one, if he isn't the bus driver it's going to be just another Mickey Mouse ring. ",0,60,/r/nba/comments/1v5fjrv/charania_breaking_news_lebron_just_fell_out_of/,2026-07-24
1v5fj00,nba,1784908877,LeBron's Move Cements the Opening Night Match-Up,"This move basically stamped the opening night match, right?

In the 1st game of the 2026-27 season, the 2025-26 Champions, the New York Knicks, will take on the Philadelphia 76ers. 

Brunson, OG, Bridges, and Towns vs Maxey, Brown, Bron, Embiid.



Additionally, while I don't imagine the regular season standings will reflect this, are the Knicks and 76ers the East's version of OKC & SA?

2 Teams that are clearly head and shoulders above the rest of the conference?

The 76ers are always a threat (until they get to Gm 6 and 7 of the 2nd round) w Embiid, and just added Brown and LeBron at the expense of Paul George. The starting 5 is now Maxey, Edgecombe, Brown, Bron, Embiid.

The Knicks just had one of the most dominant runs of all-time, and lost just one piece from their team. KAT as the hub unlocked a new level, and expect to see far more of that in the regular season too. ",30,37,/r/nba/comments/1v5fj00/lebrons_move_cements_the_opening_night_matchup/,2026-07-24
1v5fhmw,nba,1784908809,LeBron could average 8 outlet assists a game.,"Maxey and Edgecomb could damn near be wide receivers next year. LeBron would get to play fast and save energy.

Wes Unseld won an MVP based on big man defense and outlet passing. 

I really see the vision. Embiid is a luxury.

I'm now incredibly excited for Pacers vs Sixers, Hawks vs Pacers, and Hawks vs Sixers. All of those games should be incredibly fast paced and fun.

Could be an amazing season if this Dundon move the team bullshit shuts down, and we get a semi competent Aspiration ruling.

Basketball fit alone LeBron to the Sixers makes so much sense.",4,11,/r/nba/comments/1v5fhmw/lebron_could_average_8_outlet_assists_a_game/,2026-07-24
1v5fhmd,nba,1784908808,[video] LeBron James releases video package announcing his move to the Philadelphia 76ers,,2835,329,/r/nba/comments/1v5fhmd/video_lebron_james_releases_video_package/,2026-07-24
1v5fd2s,nba,1784908536,Lebron James explains his decision on Facebook:,"I thought I was done when the season ended. I wasn't ready to announce it, and I knew I needed some time to really decide, but I was pretty sure I played my last game. I was honest at that last press conference when I said I needed to look at myself and deicide if I still love this game. I still truly love this game, and I have more to give.

The last few weeks have really been special. I've never been able to have no clue what to do and take real time to just think. I've had an incredible few months with all the people I love trying to figure it all out. This is my last decision. I'm not going for money.

I'm not going for family. What am I really playing for at this point?

I still want to sacrifice. I still want to work. I still want to grind. I still want to compete, to win and to have a chance at the feeling of winning another championship.

I believe I can help make the Philadelphia 76ers a championship team and I am so excited to energize a new fan base and start this incredible journey one last time.

Thank you LA. Miami I'll forever love and Northeast Ohio will always home!

Tried linking it but the subreddit doesn’t allow Facebook posts",5,11,/r/nba/comments/1v5fd2s/lebron_james_explains_his_decision_on_facebook/,2026-07-24
1v5f6s5,nba,1784908156,Lebron joins Labaron to form a new super team in Philly,"**Labaron Dewayne Philon Jr.** is an American basketball player for the Philadelphia 76ers of the National Basketball Association. He played college basketballfor the Alabama Crimson Tide.

On June 23, 2026, Labaron was selected by the Philadelphia 76ers with the 22nd overall pick",20,8,/r/nba/comments/1v5f6s5/lebron_joins_labaron_to_form_a_new_super_team_in/,2026-07-24
1v5fb15,nba,1784908408,Lebron James on Facebook:,,1,1,/r/nba/comments/1v5fb15/lebron_james_on_facebook/,2026-07-24
1v5fav2,nba,1784908398,Can someone explain the context of LeBron going to 76ers,[removed],1,0,/r/nba/comments/1v5fav2/can_someone_explain_the_context_of_lebron_going/,2026-07-24
1v5f99g,nba,1784908305,Lebron James is signing with the Philadelphia 76rs,,1,1,/r/nba/comments/1v5f99g/lebron_james_is_signing_with_the_philadelphia_76rs/,2026-07-24
1v5f8pv,nba,1784908272,"Hey Ben Simmons, we’re good. LeBron is here.",,1,1,/r/nba/comments/1v5f8pv/hey_ben_simmons_were_good_lebron_is_here/,2026-07-24
1v5fm22,nba,1784909054,"Going into next season, how do you rank Maxey, VJ, Brown, Lebron and Embiid as a starting 5 and contenders?","It is one of the few starting fives that is elite in all positions.

  
I think they might be better than the Spurs healthy and on par with the knicks and thunder.

  
Thougts?",54,286,/r/nba/comments/1v5fm22/going_into_next_season_how_do_you_rank_maxey_vj/,2026-07-24
1v5f5sk,nba,1784908097,Its a sad way for Lebron to go out,"Ring chasing on the sixers while taking a massive pay cut? Vegas still has them behind OKC, Spurs, and Knicks. Sixers might finally get passed the 2nd round though. It would have better for him to retire in Cleveland. People would have respected that more cause hes probably not winning any more rings anyways.",0,95,/r/nba/comments/1v5f5sk/its_a_sad_way_for_lebron_to_go_out/,2026-07-24
1v5f56w,nba,1784908058,"Hey Ben Simmons, we’re good. LeBron is here.",,1,1,/r/nba/comments/1v5f56w/hey_ben_simmons_were_good_lebron_is_here/,2026-07-24
1v5f522,nba,1784908050,Philly's Lineup with Lebron,"The decision to join Philly is Lebron's possible best chance at a ring, but in the same sentence, a failure to win would harm his legacy to his naysayers. 

PG - Tyrese Maxey: Emerged as a Superstar last season, averaging 28ppg on really solid efficiency

SG - VJ Edgecombe: Solid rookie who overperformed expectations, but will probably hurt the most with the new additions

SF - Jaylen Brown: 6th in MVP voting last season on 29/7/5, and while Boston does not appreciate his talents, he is clearly very skilled and a Superstar, 2 seasons removed from FMVP

PF - Lebron James: Still a top-25 player who can show his greatness at any moment, curious to see how his usage changes with so many ballhandlers around him

C - Joel Embiid: The biggest question mark is not the excellence that he shows on the court, but how much will he be on the court. When he's even 70% of the player he is, he is a force to be reckoned with

This team is stacked in individual talent and accolades, but the question is how will they play together. We will have to wait and see this team on the court, but it is definitely the team I'm most excited to see play this year. How do you think this season goes? How much of a role will Lebron play in this offence, when it's fully healthy? Will this be a situation with too many mouths to feed?",0,33,/r/nba/comments/1v5f522/phillys_lineup_with_lebron/,2026-07-24
1v5f3k0,nba,1784907957,LeBron Signing: The Domino Effect,"Depending on who you want to believe, one of the reasons LeBron waited so long to sign is he was waiting to see if one of the teams he was considering could acquire one of his exes.

Apparently Washington is telling the truth, for now, that Anthony Davis is not available and the same can be said for Kyrie in Dallas.

So instead of that, LeBron goes to the Eastern Conference All-Star team in Philly.

The Sixers should be amazing and it leaves teams like Golden State, Miami and Cleveland with a giant WHAT IF.",0,6,/r/nba/comments/1v5f3k0/lebron_signing_the_domino_effect/,2026-07-24
1v5fcgc,nba,1784908498,"Since Morey’s departure, new Sixers President of Basketball Operations Mike Gansey has: dumped PG’s contract for an All-NBA player in Jaylen Brown, signed Dean Wade and Anfernee Simons, and now convinced LeBron James to join the show.","Sixers fans, rejoice because the step up in your front office leader couldn’t be bigger. Mike Gansey is absolutely COOKING and has transformed this Sixers team to a contender in a couple months. ",2172,234,/r/nba/comments/1v5fcgc/since_moreys_departure_new_sixers_president_of/,2026-07-24
1v5fnxd,nba,1784909166,LeBron's last game in Philadelphia before signing with the Sixers: 29/7/6 in a WILD ending. Fans were calling it one of the best games of the year and talking about how electric the Philly crowd was,"I remember watching this game and how into it the Philly crowd was. Obviously easier to connect in hindsight, but people in the game thread were already calling it one of the best games of the season at that point. Today, 7 mo ths later, LeBron signed with Philly.

LeBron was absolutely feeding off the energy. Watching it again now, knowing he eventually became a Sixer, definitely makes the whole game hit differently.",335,30,/r/nba/comments/1v5fnxd/lebrons_last_game_in_philadelphia_before_signing/,2026-07-24
1v5fvxx,nba,1784909636,LeBron signing with the 76ers could somewhat be a support of Jaylen Brown with everything the NBA and media is trying to do to him.,LeBron signing with the 76ers could somewhat be a support of Jaylen Brown with everything the NBA and media is trying to do to him. ,0,22,/r/nba/comments/1v5fvxx/lebron_signing_with_the_76ers_could_somewhat_be_a/,2026-07-24
1v5foq8,nba,1784909210,Will the Lebron slander be the lowest its ever been this year because of his $4 million per year deal?,He is obviously polarizing. Will he be slandered way less because hes in his mid 40s and only making $4 million annually? Or is he still going to catch just as much hate because he's Lebron?,0,83,/r/nba/comments/1v5foq8/will_the_lebron_slander_be_the_lowest_its_ever/,2026-07-24
1v5g4z4,nba,1784910168,"Pennsylvania Governor Josh Shapiro has proclaimed July 24, 2026, as LeBron James Day after the athlete signed with the Philadelphia 76ers.","Pennsylvania governor Josh Shapiro proclaims July 24 to officially be LeBron James Day

“Pennsylvania is honored to welcome LeBron James to our Commonwealth as he joins the Philadelphia 76ers for his best season yet.”

Source: [The Athletic ](https://www.nytimes.com/athletic/live-blogs/lebron-james-free-agency-decision-signing-nba/nBgi4hAVhSkf/YrbFCttlvBpc/?unlocked_article_code=1.z1A.6rTb.7qSWMD_OJ9mz&source=athletic_user_shared_gift_live_blog_copylink&smid=url-share-ta)",4096,406,/r/nba/comments/1v5g4z4/pennsylvania_governor_josh_shapiro_has_proclaimed/,2026-07-24
1v5g4v7,nba,1784910161,Never in a million years I thought I’d see LeBron playing for $8M. These last 2 years a be bittersweet.,,1,1,/r/nba/comments/1v5g4v7/never_in_a_million_years_i_thought_id_see_lebron/,2026-07-24
1v5g49t,nba,1784910129,"In his senior season at Olmsted Falls High School, Mike Gansey, 76ers GM, finished second in Mr. Basketball voting behind LeBron James.","Gansey, who grew up in the Cleveland, Ohio suburb of Olmsted Falls, was a three-time All-State player at Olmsted Falls High School, including first-team honors in his final two years. He is the school's all-time leading scorer at 1,909 points for his career. In his senior season, he averaged 27.2 points, 10.5 rebounds, 3.2 assists, and 3.3 steals per game, and was named the state's Division II Player of the Year, finishing second in Mr. Basketball voting behind LeBron James.",131,11,/r/nba/comments/1v5g49t/in_his_senior_season_at_olmsted_falls_high_school/,2026-07-24
1v5g40z,nba,1784910115,Theory: LeBron didn’t just pick the Sixers. He’s positioning himself for ownership.,[removed],1,0,/r/nba/comments/1v5g40z/theory_lebron_didnt_just_pick_the_sixers_hes/,2026-07-24
1v5g2nv,nba,1784910035,"In his senior season at Olmsted Falls High School, Mike Gansey, 76ers GM, finished second in Mr. Basketball voting behind LeBron James.",,1,1,/r/nba/comments/1v5g2nv/in_his_senior_season_at_olmsted_falls_high_school/,2026-07-24
1v5g2cx,nba,1784910019,"[Stein] The 76ers haven’t been to the NBA Finals since 2001. LeBron James, whose career started in 2003, has been to the Finals on 10 different occasions since with the Cavaliers, Heat and Lakers.","[**Source: Marc Stein, The Stein Line:**](https://imgur.com/a/dVnr6cF)

**The Sixers haven't been to the NBA Finals since 2001.**

**LeBron James has been to the Finals on 10 different occasions since with the Cavaliers, Heat and Lakers.**

**The Sixers haven't been to the NBA Finals since 2001.**

**LeBron James has been to the Finals on 10 different occasions since with the Cavaliers, Heat and Lakers.**",697,99,/r/nba/comments/1v5g2cx/stein_the_76ers_havent_been_to_the_nba_finals/,2026-07-24
1v5g22i,nba,1784910002,Will LeBron average 20 PPG with the Sixers?,"Like most people I’m a little shocked the kid from Akron take his talents to the city of Brotherly Love.

On paper they are very stacked but that also means LeBron might get even less touches than he was with the Lakers.

Embiid and Maxey can both get 25 in their sleep. Brown is coming off a season averaging 28 and VJ is an ascending young player.

There’s only one basketball on the court I think there’s a possibility LeBron for the first time in his NBA career will average less than 20 PPG in a season.",0,37,/r/nba/comments/1v5g22i/will_lebron_average_20_ppg_with_the_sixers/,2026-07-24
1v5g1xb,nba,1784909993,"Since LeBron is only making 4m per year now, will he make his teammates get the check at restaurants?","With Lebron's new contract, he will not be one of the highest paid players on his team. Embiid, 50m
Brown 50m
Maxed 40m
Edgecombe 11m
Wade 9m
Simons 6m

Will this affect team dinners?",178,39,/r/nba/comments/1v5g1xb/since_lebron_is_only_making_4m_per_year_now_will/,2026-07-24
1v5g18b,nba,1784909948,Lebron James will average under 20 points per game for the first time in his career,"Even with the expected injuries, the team is pretty stacked with a lot of mouths to feed. Though Lebron can take over any one game, he's clearly going to be facilitating the offense and helping out in other areas.

I'm guessing he'll finish the season at 18pts/6rbn/9asst",0,23,/r/nba/comments/1v5g18b/lebron_james_will_average_under_20_points_per/,2026-07-24
1v5foox,nba,1784909208,How would you create an All team LeBron?,"Not the players in their primes but where the players were in their careers when they played with Bron.

I’d go 

PG: Kyrie

SG: Wade

SF: Luka

PF: AD

C: Embiid

Bench

JB  
Ray Allen  
??  
Bosh  
Love

I’m missing who is out as SF from the bench ",0,5,/r/nba/comments/1v5foox/how_would_you_create_an_all_team_lebron/,2026-07-24
1v5g0x6,nba,1784909927,LeBron James is now a 76ers on a 2 year $8 million veteran contract,"Honestly, I don’t know who’s gonna stop this team. Joel Embiid, Tyrese Maxey, LeBron James VJ Edgecombe. Honestly, if Brad Stevens wanted to get rid of Brown, that’s that’s fine but as a Celtics fan, he is assembled a super team in probably the best team in 76ers franchise history",0,69,/r/nba/comments/1v5g0x6/lebron_james_is_now_a_76ers_on_a_2_year_8_million/,2026-07-24
1v5fzau,nba,1784909832,"LeBron James is now a 76ers, on a two year $8 million veteran contract",[removed],1,1,/r/nba/comments/1v5fzau/lebron_james_is_now_a_76ers_on_a_two_year_8/,2026-07-24
1v5fz6q,nba,1784909825,Will LeBron win a ring in Philly,,1,1,/r/nba/comments/1v5fz6q/will_lebron_win_a_ring_in_philly/,2026-07-24
1v5fxar,nba,1784909715,"Looking back at it, there were tons of hints of LeBron to Philly: Rich Paul's whiteboard with an asterisk next to Maxey (Klutch), Sixers GM Mike Gansey's brother posting a picture of Mike and LeBron in high school, Bob Myers on Rich Paul podcast, and LeBron saying Trust The Process at Fanatics.","> Looking back at it, there were tons of hints that LeBron was headed to Philly: Rich Paul's whiteboard which had an asterisk next to Maxey (Klutch), Sixers GM Mike Gansey's brother posting a picture of Mike and LeBron in high school, Bob Myers going on the Rich Paul podcast, and LeBron saying Trust The Process at Fanatics.

Still can't believe LeBron joined the 76ers! If healthy (a massive if, of course), is this the best starting lineup in the entire league? Maxey, VJ, Brown, LeBron, and Embiid. INSANE!",240,48,/r/nba/comments/1v5fxar/looking_back_at_it_there_were_tons_of_hints_of/,2026-07-24
1v5fwrs,nba,1784909683,Was hoping to see LeBron tag up with Steph before he retired but oh well,[removed],1,0,/r/nba/comments/1v5fwrs/was_hoping_to_see_lebron_tag_up_with_steph_before/,2026-07-24
1v5fqnx,nba,1784909320,"ESPN: LeBron chooses 76ers, will sign 2-year, $8 million contract",[removed],1,1,/r/nba/comments/1v5fqnx/espn_lebron_chooses_76ers_will_sign_2year_8/,2026-07-24
1v5fqae,nba,1784909299,"With the Sixers signing LeBron James, are they now considered to be a Super Team?","Following the signing of Lebron James, the Sixers starting five is as follows:

Joel Embiid

Lebron James

Jaylen Brown

VJ Edgecombe 

Tyrese Maxey

This is about as star-studded as a starting five as you can get, with countless accolades within the lineup. VJ Edgecombe is the lone player to not have any accolades, mainly due to the fact that he was just a rookie last season and still had a stand-out year. Some may question the fit of the team, but I think Lebron serves as the missing piece for the Sixers. Since Harden left, the Sixers have lacked a true distributor, and this weakness has showed in various moments over the same time. But with Lebron, they'll have a true point man to run the offense, which will also elevate the play of the rest of the starting lineup and take less pressure off of Maxey. 

So after this signing, do you think that the Sixers are a Super Team? ",0,90,/r/nba/comments/1v5fqae/with_the_sixers_signing_lebron_james_are_they_now/,2026-07-24
1v5fpo8,nba,1784909263,I think the Knicks winning the Finals had a big impact on LeBron's decision to join the 76ers,[deleted],0,2,/r/nba/comments/1v5fpo8/i_think_the_knicks_winning_the_finals_had_a_big/,2026-07-24
1v5fpfo,nba,1784909250,[Charania] Philadelphia was not being seriously considered by LeBron James until they acquired Jaylen Brown from Boston. LeBron James believed that the 76ers have a better chance to win a championship than Miami and Cleveland.,,7329,1255,/r/nba/comments/1v5fpfo/charania_philadelphia_was_not_being_seriously/,2026-07-24
1v5foym,nba,1784909225,The real reason LeBron chose Philly: Chasing MJ’s ghost,"If LeBron pulls out a championship with Philly, he’s arguably cementing himself as 1b to MJ’s 1a.

He could not achieve this if he had joined SA or any other already-stacked team (eg Knicks). Joining warriors, it would’ve been his AND curry’s last hurrah. Lakers weren’t contenders (and even winning with them would’ve been because Luka carried). Miami is interesting… I think LeBron was truly intrigued but ultimately felt he’s a stronger contender with Philly. 

And his path to winning it all isn’t that challenging, Philly is at least a top 3 team in the East now. ",0,135,/r/nba/comments/1v5foym/the_real_reason_lebron_chose_philly_chasing_mjs/,2026-07-24
1v5fzba,nba,1784909833,Does Lebron sign with Philly if Daryl Morey hadn’t “sold high” on Jared McCain?,"The 76ers land LeBron James and flip an aging PG for a younger superstar that lead his team to the number 2 seed in the East. Obviously this ball started rolling thanks to the midseason trade of Jared McCain. Obviously Daryl Morey set the Philly up to have a great offseason, has there ever been a GM with better vision?",18,16,/r/nba/comments/1v5fzba/does_lebron_sign_with_philly_if_daryl_morey_hadnt/,2026-07-24
1v5g1tm,nba,1784909986,"Sixers projected starting lineup’s 3PT% last season: Tyrese Maxey (36.7%), Jaylen Brown (34.7%), VJ Edgecombe (35.4%), LeBron James (31.7%), Joel Embiid (33.3%). League average in 25-26 36%.","The Sixers starting lineup looks very good on paper, however there does seem to be big spacing concerns. With no one except Tyrese being above league average in 3pt%.

Nearly all of them like going at the rim or close to the basket.

\[Source\](https://www.basketball-reference.com/leagues/NBA\_stats\_per\_game.html)

\[Source\](https://www.espn.co.uk/nba/stats/player/\_/stat/3-points)",617,423,/r/nba/comments/1v5g1tm/sixers_projected_starting_lineups_3pt_last_season/,2026-07-24
1v5hypi,nba,1784914020,LeBron hasn't failed to win the Eastern Conference since 2010,"Even with the Sixers current depth being shot and a lot of guys requiring the ball in their hands over there now, I still them as contenders for the chip ",0,21,/r/nba/comments/1v5hypi/lebron_hasnt_failed_to_win_the_eastern_conference/,2026-07-24
1v5g6cs,nba,1784910257,My ridiculous prediction: Lebron will be traded for the first time in his life...,[removed],1,0,/r/nba/comments/1v5g6cs/my_ridiculous_prediction_lebron_will_be_traded/,2026-07-24
1v5k95i,nba,1784918901,Are Lebron and Labaron the closest 2 players have ever came to having the same name without having the same name post NBA-ABA merger?,"For obvious reasons, Jalen clowns like Jaylen, Jaylin, Jaylon don’t count. Neither do names like Chris and Christopher, Josh and Joshua. Allen Ray and Ray Allen don’t fit my criteria either because Lebron and Labron are 2 unrelated different names which sound so similar without being inspired from each other, has this ever occurred before?",0,54,/r/nba/comments/1v5k95i/are_lebron_and_labaron_the_closest_2_players_have/,2026-07-24
1v5km8l,nba,1784919654,If LeBron wins a championship with the Sixers he will be the first athlete amongst the “Big Four” sports to win with 4 different teams.,"In NBA history there are 4 different players who have won with 3 different teams. That’s Robert Horry, Danny Green, John Salley and of course LeBron.

In NFL history only Matt Millen has won with 3 different teams

In NHL history a good handful of dudes did it with 3 different teams

In MLB history a good handful of dudes did it with 3 different teams

If LeBron is able to win a championship with his 4th different team it’s definitely a pretty cool bragging right that nobody but can him can say.",2128,336,/r/nba/comments/1v5km8l/if_lebron_wins_a_championship_with_the_sixers_he/,2026-07-24
1v5ko75,nba,1784919762,Is it Possible Gary Trent Jr. is just a Human Shell Corporation for Lebron James & Klutch Sports?,"Seeing as Lebron James just signed a 2/$8mm contract, my source from the same restaurant in New Orleans that Stephen A Smith calls to ask if Zion ever ate there and if so, how much food did he order, has brought up the idea that Gary Trent Jr. might be a sentient entity in the form of a SPAC or alternative investment vehicle. He said we should be on the lookout in the next couple days for a new LLC to be incorporated in Pennsylvania or Delaware along the lines of 'GL2 Aspire LLC' that is expected to report an additional $16mm in earnings for the next 4 years. 

In that same line of thinking, is it possible that Gary Trent Jr. might file for an IPO  and go public so that we all can be liquidated the next time he goes 0/5 from distance? ",60,12,/r/nba/comments/1v5ko75/is_it_possible_gary_trent_jr_is_just_a_human/,2026-07-24
1v5ky7j,nba,1784920359,Are the Sixers and Josh Harris doing cap circumvention with the LeBron James contract?,"I know it’s a hot topic with the Kawhi deal and everything going on, but part of me can’t help but think LeBron recently got a pay bump in his Topps/Fanatics deal to go with his basically vet minimum, 2 year deal. LeBron was signed with Upper Deck his entire career until last year when he signed an exclusive deal with Topps. Josh Harris owns both the Sixers and Topps/Fanatics. I know LeBron said that money wouldn’t be an issue in free agency, but this feels a little fishy 🐟🐟🐟

Where’s Pablo Torre when we need him?",0,50,/r/nba/comments/1v5ky7j/are_the_sixers_and_josh_harris_doing_cap/,2026-07-24
1v5kzl6,nba,1784920441,"Now that LeBron has signed, what does your Opening Week and Christmas Day schedule looks like?","Here's mine:

#Opening Week

**Tuesday, Opening Day**

* 7:30pm - BOS @ NYK
* 10:00pm - SAS @ LAL

**Wednesday**

*Featured double header*

* 7:00pm - MIA @ IND
* 9:30pm - HOU @ DEN

*Other games*

* 7:00pm - BKN @ ATL
* 7:00pm - CHA @ TOR
* 7:30pm - DET @ CLE
* 7:30pm - WAS @ ORL
* 8:00pm - CHI @ MIL
* 8:00pm - MEM @ DAL
* 8:00pm - SAC @ NOP
* 9:00pm - OKC @ UTA
* 10:00pm - LAC @ PHX
* 10:00pm - MIN @ POR

**Thursday**

* 7:30pm - PHI @ NYK
* 10:00pm - SAS @ GSW

&nbsp;

#Christmas Day

* 12:00nn - IND @ NYK
* 2:30pm - BOS @ PHI
* 5:00pm - GSW @ HOU
* 8:00pm - OKC @ SAS
* 10:30pm - DEN @ LAL

&nbsp;

What is yours?",0,43,/r/nba/comments/1v5kzl6/now_that_lebron_has_signed_what_does_your_opening/,2026-07-24
1v5l5al,nba,1784920787,Rich Paul circles Philadelphia on the LeBron destination White Board: “It’s Philly.”,,2,0,/r/nba/comments/1v5l5al/rich_paul_circles_philadelphia_on_the_lebron/,2026-07-24
1v5luyg,nba,1784922361,D Wade to LeBron for the slam!!,,1,0,/r/nba/comments/1v5luyg/d_wade_to_lebron_for_the_slam/,2026-07-24
1v5m2lt,nba,1784922825,Daddy LeBron Hath Forsaken His Own Son in La La Land 💔,[removed],1,1,/r/nba/comments/1v5m2lt/daddy_lebron_hath_forsaken_his_own_son_in_la_la/,2026-07-24
1v5m5va,nba,1784923023,"Stephen A. Smith: ""Jaylen Brown didn’t come to Philly to be a number two. He wants to be number one. LeBron James didn’t come to Philly to be number three. He wants to be at least number two option. How’s it going to work?""",,0,124,/r/nba/comments/1v5m5va/stephen_a_smith_jaylen_brown_didnt_come_to_philly/,2026-07-24
1v5mal4,nba,1784923294,"[Shelburne] For a lot of the time, LeBron thought it was going to end up being Miami. That seemed to be a nice fit and story… but when you’ve been to a place before, when you’ve won at a place before, if you go back it may not be the same.",,27,69,/r/nba/comments/1v5mal4/shelburne_for_a_lot_of_the_time_lebron_thought_it/,2026-07-24
1v5k5rt,nba,1784918698,"[Shelburne] As for the impact of LeBron James’ decision on his son Bronny James, Rich Paul, the agent for both tells ESPN that ""they are not a package deal"" and there's no current plan or request for Bronny Janes to join his father in Philly.","Other news from Shelburne here: https://youtu.be/WXzd1MlE0\_0?is=CyxXJye7In\_N8AZ5

As for the impact of LeBron James’ decision on his son Bronny James, Rich Paul, the agent for both tells ESPN that ""they are not a package deal"" and there's no current plan or request for Bronny Janes to join his father in Philly. 

Bronny James recently had his contract guaranteed by the Lakers, whose staff has a fondness for him, according to sources.",0,7,/r/nba/comments/1v5k5rt/shelburne_as_for_the_impact_of_lebron_james/,2026-07-24
1v5mbhj,nba,1784923347,How do you feel LeBron ring chasing in his last two years will affect his legacy?,"The NBA world was waiting. We were garvantulating for a decision. Then LeBron finally made the pivotal decision. He is going to the Philadelphia 76ers. My question is, if LeBron won one or two rings with the elite All-Star cast that the 76ers have (Embiid, Maxey, Brown, Edgecomb), would that change how you view his legacy? If so, why and in what way? ",0,329,/r/nba/comments/1v5mbhj/how_do_you_feel_lebron_ring_chasing_in_his_last/,2026-07-24
1v5mnm9,nba,1784924099,Lebron goes to Philly in year 24,Kobe is from philly and wore number 24. Coincidence? Lebron would do somthing like this. Anyways philly is going to be good. But the east is tough right now. Do they beat the knicks? Detroit? Wizards? ,0,15,/r/nba/comments/1v5mnm9/lebron_goes_to_philly_in_year_24/,2026-07-24
1v5mpns,nba,1784924218,"If LeBron retires at the end of his contract, he will have retired a decade after Manu  Ginobili retired. Manu’s rookie season was 1 year before Lebron’s and Manu had a 16 year nba career.","Unc James would complete 25 years in the nba, which would account for nearly 1/3rd of all nba seasons. it would be nearly double the number of season Jordan played in chicago and would be more than double the years magic played prior to his HIV diagnosis

the 76ers team the year LeBron was drafted had Allen iverson on it and would continue to have him on the team for several seasons. 

  
the difference between LeBron’s draft day and his retirement day will be larger than the difference between the Iranian revolution and LeBron’s draft day

  
no I will not stop and I will not cease my king has made me cream in my sheets",80,35,/r/nba/comments/1v5mpns/if_lebron_retires_at_the_end_of_his_contract_he/,2026-07-24
1v5nlme,nba,1784926154,[Windhorst] The two main reasons why LeBron went to Philly was chance to compete for a title (which lessened Golden State/Miami quite a bit) and he can trust Maxey (as a Klutch client).,">Windhorst said that the Maxey point was if there was adjustments to be made in players gamestyles etc for next season. And that the convos he had with Sixers players weren’t about what are the best restaurants in Philly, it was strategy talks.

>He also reported that the Sixers didn’t think they were getting him last week in Vegas. 

Podcast:  https://m.youtube.com/watch?v=bG5Gv97Mfc4&list=PLu1neCd4swuakibtwr6887z4D8YH3YUnK&index=4&pp=iAQB&ra=m",601,240,/r/nba/comments/1v5nlme/windhorst_the_two_main_reasons_why_lebron_went_to/,2026-07-24
1v5oj4m,nba,1784928222,"I tried counting player accolades by team. Sixers are a crazy outlier, thanks to Lebron coming to Philly.",[removed],1,1,/r/nba/comments/1v5oj4m/i_tried_counting_player_accolades_by_team_sixers/,2026-07-24
1v5ougj,nba,1784928930,"If Lebron's main goal is to win a title, why didn't he just resign with the Lakers? Does he not think Luka is a winning player? Does he not believe in the Lakers' vision?","When you kind of compare the rosters between the Lakers and the 76ers, the Lakers on paper should be a lot better of a fit for Lebron right?  Why didn't he just resign with the Lakers for a minimum if he wanted to win the title?  The Lakers traded all their future assets to get better this off-season, so the team should be significantly better now right?

Luka is the best player between the two teams, Walker Kessler is the better center because Embiid is always injured and never plays, and Austin Reaves is a better 2nd option than VJ Edgecombe, Jaylen Brown is like the 7th best player on the team according to analytics, etc...  Plus on the Lakers you get the Lakers home league free throw advantage and LA is home for Lebron and his family (Bronny).

Does Lebron just think you can't win a title with Luka?  Or is the front office just thinking that Lebron doesn't fit their vision of the new Snowtime Lakers.  What's the reason he left the Lakers when it's arguably just a better fit than the 76ers?",0,318,/r/nba/comments/1v5ougj/if_lebrons_main_goal_is_to_win_a_title_why_didnt/,2026-07-24
1v5ozkc,nba,1784929255,"[Charles Barkley] “The number one knock on LeBron for older guys like me has always been “Yo, man, you always stacking your team” He stacked in Miami. He stacked in Cleveland. He stacked in LA. Now he’s stacking it in Philly. So that to me, I’m going to still have the same criticism I’ve always had”",,4847,1923,/r/nba/comments/1v5ozkc/charles_barkley_the_number_one_knock_on_lebron/,2026-07-24
1v5p1dd,nba,1784929371,Dump like Jordan because Lebron is a racist,[deleted],0,62,/r/nba/comments/1v5p1dd/dump_like_jordan_because_lebron_is_a_racist/,2026-07-24
1v5p2zj,nba,1784929481,LeBron is the GOAT - Going To Another Team (yet again ring chasing),[removed],1,1,/r/nba/comments/1v5p2zj/lebron_is_the_goat_going_to_another_team_yet/,2026-07-24
1v5p6yp,nba,1784929733,LeBron James Destroyed the NBA,"Bad news for all James Honks - Longevity does not equal Greatness - he hasn't changed the NBA nearly as much as Steph Curry. 

James was scared of entering the Dunk contest because he can only do a Tomahawk dunk and most are sick of seeing it. 

James is the double threat mentality - the most passive-aggressive person in NBA history - he is also a narcissist and you have a guy that leaves destruction in his path. 

Michael Jordan takes up so much space in his head - he needs psychiatric help. 

Jordan didn't care about making friends he wanted to destroy and humiliate his opponents. 

LeBron James frequently exhibits passive-aggressive behavior through cryptic social media posts, indirect media comments targeting team construction, and subtle maneuvers to influence front-office decisions without taking explicit ownership.

Coaches and analysts identify signs of narcissism in LeBron James through behaviors such as consistently blaming teammates for failures, maintaining a grandiose self-image as ""The King,"" and an insatiable need for public admiration.

James is so pathetic that he is chasing rings at 42 but he will never be the goat. 

And we are watching the beginning of the end of Rich Paul and Klutch Sports - good riddance little man. 

James was blessed with being 6'-9"" and 270+lbs - he is just big and not a high flyer so his joints held together. 

But the most asinine statement from NBA reporters is Basketball IQ - that is hilarious. 

The NBA players will be ecstatic when James retires because he is a pain in the ass.  

As I said Longevity doesn't equal greatness so here is my Mount Rushmore plus one. 

1. Michael Jordan 

2+. Magic Johnson and Larry Bird - before they came along the NBA was tape delayed. 

3. Steph Curry completely changed the game

4. Kareem

Let's look at Jordan and James:

James has played 23 years in the NBA and chasing titles and has 4 that is a title 17.4% of the time. 

Jordan played 15 seasons and won 6 titles that is he won a title 40% of the time he played. Plus  Michael Jordan played all 82 games in 9 of his 15 seasons, including his final one. 

Let's see how James did. James has played all 82 regular-season games only once. LMAO!

GOAT talk of James is over. 

Plus Jordan wasn't a flopper like James. 

 ",0,22,/r/nba/comments/1v5p6yp/lebron_james_destroyed_the_nba/,2026-07-24
1v5pchi,nba,1784930106,This entire part of Lebron's career was foretold by LeBron in 2014.,"In NBA 2k14 the game featured Lebron's career as a playable feature. It had a normal progression and a fantastical one. In the fantastical one he moves around to several teams and wins rings and such. In that mode the final team he goes to is a the Knicks to win them their long sought ring. Either LeBron or someone in his camp already said that if the Knicks hadn't won this year he would have went there.  

I think he chose the Sixers because 1. They are really good but also because 2. They are now the next best situation of a franchise that has a long stories history but haven't won a title in about half a century. Now he can be the guy who gives a city of starving fans what they have craved for decades and ride off into the sunset having given not one but two different franchises the titles they waited so long for.",0,13,/r/nba/comments/1v5pchi/this_entire_part_of_lebrons_career_was_foretold/,2026-07-24
1v5mkbf,nba,1784923892,[OC] LeBron told us he was going to Philly months ago in his Instagram ‘Odyssey’ promo. The script is already written,[removed],1,2,/r/nba/comments/1v5mkbf/oc_lebron_told_us_he_was_going_to_philly_months/,2026-07-24
1v5k16q,nba,1784918420,Are Lebron and Labron the closest 2 players have ever came to having the same name without having the same name post NBA-ABA merger?,"For obvious reasons, Jalen clowns like Jaylen, Jaylin, Jaylon don’t count. Neither do names like Chris and Christopher, Josh and Joshua. Allen Ray and Ray Allen are also palindromes so they don’t as well. Lebron and Labron are 2 unrelated names which in just a single letter, has this ever occurred before?",0,25,/r/nba/comments/1v5k16q/are_lebron_and_labron_the_closest_2_players_have/,2026-07-24
1v5k05j,nba,1784918357,"[Shelburne] As for the impact of LeBron James’ decision on his son Bronny James, Rich Paul, the agent for both tells ESPN that ""they are not a package deal"" and there's no current plan or request for Bronny Janes to join his father in Philly.","As for the impact of LeBron James’ decision on his son Bronny James, Rich Paul, the agent for both tells ESPN that ""they are not a package deal"" and there's no current plan or request for Bronny Janes to join his father in Philly. 

Bronny James recently picked up his player option with the Lakers, whose staff has a fondness for him, according to sources.

https://imgur.com/a/yCipkfI",2328,402,/r/nba/comments/1v5k05j/shelburne_as_for_the_impact_of_lebron_james/,2026-07-24
1v5k00y,nba,1784918349,Would you rather have 34 year old LeBron at the max? Or this version of LeBron on the minimum?,"Just wondering since the LeBron that Philly are getting is far from his prime. But he is taking 10x less the money.

What do we think?",0,44,/r/nba/comments/1v5k00y/would_you_rather_have_34_year_old_lebron_at_the/,2026-07-24
1v5hyw7,nba,1784914030,Why did anyone think LeBron was going to Miami,"Miami would probably be the absolute worst fit for LeBron. They don't have shooters, which is the #1 thing you want to surround LeBron with. The whole offense would be LeBron, Giannis, and Bam all driving to the rim ",0,32,/r/nba/comments/1v5hyw7/why_did_anyone_think_lebron_was_going_to_miami/,2026-07-24
1v5i02p,nba,1784914100,LeBron documentary,[removed],1,0,/r/nba/comments/1v5i02p/lebron_documentary/,2026-07-24
1v5i0gs,nba,1784914122,"With LeBron taking a huge pay cut, does this mean there is a chance of Anthony Davis coming to the 76ers?","This was the main reporting that kept going around in which LeBron wanted to try and play alongside Anthony Davis. With this going down, it obviously shows LeBron is serious in trying to win another championship ring rather than making a ton of money.",0,33,/r/nba/comments/1v5i0gs/with_lebron_taking_a_huge_pay_cut_does_this_mean/,2026-07-24
1v5i1lp,nba,1784914191,"LeBron James' W*kipedia article is currently in the middle of an edit war over whether he's ""officially"" a Sixer yet","[https://archive.ph/TOWqy](https://archive.ph/TOWqy)

This happens literally every time there's a big trade or free agency signing: a credible source (up to and including the man himself) reports on where a player is going to go, and this gets added to the article:



\> The subject of this article is in the news regarding a reported free agent signing. Information regarding the free agent signing may be based on anonymous sources or awaiting an official announcement. Breaking news reports may be unreliable. Please feel free to discuss changes on the talk page.



As usual, this is one of Wikipedia's policies (like their rigid definition of a ""reliable"" source) that is theoretically sound, but runs into a brick wall when you look at the way a modern information cycle plays out. But it's unlikely to ever change because of the slow, ponderous way the website builds consensus on policies and defers to established precedent.",0,28,/r/nba/comments/1v5i1lp/lebron_james_wkipedia_article_is_currently_in_the/,2026-07-24
1v5i2m3,nba,1784914251,LeBron docu series,[removed],1,0,/r/nba/comments/1v5i2m3/lebron_docu_series/,2026-07-24
1v5i5ry,nba,1784914436,"If the 76ers are champs, LeBron will become a legend in one of the greatest sport cities in the league. Did the prospective glory of bringing a starved fanbase of a storied franchise to the mountain top factor into this decision? I think it did.","It’s not just about winning another chip, it’s about doing it for a 4th fanbase, and one that hasn’t won a championship in a long time. After seeing NY win after a long drought I think the idea of doing something similar in Philly appealed to a man who still wants to meaningfully add to his legacy. Cleveland and Miami? Already did that. Golden State? Already left his mark on them and they aren’t as starved. Philly widens his kingdom. ",48,177,/r/nba/comments/1v5i5ry/if_the_76ers_are_champs_lebron_will_become_a/,2026-07-24
1v5iaad,nba,1784914712,The Warriors are the biggest losers in all of this after missing out on LeBron,"Now that it's over and LeBron has signed with the 76ers can we talk about how screwed the Warriors are and how badly they mismanaged Steph's last few years?

\-Didn't do anything to improve the team this offseason to improve the team besides getting Yaxel

\-Jimmy Butler out until potentially February 2027

\-No real assets to improve the team to compete now

\-About to give Draymond a longer deal

Looking at their current roster is absolutely disgusting.  Warriors fans are in for hell



",2241,691,/r/nba/comments/1v5iaad/the_warriors_are_the_biggest_losers_in_all_of/,2026-07-24
1v5ibke,nba,1784914788,"If LeBron accepts his player option next season, he is set to make $53,116 more from NBA contracts over the next two years than DeAndre Jordan will make with the Pelicans. He will make $24,000,000 less than Gary Trent Jr.","DeAndre Jordan’s contract is for 2 years and $7,946,884, while LeBron’s is for a straight $8,000,000.

He will also somewhat suspiciously make $24,000,000 less than Gary Trent Jr. ",51,26,/r/nba/comments/1v5ibke/if_lebron_accepts_his_player_option_next_season/,2026-07-24
1v5id3e,nba,1784914881,"Lebron James Announces Joining the Philadephia 76ers, 23 Days Since Jaylen Brown was Reported Traded by the Boston Celtics to the Team. Lebron's Number is also 23.","lol. Jaylen was reported traded on July 1, 2026.

Jaylen Brown may truly have been the game changer for the Lebron stakes.  
  
Context:  LeBron James is signing with the Philadelphia 76ers on a two-year, $8 million deal with a player option, Klutch Sports Group and Klutch CEO and Game Over show host Rich Paul tells ESPN.

P.S Don't take this seriously.",0,31,/r/nba/comments/1v5id3e/lebron_james_announces_joining_the_philadephia/,2026-07-24
1v5igtv,nba,1784915102,Would you rate Lebron ahead of Jordan if wins 2 NBA titles with Philadelphia 76ers?,[removed],1,0,/r/nba/comments/1v5igtv/would_you_rate_lebron_ahead_of_jordan_if_wins_2/,2026-07-24
1v5iltf,nba,1784915386,Lebron brown signed for the Philly. What a signing,,1,1,/r/nba/comments/1v5iltf/lebron_brown_signed_for_the_philly_what_a_signing/,2026-07-24
1v5ipnk,nba,1784915612,This will either be a massive star on LeBron's resume or a complete and total black mark.,"You win for Philly then enough said it will look great.

But there is so much that can and probably will go wrong with this move.

LeBron's Points/Rebounds/Assists will all tank this year. The well known 27-7-7 career average could be in jeopardy.

LeBron cannot play transition defense. Maxey-Edgecombe-Brown will be playing 3 on 5 transition defense all year and the boos will get pretty loud. 

If he doesn't win it all he will always be remembered for being 42 and still ring chasing playing into all the negative stereotypes he's fought his whole career.

If you're going to ring chase, why not go to the Spurs and get Wemby over the hump?",0,157,/r/nba/comments/1v5ipnk/this_will_either_be_a_massive_star_on_lebrons/,2026-07-24
1v5iq2n,nba,1784915638,Supposed attention whore Lebron took the minimum and didn't announce signing with Sixers on July 4th,"Some people say changed man, but I say he's trying to keep it low for the ultimate grand move.   

The 76ers ownership group have franchises in NBA, NFL and NHL. Lebron, through FSG, has investments in MLB and European Soccer. A partnership, which Rich Paul made a point of focus in his white board, would complete a grand set.",0,6,/r/nba/comments/1v5iq2n/supposed_attention_whore_lebron_took_the_minimum/,2026-07-24
1v5itfw,nba,1784915838,Lebron has exited the goat debate and has entered the ultimate ring chaser debate with Kevin Durant,"No singular move will likely ever match the height of KD going to the 73-9, already won a championship, 3 Hall of Famers in their prime Warriors but Lebron is giving it his best effort. Much like in his debate vs Jordan he is attempting the longevity vs peak road in ring chasing for his 3rd time. He ring chased going to Miami, then ring chased going back to Cleveland. Yes under the cloud of returning to Cleveland and doing it for his hometown he really was just interested in forming a younger big 3 going from older bad knees Wade and Bosh to younger Kyrie and Love. 

  
Now Lebron has showed us even at the age of 41 he can reach new levels of ring chasing. Now turning down ending his career with any of the 3 teams that he has ties to, he has opted to on the last legs of his career form one last super team. Pathetic",0,297,/r/nba/comments/1v5itfw/lebron_has_exited_the_goat_debate_and_has_entered/,2026-07-24
1v5iu09,nba,1784915872,Would the Cavaliers have gotten LeBron if they fired Kenny Atkinson?,"From being fired by KD and Kyrie before The Bubble to his “analytically we’re up 2-1” comments, it seems  likely that LeBron didn’t have faith in Atkinson to lead the Cavs to a championship.

Despite both falling short last season, Nurse and Spoelstra have both won a championship before, while Atkinson’s biggest success was barely beating an injured Raptors team and a Pistons team with Playoff Duren.

If they fired Atkinson and replaced him with Budenholzer, I think LeBron goes back home to Cleveland.",0,37,/r/nba/comments/1v5iu09/would_the_cavaliers_have_gotten_lebron_if_they/,2026-07-24
1v5j4yc,nba,1784916497,Rich Paul circles Philadelphia on the famous whiteboard as LeBron announces his decision,,367,162,/r/nba/comments/1v5j4yc/rich_paul_circles_philadelphia_on_the_famous/,2026-07-24
1v5jeb2,nba,1784917040,Why the Fit with Lebron is better than you think,"Lebron was rumored to Miami because he would be the Point Guard and facilitator.

  
However, advances analytics show that Jaylen Brown and Tyrese Maxey should have the ball a little less. Lebron can come in and be the main faciliator.

Maxey is an unselfish player and so is VJ. Embiid played with Harden.

Lebron will steal lead the offense and let Embiid, VJ, and Maxey focus on scoring.

Jaylen Brown is the only question mark. Will Lebron and Jaylen sacrifice together for the best of the team.

",0,37,/r/nba/comments/1v5jeb2/why_the_fit_with_lebron_is_better_than_you_think/,2026-07-24
1v5jfw4,nba,1784917132,LeBron James to join Philadelphia 76ers after Los Angeles Lakers exit,[removed],1,1,/r/nba/comments/1v5jfw4/lebron_james_to_join_philadelphia_76ers_after_los/,2026-07-24
1v5jl0u,nba,1784917434,How would you feel if credible reporting and evidence showed the Miami Heat YouTube “leak” was manufactured by LeBron James’ camp to sway the odds on betting lines & prediction markets?,"In case you missed it, a few days ago the Miami Heat YouTube channel “accidentally“ leaked a scheduled live broadcast titled “LeBron James Introductory Press Conference” dated for next Monday, July 27th.



It’s just hard to believe that kind of mistake or “leak” happens by accident in this day and age of technology, particularly now that we know LeBron did not end up taking his talents back to South Beach.



It seems supremely far-fetched for the Miami Heat to benefit from knowingly misleading their fans and the general public like that, but could it be possible that Rich Paul or James’ camp was behind the scenes insisting to Miami that the deal was done, and encouraging the Heat to drum up hype for a Monday announcement with the “leak” as a bait and switch, only to pull the rug and sign to the 76ers immediately after?



How would you feel if credible evidence suggested that some sort of scheme like this was cooked up as a way for James to recoup his earnings while still taking the minimum to play in Philadelphia? ",0,33,/r/nba/comments/1v5jl0u/how_would_you_feel_if_credible_reporting_and/,2026-07-24
1v5jm43,nba,1784917498,Lebron and AD winners,"Everyone is forgetting the real winners here are the AD Bron bromance! Philly doesn’t need to try and trade for AD 

DC is only 140 miles from Philadelphia if Bron plans to chill in NYC and take a helicopter then surely he’s already made plans for him and AD to hang. That’s the real reason why he chose the sixers. ",0,3,/r/nba/comments/1v5jm43/lebron_and_ad_winners/,2026-07-24
1v5jobl,nba,1784917633,"[Windhorst] In the last few days, I don’t think Philly really loved their position in the running. Their big pitch was trading for Jaylen Brown, but LeBron kept [making it a point to] reach out to the 76ers’ players, and give them hope that they were still involved.",,0,11,/r/nba/comments/1v5jobl/windhorst_in_the_last_few_days_i_dont_think/,2026-07-24
1v5jvcv,nba,1784918059,"[Jones] Joel Embiid was a heavy figure in LeBron's recruitment, and that recruitment lasted throughout the process.","Source: https://www.nytimes.com/athletic/7417464/2026/07/24/lebron-james-contract-76ers-free-agency/?unlocked\_article\_code=1.0FA.LjMd.IjAmOUDib8Ig&source=user\_shared\_article&smid=ta-ios-share

Per league sources, Joel Embiid was a heavy figure in LeBron's recruitment, and that recruitment lasted throughout the process.

\_\_\_\_\_\_\_\_\_\_

Insert: **fantasticfoursaythatagain.gif**",623,130,/r/nba/comments/1v5jvcv/jones_joel_embiid_was_a_heavy_figure_in_lebrons/,2026-07-24
1v5jzlg,nba,1784918321,"[Jones] Per league sources, Joel Embiid was a heavy figure in LeBron's recruitment, and that recruitment lasted throughout the process.","> Per league sources, Joel Embiid was a heavy figure in LeBron's recruitment, and that recruitment lasted throughout the process

Sixers beat writer for The Athletic Tony Jones says Joel Embiid played a major role in recruiting LeBron James. Not that there was any real possibility of it happening, but this should end any ideas right now of trading Embiid for AD.

[source](https://www.nytimes.com/athletic/7417464/2026/07/24/lebron-james-contract-76ers-free-agency/)",1,0,/r/nba/comments/1v5jzlg/jones_per_league_sources_joel_embiid_was_a_heavy/,2026-07-24
1v5pemg,nba,1784930252,Can LeBron use his LeCells like Hashirama cells on Embiid in order to keep him healthy for the 2026-27 season?,"With LeBron going to Philly, he’ll probably want all the best players to be as healthy as possible. LeBron himself was basically iron man until the 2021 season.

Queue LeCells. If LeBron can use his cells on Embiid’s most injured parts like his knees, they can become when LeBron was 31 (Embiid is currently 31 turning 32).

Coincidentally, LeBron was also 31 when he won the championship in 2016. So if he uses LeCells in Embiid, and Embiid’s knees become 2016 LeBron’s. It’ll be the best setup for the 76ers to win the championship.",107,45,/r/nba/comments/1v5pemg/can_lebron_use_his_lecells_like_hashirama_cells/,2026-07-24
1v5pktw,nba,1784930643,"With Lebron joining the Sixers, Here is Joel Embiid openly expressing his frustration being used as a stretch 5 before: ""I haven't been myself lately, I think it's mainly because of the way I've been used, which is I'm being used as a spacer, I guess, a stretch-5, which just really frustrates me""",[deleted],0,17,/r/nba/comments/1v5pktw/with_lebron_joining_the_sixers_here_is_joel/,2026-07-24
1v5puec,nba,1784931277,Stephen A. Smith says LeBron James was lying his ass off when he was talking about thinking about retiring,,0,58,/r/nba/comments/1v5puec/stephen_a_smith_says_lebron_james_was_lying_his/,2026-07-24
1v5pv82,nba,1784931325,LeBron is the GOAT - Going On Another Team (yet again ring chasing),[removed],1,1,/r/nba/comments/1v5pv82/lebron_is_the_goat_going_on_another_team_yet/,2026-07-24
1v5h34v,nba,1784912212,"[Krawczynski] “[When LeBron James asked Anthony Edwards what would happen if he chose another team], Edwards didn’t hesitate, telling him that would be OK, because that just meant he could tear James’s head off on the court when their two teams met.”","[During one of several conversations he had with James, Edwards playfully told him if he didn’t make a decision soon, he would tear James’ head off, according to league sources briefed on the conversation. James laughed and asked Edwards what would happen if he chose another team.  Edwards didn’t hesitate, telling him that would be OK, because that just meant he could tear James’s head off on the court when their two teams met.](https://www.nytimes.com/athletic/7451380/2026/07/24/minnesota-timberwolves-free-agency-lebron/?source=emp_shared_article&unlocked_article_code=1.0FA.Vydt.Qtm9Hb6266ld&smid=ta-ios-share)",2454,196,/r/nba/comments/1v5h34v/krawczynski_when_lebron_james_asked_anthony/,2026-07-24
1v5h1pk,nba,1784912128,I genuinely feel bad for Lebron James.,"

This settles it, without a doubt. There's no more debate. No other conversation to be had. Lebron James is the fraud that many of us always thought he was. As crazy as this may sound from a nobody like me,  I actually feel sorry for him. He has such a massive hole in his core. For all his talk otherwise, he's STILL chasing Jordan. Still chasing being the GOAT. Any other guy who has 3 1/2 rings would have enough respect for himself and the game. No ""great one"" does this. Magic. Bird. Jordan. Hakeem. Duncan. They're all laughing at him. 3 1/2 rings and the all-time points leader, and he's still ring chasing. Still stat padding and compiling so he can retire with every record imaginable. Anything to burnish his resume. Anything so people who look strictly at numbers will proclaim him the greatest. But it won't fill that hole.

I also feel bad for Lebron fans. Y'all now know, without a shadow of a doubt, that your ""goat"" made a 😺 move. ​And y'all will (and should) be objects of ridicule in every barbershop in the country.   Laker fans, y'all already knew it; he was NEVER one of ""your guys"". 

The winner today? Besides the Sixers organization and Sixers fans? That would be Kevin Durant, now the SECOND biggest cupcake of all time. Just two journeyman rings chasers with better stats.",0,51,/r/nba/comments/1v5h1pk/i_genuinely_feel_bad_for_lebron_james/,2026-07-24
1v5h1cy,nba,1784912107,"[Krawcyznski] During the recruiting process LeBron James asked Anthony Edwards how he would feel if he didn’t sign with Minnesota: “Edwards didn’t hesitate, telling him that would be OK, because that just meant he could tear James’s head off on the court when their two teams met.“","Source: https://www.nytimes.com/athletic/7451380/2026/07/24/minnesota-timberwolves-free-agency-lebron/?unlocked\_article\_code=1.0FA.0I9A.9tIs2t1iAs3I&source=user\_shared\_article&smid=ta-ios-share

“I think that’s the fun part about working,” Finch said. “We don’t look at those things as obstacles to not do something, but things that we’ll figure out as we move through it. Even if we don’t have great clarity on what it is, I think we trust each other to do that.”

And if you’re thinking Edwards is crestfallen by James’ decision, think again.

During one of several conversations he had with James, Edwards playfully told him if he didn’t make a decision soon, he would tear James’ head off, according to league sources briefed on the conversation. James laughed and asked Edwards what would happen if he chose another team.

Edwards didn’t hesitate, telling him that would be OK, because that just meant he could tear James’s head off on the court when their two teams met.",275,36,/r/nba/comments/1v5h1cy/krawcyznski_during_the_recruiting_process_lebron/,2026-07-24
1v5gx3k,nba,1784911856,"[Krawcyznski] After missing out on LeBron James, McDaniels is unlikely to be the starting PF for Minnesota. Finch prefers him at the SF spot and has indicated to Lyles that he may have a “big role” next season: “Opportunity to be a starter after being out for a year. What, am I gonna say no?”","Source: https://www.nytimes.com/athletic/7451380/2026/07/24/minnesota-timberwolves-free-agency-lebron/?unlocked\_article\_code=1.0FA.0I9A.9tIs2t1iAs3I&source=user\_shared\_article&smid=ta-ios-share

Finch also wants McDaniels at small forward so they can better use the improved shot creation he showed last season when he averaged career highs in points (14.8), 3-point percentage (41.2) and field goal attempts (11.1). With a pass-first player like Ball now at point guard, Finch believes McDaniels’ role in the offense can get even larger.

The coach also discussed adopting a more flexible approach to the starting lineup night in and night out next season, depending on the matchup.

“I see the opportunity to be creative with that, maybe, every night,” Finch said. “Maybe it’s a different person starting at the four based on who we’re playing. Why not?”

Lyles is listed at 6-9 and is the closest to a traditional power forward frame. He can stretch the floor from 3, which is important when sharing the frontcourt with Gobert. When he was discussing his decision on a vlog, Lyles indicated that the team at least mentioned the possibility of earning a big role next season.

“Opportunity to be a starter on an NBA team after being out for a year,” he said. “What, am I gonna say no?”

It would seem more likely that the Wolves give a longer look to some of their incumbents, including defensive specialist Jaylen Clark, offensive spark plug Terrence Shannon Jr. and the recently acquired Josh Green. All are 6-6 or under, which would potentially leave the Wolves a little vulnerable on the glass. The Wolves also experimented with 6-11 center Joan Beringer at power forward in summer league, though it would present major spacing concerns when sharing the court with Gobert.",426,206,/r/nba/comments/1v5gx3k/krawcyznski_after_missing_out_on_lebron_james/,2026-07-24
1v5gupd,nba,1784911710,Is there a reason Lebron wasn't able to command a bigger contract?,[removed],1,0,/r/nba/comments/1v5gupd/is_there_a_reason_lebron_wasnt_able_to_command_a/,2026-07-24
1v5gr3c,nba,1784911496,Lebron Vs Kobe Against the Spurs.,"Lebron Stats Against The Spurs  
25.4 ppg  
8.9 rpg  
6.0 apg  
54.3% ts

Kobe Stats Against The Spurs  
28.2 ppg  
5.9 rpg  
4.7 apg  
53.6% ts  
(Mind you, he faced them in the deadball era so these stats are kind of impressive, and Tim Duncan was younger and they had David Robison. If you are gonna tell me the 2014 Spurs clear the 2000’s Spurs IDK what to tell you.)

He’s also  
18-12 against them in the playoffs

Beat them 4-1 in 2008. That Spurs team had the same core that swept LeBron in 2007. Lebron in his prime got put BTA by a weaker version of the Spurs in 2014.

If you compare both of them in their performance against the Spurs when they won

2001  
33.3 ppg  
7.0 apg  
7.0 rpg  
57.1% ts (holy shit)

2008 (reigning NBA champion Spurs team)  
29.2 ppg  
5.6 apg  
3.8 apg  
58.3% ts

Compared to Lebron (Worse Spurs team then the one Kobe Faced in 2008)  
2013  
25.3 ppg  
10.9 rpg  
7.0 apg  
52.9% ts 

And when Lebron actually faced a decently aged Spurs team  
2007  
22.0 ppg  
7.0 rpg  
6.8 apg  
42.8% ts   
(they could have won this series if LeBron had a decent Ts, the cavs were kind of stopping the spurs that series, also if you watch that series Lebron was getting the ben Simmons treatment, and was only guarded by 5 people when he tried to enter the rim.)",0,27,/r/nba/comments/1v5gr3c/lebron_vs_kobe_against_the_spurs/,2026-07-24
1v5gqrc,nba,1784911476,Lebron's Announcement Has Upset All 3 of the NBA's Major Markets,"Lebron signing with the Sixers seems to have successfully united all 3 of the NBA's blue blood franchises (Lakers, Celtics, Knicks) in raging/coping this Friday morning. In an era where one of these teams is on the good side of major FA signings, trades, etc. - it is a rare sight to see:

**Los Angeles -** Fans are upset with Lebron signing for just $4M/year, as he could have signed that same contract with them. However, it's clear why Lebron would choose Philly over LA at this point in his career: they are in an easier conference with a more clear path to the title, and there are more backcourt/wing defenders to help ease the defensive load for him which he likely values at age 41.

**Boston** \- Sixers are a primary rival, and this signing likely doesn't happen without the Jaylen Brown trade. Seems like Celtics fans are coping with the fact that Philly has too many stars/egos**,** and are awaiting for this to blow up on the team (similar to the 2020s Nets). This remains to be seen, but if I'm a Sixers fan, I'd be ecstatic right now.

**New York**: Maybe less grievances than the other 2 fanbases, but this absolutely makes the path harder for this Knicks team to repeat in 2027. ",0,106,/r/nba/comments/1v5gqrc/lebrons_announcement_has_upset_all_3_of_the_nbas/,2026-07-24
1v5gpnu,nba,1784911411,"76ers fans, how do you feel about LeBron joining the team?",[removed],1,0,/r/nba/comments/1v5gpnu/76ers_fans_how_do_you_feel_about_lebron_joining/,2026-07-24
1v5gmtr,nba,1784911240,LeBron can now win the electoral college,"Hear me out: if you want to become president of the United States you have to win the swing states. The biggest swing states of my lifetime have been:

Ohio (Cleveland Cavs)

Florida (Miami Heat)

Pennsylvania (Philadelphia 76ers)

How can LeBron guarantee that his legacy is greater than MJ? Win the electoral college and become the first NBA player to be president. ",0,4,/r/nba/comments/1v5gmtr/lebron_can_now_win_the_electoral_college/,2026-07-24
1v5g66p,nba,1784910246,LeBron James is the best player in NBA history to not be the franchise best player in any team he's ever played for,"Cavs - Donovan Mitchell can potentially dethrone him especially if he retires in the Cavs, unless he joined this offseason and gave them a second ring. The point is, his legacy in Cleveland isn't safe like MJ with the Bulls or Kobe with the Lakers.

Miami - Dwayne Wade #1, he had the chance to be at least 1B if he joined and won another ring with them

Lakers - fat chance, it's always Kobe, West, Kareem, and Shaq. But maybe he would've been top 10 had he stayed and taken the vet min to help Luka win

Philly - only 2 years, he won't be treated as the franchise GOAT there that had loyal players like Embiid and Iverson.

Did LeBron made the wrong decision and should've just joined a team that he had prior history with and solidify his status there?",0,86,/r/nba/comments/1v5g66p/lebron_james_is_the_best_player_in_nba_history_to/,2026-07-24
1v5f2zj,nba,1784907921,First Domino dropped with LeBron. Where do you think everyone else goes?,"Lots of FA’s out there that were waiting on lebron. Now those dominoes will start to fall. Where do you think they end up?

Any other big FA’s that will try to go to Philly? ",0,39,/r/nba/comments/1v5f2zj/first_domino_dropped_with_lebron_where_do_you/,2026-07-24
1v5gm4s,nba,1784911200,Look who LeBron gets to team up with now,,1,1,/r/nba/comments/1v5gm4s/look_who_lebron_gets_to_team_up_with_now/,2026-07-24
1v5glhg,nba,1784911160,The biggest losers in the LeBron saga have to be the Cavs,"The Cavs were banking on LeBron James to come home but now he’s made his decision to go to Philly. So now the Cavs are stuck with an overpaid Donovan Mitchell, an aging and about to be overpaid James harden, Evan Mobley who hasn’t improved on the offensive end, and a depleted bench. ",262,274,/r/nba/comments/1v5glhg/the_biggest_losers_in_the_lebron_saga_have_to_be/,2026-07-24
1v5gj7v,nba,1784911019,Why did LeBron James announce his next team now? Because it was the FIFA World Cup earlier this summer and he would’ve been ignored. He’s a genius,"Title.

He’d be ignored by Messi, Ronaldo, Mbappe, Haaland, Spain, Mexico, England and “football’s coming home”; LeBron chose to announce it now that soccer is over and NBA free agency gossip is back in the talking grounds in America.

Genius.",0,47,/r/nba/comments/1v5gj7v/why_did_lebron_james_announce_his_next_team_now/,2026-07-24
1v5ghe3,nba,1784910907,"I hope Lebron does a Fresh Prince of Bel Air rewind video, that seems like a layup",Get Will Smith and Alfonso Ribeiro involved and I think it could be really great. Who would be DJ Jazzy Jeff? ,8,2,/r/nba/comments/1v5ghe3/i_hope_lebron_does_a_fresh_prince_of_bel_air/,2026-07-24
1v5ghbb,nba,1784910902,Will LeBron renounce his Dallas Cowboys fandom?,Bron has historically been a Dallas Cowboys fan. Philly’s fanbase is crazy and everyone knows it. Will LeBron show up to an Eagles game in a Cowboys hat?,0,20,/r/nba/comments/1v5ghbb/will_lebron_renounce_his_dallas_cowboys_fandom/,2026-07-24
1v5gg9v,nba,1784910842,"Dear LeBron James,","The way you left for Miami in 2010 was disrespectful. Coming back home and giving us our first championship in 52 years reversed your legacy here and we will always appreciate you for allowing us to have that feeling. But don’t pretend to care about us when we boo you twice a year. You manipulated us over the last month and pretended like you love Northeast Ohio, but it turns out you’re still ungrateful for the love and support you have received in this city. You now go to a direct Eastern Conference competitor whose odds directly hinge on a 32-year-old center who plays 25 games a year. We’ll cheer for you at your jersey retirement, but that’s it. Good luck. 

\-A Depressed Cavs fan",0,34,/r/nba/comments/1v5gg9v/dear_lebron_james/,2026-07-24
1v5gafj,nba,1784910497,Why did LeBron James announce his next team during the WNBA All-Star Weekend? Is he sexist?,"Why did LeBron choose now of all times to announce his team? He famously congratulated all the women of the world during International Women's day a couple of years ago, what made him do a complete 180 on Women?",3,21,/r/nba/comments/1v5gafj/why_did_lebron_james_announce_his_next_team/,2026-07-24
1v5g9uy,nba,1784910463,"[O’Connor] LeBron made the right choice of the East options. The Cavaliers stink, and the Heat are a clunky fit with no shooting. The Sixers have top-end talent with Jaylen Brown joining Tyrese Maxey and Joel Embiid plus upside young players like VJ Edgecombe and Labaron Philon…","[Source](https://imgur.com/a/ogAgwmI)

> LeBron made the right choice of the East options. The Cavaliers stink, and the Heat are a clunky fit with no shooting. The Sixers have top-end talent with Jaylen Brown joining Tyrese Maxey and Joel Embiid plus upside young players like VJ Edgecombe and Labaron Philon. Embiid’s health is obviously a concern but they don’t need Prime Embiid to contend and the roster is certainly far better than what Cleveland and Miami could offer.",366,363,/r/nba/comments/1v5g9uy/oconnor_lebron_made_the_right_choice_of_the_east/,2026-07-24
1v5g95q,nba,1784910421,Reminder: Lebron has only ever won when he has a Jayhawk on his team.,"He had Mario Chalmers in Miami -2012/13

He had Sasha Kaun in Cle -  2016

Markieff Morris in LA  - 2020

And now he has Joel Embiid!",178,15,/r/nba/comments/1v5g95q/reminder_lebron_has_only_ever_won_when_he_has_a/,2026-07-24
1v5g7px,nba,1784910332,Lebron will be 42 years old before the playoff starts next year,I dont get why people are acting like the sixers got a prime lebron and now the championship favorites. Dude is 42 years old balding and greying beard and he doesnt play defense. Lebron hasnt done anything in the playoffs for years now. The idea of Lebron is better than the real LeBron these days. What's he gonna do when Embiid eventually goes down?,0,142,/r/nba/comments/1v5g7px/lebron_will_be_42_years_old_before_the_playoff/,2026-07-24
1v5g7jj,nba,1784910322,"[O’Connor] LeBron made the right choice of the East options. The Cavaliers stink, and the Heat are a clunky fit with no shooting. The Sixers have top-end talent with Jaylen Brown joining Tyrese Maxey and Joel Embiid plus upside young players like VJ Edgecombe and Labaron Philon..",[removed],1,1,/r/nba/comments/1v5g7jj/oconnor_lebron_made_the_right_choice_of_the_east/,2026-07-24
1v5g6jv,nba,1784910268,"LeBron joins 76ers on 2-year, $8M deal: 'This is my last",,1,1,/r/nba/comments/1v5g6jv/lebron_joins_76ers_on_2year_8m_deal_this_is_my/,2026-07-24
1v5h39o,nba,1784912220,What if LeBron had just signed with the Lakers for $4m instead?,"How different would LA Lakers would've been if LeBron had just signed a $4 million contract with them on day one rather than... this. 

Would they have signed the same types of players? 

How would the other NBA players would have reacted?

Would the NBA investigate for salary cap circumcision?

Is Jeanie Buss giving him equity in Space Jam 3 under the table?

If it happens, does a championship won under a minimum contract carry the same weight?

How does this affect direct comparisons to Michael Jordan or Kobe Bryant?

Is he taking the vet min just so he has a legitimate excuse to ask his teammates to split the Uber XL after games?

Did Rich Paul forget to add a zero to the contract email?

Does taking a massive discount undermine future NBA players?

How much cheesesteak money is being transferred via crypto to avoid the NBA salary cap auditors?

How does giving up tens of millions impact his goal of owning an NBA team?

Will the NBA broadcast team be forced to show a ""LeBron's Remaining Budget"" graphic next to his points, rebounds, and assists?

Will he start taking his pre-game nap in his car with the window cracked because he can’t afford the home game valet parking anymore?

ill owners demand ""Anti-Discount"" provisions in the next CBA?

Is he going to ask the front office if he can get his $4 million paid out in daily door-dash gift cards?

Does he ask the equipment manager if he can keep the game socks, or do they deduct the laundry fee directly from his paycheck?

So many questions.",0,30,/r/nba/comments/1v5h39o/what_if_lebron_had_just_signed_with_the_lakers/,2026-07-24
1v5hx5t,nba,1784913931,"[Bill Simmons Podcast] Joe House ""I want to go on record with LeBron, I think he's going to Philadelphia""  

Bill Simmons ""Oh wow, I would bet anything against that"". 7/22/26",,1385,185,/r/nba/comments/1v5hx5t/bill_simmons_podcast_joe_house_i_want_to_go_on/,2026-07-24
1v5h3i5,nba,1784912233,The philly cheesesteak place next to me already has a LeBron sandwich on the menu,,1,1,/r/nba/comments/1v5h3i5/the_philly_cheesesteak_place_next_to_me_already/,2026-07-24
1v5h49m,nba,1784912276,"Going into his 24th NBA season, LeBron will have teamed up with Shaquille O’Neal, Dwayne Wade, Chris Bosh, Kevin Love, Prime Kyrie Irving, Prime Anthony Davis, Prime Luka Doncic, Rajon Rondo, Carmelo Anthony, Russell Westbrook, Prime Tyrese Maxey, Joel Embid, and Prime Jaylen Brown.","And that’s the part that annoys people about the GOAT debate. You can absolutely say LeBron is one of the greatest ever, but if your path to the mountaintop keeps involving “let me team up with another top-5 guy and a bunch of former stars,” then don’t act shocked when people think the road was softer than the one everyone else had to take. Wanting rings is fine. 

Wanting the easiest version of rings and then demanding unanimous GOAT treatment is where the backlash comes from.",0,194,/r/nba/comments/1v5h49m/going_into_his_24th_nba_season_lebron_will_have/,2026-07-24
1v5pvws,nba,1784931371,LeBron is the GOAT - Going On Another Team (yet again ring chasing),[removed],1,0,/r/nba/comments/1v5pvws/lebron_is_the_goat_going_on_another_team_yet/,2026-07-24
1v5q00j,nba,1784931659,"Charles Barkley is 7,984 days older than LeBron James, who himself is 7,634 days older than Labaron Philon Jr., LeBron's youngest new teammate.","At some point, it can't be considered stacking a team anymore. Chuck's going to have a field day when someone explains the math to him.",271,26,/r/nba/comments/1v5q00j/charles_barkley_is_7984_days_older_than_lebron/,2026-07-24
1v5q1cc,nba,1784931749,[Charania] The only coach that LeBron James spoke to during this 3-week-long process was Sixers head coach Nick Nurse.,,2135,204,/r/nba/comments/1v5q1cc/charania_the_only_coach_that_lebron_james_spoke/,2026-07-24
1v5q30k,nba,1784931860,With Lebron joining the Sixers can he fix Embiid's rebounding issues? The 7 foot 280lb Embiid averaged 8.2 rebounds per game last season and 7.7 rebounds per game this season. and averaged 7.3 rebounds per game in this years playoffs,[deleted],0,12,/r/nba/comments/1v5q30k/with_lebron_joining_the_sixers_can_he_fix_embiids/,2026-07-24
1v5q3lx,nba,1784931900,"[Zach Kram] LeBron to the 76ers: Grade, reaction, winners",,1,1,/r/nba/comments/1v5q3lx/zach_kram_lebron_to_the_76ers_grade_reaction/,2026-07-24
1v5q6io,nba,1784932101,How much money did Michael Rubin pay Lebron under the table to accept 2 years 8 million?,"No secret how close Lebron and Rubin are. Also no secret about Rubins ties to Philadelphia 

Also no secret that the NBA hasn't done anything with Kawhi tampering. So why exactly wouldn't Rubin do the same for Philly?",0,41,/r/nba/comments/1v5q6io/how_much_money_did_michael_rubin_pay_lebron_under/,2026-07-24
1v5q6sx,nba,1784932120,"[Vardon] After the Cleveland Cavaliers missed out on LeBron James, they could turn their attention toward free-agent forward Jonathan Kuminga. Cavs officials maintained contact with Kuminga and his Cleveland-based agent, Aaron Turner, throughout James’ free agency, and there is mutual interest.","Source: [https://www.nytimes.com/athletic/7468907/2026/07/24/cavaliers-jonathan-kuminga-free-agency/?unlocked\_article\_code=1.0FA.\_Fah.bSHzsaw0FH9Z&source=user\_shared\_article&smid=ta-ios-share](https://www.nytimes.com/athletic/7468907/2026/07/24/cavaliers-jonathan-kuminga-free-agency/?unlocked_article_code=1.0FA._Fah.bSHzsaw0FH9Z&source=user_shared_article&smid=ta-ios-share)

After the Cleveland Cavaliers missed out on another LeBron James Reunion Tour, they could turn their attention toward free-agent forward Jonathan Kuminga.

Cavs officials maintained contact with Kuminga and his Cleveland-based agent, Aaron Turner, throughout James’ free agency, and there is mutual interest, multiple league sources told *The Athletic*. They spoke on the condition of anonymity to discuss internal team and player deliberations.

“Jonathan likes the Cavs, likes (coach) Kenny Atkinson, and (star) Donovan Mitchell likes him,” Turner, Kuminga’s agent, said in a brief interview. Turner said Kuminga is fond of Cleveland generally and spent two months training there last summer.

Kuminga has a relationship with Atkinson from when the coach was an assistant under Steve Kerr at Golden State. While both sides confirmed interest, it is unclear which avenue the Cavs might take to acquire Kuminga if they decide on that path.

As most NBA fans know, salary cap rules are confusing. Basically, Cleveland could comfortably offer Kuminga roughly $6 million this season — the same amount the Cavs would have likely given James. Theoretically, the Cavs could offer Kuminga $15 million under an exception to the salary cap, but doing so would greatly reduce the amount they could pay unsigned veteran star James Harden.",114,84,/r/nba/comments/1v5q6sx/vardon_after_the_cleveland_cavaliers_missed_out/,2026-07-24
1v5q9ml,nba,1784932304,"[Vardon] After the Cleveland Cavaliers missed out on LeBron James, they could turn their attention toward Jonathan Kuminga. Cavs officials maintained contact with Kuminga and his agent throughout James’ free agency at and there is mutual interest, multiple league sources told The Athletic.","After the Cleveland Cavaliers missed out on another LeBron James Reunion Tour, they could turn their attention toward free-agent forward Jonathan Kuminga.  

Cavs officials maintained contact with Kuminga and his Cleveland-based agent, Aaron Turner, throughout James’ free agency, and there is mutual interest, multiple league sources told The Athletic. They spoke on the condition of anonymity to discuss internal team and player deliberations.

https://www.nytimes.com/athletic/7468907/2026/07/24/cavaliers-jonathan-kuminga-free-agency/?unlocked\_article\_code=1.0FA.wR6i.ef-mvmk9-l4D&source=user\_shared\_article&smid=ta-ios-share",69,37,/r/nba/comments/1v5q9ml/vardon_after_the_cleveland_cavaliers_missed_out/,2026-07-24
1v5qblz,nba,1784932429,Is Lebron James on 8 Million for 2 years the best contract in the history of the league?,,1,1,/r/nba/comments/1v5qblz/is_lebron_james_on_8_million_for_2_years_the_best/,2026-07-24
1v5qc8r,nba,1784932471,Lebron James makes gutless decision to ring chase in Philly,,0,22,/r/nba/comments/1v5qc8r/lebron_james_makes_gutless_decision_to_ring_chase/,2026-07-24
1v5qlac,nba,1784933099,"The POTUS, when asked today whether he considers LeBron James or Michael Jordan to be the greatest player in NBA history: ""I think LeBron is… maybe he’s a racist, maybe he doesn’t like me. I don’t know, but I only like people that like me. So I would say Michael Jordan all the way.""",,1,1,/r/nba/comments/1v5qlac/the_potus_when_asked_today_whether_he_considers/,2026-07-24
1v5g5sy,nba,1784910222,ChatGPTs take on Lebron to the 76ers,,1,1,/r/nba/comments/1v5g5sy/chatgpts_take_on_lebron_to_the_76ers/,2026-07-24
1v5qnae,nba,1784933240,Is this Lebron's most stacked team?,"Lebron - no need for introduction

Embiid - perennial MVP contender and former MVP just a couple years ago, multiple all nba allstar alldefensive and two time scoring champ.

Brown - former finals MVP and 1b player in a title run just a couple years ago. Multiple allstar and allnba.

Maxey - multiple current allstar and allnba. Averaging almost 30ppg, he is a full fledged superstar.

VJ Edgecombe - one of the top rpospects in the league.

Anfernee Simmons - great roleplayer and scoring option off the bench, averaging 15-20ppg for 6 years in a row now.

  
A bunch of good prospects and roleplayers.",0,125,/r/nba/comments/1v5qnae/is_this_lebrons_most_stacked_team/,2026-07-24
1v5qnbz,nba,1784933243,"The POTUS, when asked today whether he considers LeBron James or Michael Jordan to be the greatest player in NBA history: ""I think LeBron is… maybe he’s a racist, maybe he doesn’t like me. I don’t know, but I only like people that like me. So I would say Michael Jordan all the way.""",,2980,944,/r/nba/comments/1v5qnbz/the_potus_when_asked_today_whether_he_considers/,2026-07-24
1v5qom8,nba,1784933338,Did Lebron choose Philly because V. J. Edgecombe is the son he always wanted?,"It's a known fact that Savannah's uncharismatic and unathletic genes have taken over Lebron's gene pool. Does Lebron see himself in an athletic, charismatic VJ, which ultimately tipped the decision?",0,43,/r/nba/comments/1v5qom8/did_lebron_choose_philly_because_v_j_edgecombe_is/,2026-07-24
1v5qvme,nba,1784933823,"In 2018 Colin Cowherd said “Hey Lebron, we’re good. Ben Simmons is here.” 8 years later LeBron is on the team Ben Simmons played for.","Back in 2018 as everyone knows this famous horrible take. I find it funny that 8 years later, LeBron is the person who’s going to Philly and it makes them the top of the east.

I do hope Ben enjoys his fishing though, and doesn’t have a nagging back issue anymore.

Edit: Towards to top of the east. Not the best team in the east.",756,47,/r/nba/comments/1v5qvme/in_2018_colin_cowherd_said_hey_lebron_were_good/,2026-07-24
1v5rmbc,nba,1784935700,LeBron oh again LeBron,"Edited: alright guess I’m wrong, only lakers fans are fuming then, one moment they’re “off my team at last” and then now…

Original post:  
Let’s be real…

~~We~~ **some folks** would’ve been mad regardless of what he chose, and it’s less about his choice and more about how fans already perceive him prior to it

1. He signs for the max somewhere = he don’t deserve it, no ambition, Mr Hollywood here to make movies and hire his podcaster coach friend (who turned out good?)
2. He takes a pay cut = ring chasing AND manipulating the market to team up with a star, classic
3. He stayed on the Lakers = holding the team back
4. He leaves the Lakers = why couldn’t he do it for us and sacrifice his salary for role players? Our other stars don’t need to take pay cuts, only LeBron!

There’s no version of this where he wins and honestly that’s kind of funny at this point. It was never really about the actual decision. People already decided what they think of him years ago and every move just gets bent to fit whatever narrative they already had.

Also gotta bring up the Laker fans real quick. I get it, it’s like seeing your ex find someone else, but your logic is to say “damn I should’ve given my ex even less the last 8 years so she would’ve stayed,” like are y’all even hearing yourselves? I don’t think any Laker fans would’ve or would expect Luka or Reaves to take a pay cut to improve the team someday…

Anyway, we shall see. Till then, LeBron is still clearly the most polarizing player and perhaps athlete in the world ever, and people unironically prove it by trying to argue how he isn’t polarizing

Other polarising athletes are like that too, fan brigade and hate brigade are equally strong, Messi, Ronaldo, Djokovic, Hamilton, Verstappen, Brady ",0,122,/r/nba/comments/1v5rmbc/lebron_oh_again_lebron/,2026-07-24
1v5rpqj,nba,1784935939,LeBron and 76ers VS Father time and Injuries,,1,1,/r/nba/comments/1v5rpqj/lebron_and_76ers_vs_father_time_and_injuries/,2026-07-24
1v5hvwv,nba,1784913860,"Hey Ben Simmons, We're Good, Lebron is Here.",,1,1,/r/nba/comments/1v5hvwv/hey_ben_simmons_were_good_lebron_is_here/,2026-07-24
1v5hxfn,nbadiscussion,1784913945,LeBron in Philadelphia,[removed],1,2,/r/nbadiscussion/comments/1v5hxfn/lebron_in_philadelphia/,2026-07-24
1v5hu7l,nba,1784913763,"If LeBron had just signed with the 76ers in 2018 to begin with, he have had more success there than with the Lakers the past eight seasons?",[removed],1,0,/r/nba/comments/1v5hu7l/if_lebron_had_just_signed_with_the_76ers_in_2018/,2026-07-24
1v5hqil,nba,1784913550,LeBron doing a reverse Fresh Prince - from Bel-Air to West Philadelphia,"Do you think LeBron was inspired by the Fresh Prince?
Make sense to me as he was an 80s/90s kid, and possibly a good friend of Will Smith.",93,22,/r/nba/comments/1v5hqil/lebron_doing_a_reverse_fresh_prince_from_belair/,2026-07-24
1v5hbg3,nba,1784912685,Does LeBron like competition ?,in a league looking for parity with the apron lebron undercuts a deal way below his value . he is taking 4 million a year on his new deal to form a super team. what if other stars in the league started doing this would people be against it ?,0,138,/r/nba/comments/1v5hbg3/does_lebron_like_competition/,2026-07-24
1v5h48i,nba,1784912275,Which LeBron Decision do you think was the most surprising or left the most impact on the league?,"\- 2003: Drafted to the Cavs  
\- 2010: The first “Decision” the join the Heat   
\- 2014: The second “Decision” to return to Cleveland   
\- 2018: The third “Decision” to sign with the Lakers  
\- 2026: The fourth and final “Decision” to sign with the 76ers ",0,19,/r/nba/comments/1v5h48i/which_lebron_decision_do_you_think_was_the_most/,2026-07-24
1v5f2zb,nba,1784907920,LeBron End Career As A 🍆🚴‍♂️,Like how do you not choose the end ya career at home to da team dat drafted you. Ending your career as a follower is crazy,0,11,/r/nba/comments/1v5f2zb/lebron_end_career_as_a/,2026-07-24
1v5rlwa,sixers,1784935667,OFFICIAL r/sixers LEBRON APOLOGY FORM,"Forgive me lads for ever doubting!

Philadelphia 76ers Fan Repentance & Accountability Department

# Statement of Contrition

I, rabbitohvon, do hereby admit that I confidently, repeatedly, and often sarcastically informed fellow members of r/sixers that:

☐ LeBron James was never coming to Philadelphia.

☐ Anyone suggesting it was ""coping.""

☐ The salary cap made it impossible (I definitely understood the CBA).

☐ ""This is why nobody takes this sub seriously.""

☐ ""Delete your account.""

☐ Other: \_\_\_\_\_\_\_\_\_\_\_\_\_\_\_\_\_\_\_\_\_\_\_\_\_\_\_\_\_\_\_\_\_\_\_\_\_\_\_\_\_\_\_\_

I now acknowledge that my takes have aged like unrefrigerated milk.

# My Crimes

Please tick all that apply:

☐ I called someone delusional.

☐ I used the phrase ""zero chance.""

☐ I posted a laughing emoji.

☐ I quoted Bobby Marks as if it were Scripture.

☐ I reminded everyone that LeBron wanted to play with Bronny, as if nobody else had thought of that.

☐ I declared ""I'll eat my hat if this happens.""

☐ I have since quietly deleted comments.

☐ I pretended I was ""just trolling.""

# Acceptance of Reality

I now solemnly accept that:

☐ NBA rumours are powered by chaos, not logic.

☐ Daryl Morey may operate in dimensions beyond my comprehension.

☐ I should never underestimate LeBron's ability to rewrite the league.

☐ Receipts are forever.

☐ The internet never forgets.

# Punishment Requested

I voluntarily accept the following consequences:

☐ Being linked to my old comments every game thread.

☐ Mandatory viewing of every ""Sources: 👀"" tweet without complaint.

☐ Having ""Basketball Terrorist"" as my unofficial flair.

☐ One full season of replying only with ""Fair call, I was wrong.""

☐ Lifetime ban from using the phrase ""book it.""

# Final Declaration

I understand that no amount of editing, deleting, or claiming I was ""being ironic"" can erase the screenshots.

I respectfully ask the fine people of r/sixers for forgiveness, while reserving the right to immediately become unbearably smug the next time I happen to be correct.

Signed:

Date: \_\_\_\_\_\_\_\_\_\_\_\_\_\_\_\_\_\_\_\_\_\_\_\_\_

Witnessed by:

☐ Daryl Morey

☐ Rich Paul

☐ Adam Silver

☐ The poor bloke I told to ""touch grass"" for suggesting LeBron might actually come.",16,4,/r/sixers/comments/1v5rlwa/official_rsixers_lebron_apology_form/,2026-07-24
1v5f169,nba,1784907816,This guy accurately predicts LeBron going to Philly 16 days ago...,"Fucking crazy man, lets revisit this post

https://www.reddit.com/r/NBATalk/s/C5mIe5Z0zR

This guy accurately predicts the move",1,11,/r/nba/comments/1v5f169/this_guy_accurately_predicts_lebron_going_to/,2026-07-24
1v5ikhk,sixers,1784915312,A warning for Lebron,If youre lurking on here... do not claim the free honey grow offer. It gave me food poisoning so bad I had to go to the hospital. We want to see you play 82 games this season.,21,7,/r/sixers/comments/1v5ikhk/a_warning_for_lebron/,2026-07-24
1v5ir3u,sixers,1784915701,LeBron's next decision: Cameo on It's Always Sunny or Abbott Elementary first?,Guessing Abbott,17,2,/r/sixers/comments/1v5ir3u/lebrons_next_decision_cameo_on_its_always_sunny/,2026-07-24
1v5iuxq,sixers,1784915927,Lebron signing maybe a sign?,"Maybe it’s just me being hope, optimistic, naive, delusional, whatever you wanna call it.

I’d like to think that Lebron wouldn’t take a 2 year $8mil deal with us if he didn’t believe Embiid would be healthy enough to get through. He has made it clear this is about winning.

Is this a sign that Embiid has finally figured it out and has his health in good standing for once?

Or is it simply the Sixers and LeBron think they can get something done with the talent they have even if Embiid has another short year?",4,21,/r/sixers/comments/1v5iuxq/lebron_signing_maybe_a_sign/,2026-07-24
1v5ivwn,sixers,1784915985,I’m the biggest skeptic with the Lebron sweepstakes but this feels like something.,,5,4,/r/sixers/comments/1v5ivwn/im_the_biggest_skeptic_with_the_lebron/,2026-07-24
1v5ixg3,sixers,1784916062,I had a dream I was with LeBron last night,"So I have the craziest, strangest dreams that I've mentally categorized that from good to the worst kinds someone can't even imagine and make up. Just recently, I've been in lectures where us students are studying the prophets of the old testament, more apocalyptic society dreams (where the streamer theburntpeanut was there too), monstrous beings wiping out villages as they were fighting each other. 

\*More importantly, last night I had a dream that I was with lebron on a boat with him cruising on the ocean with a couple others on the boat. He was driving the boat. I was sitting in the back. He asked me how I was doing. I said I was enjoying the ride. I find out today as I'm working through my family who texted me saying he signed with our favorite team, the 76ers..

No word on if the process is to be completed..",4,2,/r/sixers/comments/1v5ixg3/i_had_a_dream_i_was_with_lebron_last_night/,2026-07-24
1v5j23k,sixers,1784916336,"LeBron fan here, welp fellas it’s nice meeting yall. I just cleaned out my Lakers office and brought all my LeBronings from there to the Philly office. We gonna get that ring 😌🤝",,1,1,/r/sixers/comments/1v5j23k/lebron_fan_here_welp_fellas_its_nice_meeting_yall/,2026-07-24
1v5j5ep,sixers,1784916523,"[Highlight] LeBron dismantling the Rockets in last season's playoffs, without Luka and Reaves",,3,1,/r/sixers/comments/1v5j5ep/highlight_lebron_dismantling_the_rockets_in_last/,2026-07-24
1v5j7ch,sixers,1784916638,"[Sidery] Kentavious Caldwell-Pope is expected to soon reach a buyout with the Grizzlies, and he could follow LeBron James to the Sixers. Philadelphia plans to add one or two more bench pieces at veteran’s minimum deals to further solidify their title aspirations.",,41,17,/r/sixers/comments/1v5j7ch/sidery_kentavious_caldwellpope_is_expected_to/,2026-07-24
1v5jbwf,sixers,1784916900,LeBron James is a Sixer - the reveal,,1,0,/r/sixers/comments/1v5jbwf/lebron_james_is_a_sixer_the_reveal/,2026-07-24
1v5jcjt,sixers,1784916937,LeBron James signs to the Philadelphia 76er😱🏀,,1,1,/r/sixers/comments/1v5jcjt/lebron_james_signs_to_the_philadelphia_76er/,2026-07-24
1v5jesw,sixers,1784917068,Welcome to Philly LeBron!,Another icon added to the group.,10,2,/r/sixers/comments/1v5jesw/welcome_to_philly_lebron/,2026-07-24
1v5jf5y,sixers,1784917089,"[Highlight] LeBron dismantles the Rockets in G6, with no Luka and injured Reaves",,19,3,/r/sixers/comments/1v5jf5y/highlight_lebron_dismantles_the_rockets_in_g6/,2026-07-24
1v5ji8g,sixers,1784917276,Wildwood already welcoming LeBron with an aerial banner,,12,3,/r/sixers/comments/1v5ji8g/wildwood_already_welcoming_lebron_with_an_aerial/,2026-07-24
1v5jiw1,sixers,1784917314,Lebron fans,"Ummm are we welcome?

We are so glad we left the Lakers, the community back there were so toxic and full of crybabies.

I can never forget their disrespect to Lebron after signing Doncic like they are glad to have a real generational talent. Yeahhh take that talk when your Luka is down in the playoffs again.

Availability is always guaranteed in Lebron ESPECIALLY in Playoffs.",59,59,/r/sixers/comments/1v5jiw1/lebron_fans/,2026-07-24
1v5jjfi,sixers,1784917341,LEBRON JAMES 2025-2026 HIGHLIGHTS- SIXER!,This man still has it. He's at worst an all star caliber player- signed for the minimum!,5,0,/r/sixers/comments/1v5jjfi/lebron_james_20252026_highlights_sixer/,2026-07-24
1v5jr38,sixers,1784917804,LeBron crossing the Delaware,,945,19,/r/sixers/comments/1v5jr38/lebron_crossing_the_delaware/,2026-07-24
1v5jvl9,sixers,1784918072,"[Jones] Joel Embiid was a heavy figure in LeBron's recruitment, and that recruitment lasted throughout the process.",,19,9,/r/sixers/comments/1v5jvl9/jones_joel_embiid_was_a_heavy_figure_in_lebrons/,2026-07-24
1v5ii1e,sixers,1784915173,LeBron James: “I didn’t want to be Michael Jordan or Magic Johnson. I wanted to be Allen Iverson”,This article coming full circle now. Also read somewhere else Dr J was one of his favorite growing up also.,42,1,/r/sixers/comments/1v5ii1e/lebron_james_i_didnt_want_to_be_michael_jordan_or/,2026-07-24
1v5jzdd,sixers,1784918307,Sixers Get LeBron Before we Got GTA 6.,Trust The Process indeed!,8,1,/r/sixers/comments/1v5jzdd/sixers_get_lebron_before_we_got_gta_6/,2026-07-24
1v5idy4,sixers,1784914929,"[REPORT] Kentavious Caldwell-Pope is expected to soon reach a buyout with the Grizzlies, and he could follow LeBron James to the Sixers.","Kentavious Caldwell-Pope is expected to soon reach a buyout with the Grizzlies, and he could follow LeBron James to the Sixers.  
  
Philadelphia plans to add one or two more bench pieces at veteran’s minimum deals to further solidify their title aspirations.

  
Reported by Evan Sidery who is pretty reputable as far as NBA twitter is concerned. 

  
Would be interesting. Sixers can waive Dalen Terry and fit another Minimum. Johni Broome can be traded as well and 1 more piece would have to be moved to fit a 2nd minimum i believe. ",23,33,/r/sixers/comments/1v5idy4/report_kentavious_caldwellpope_is_expected_to/,2026-07-24
1v5i79b,sixers,1784914526,Supporting Philly for my glorious goat Lebron,Bandwagon fan incoming ,4,3,/r/sixers/comments/1v5i79b/supporting_philly_for_my_glorious_goat_lebron/,2026-07-24
1v5gh40,sixers,1784910889,Came here with Lebron,What’s up Philly!!!,32,21,/r/sixers/comments/1v5gh40/came_here_with_lebron/,2026-07-24
1v5gne2,sixers,1784911275,From a Lifelong LeBron Fan… This Feels Right,"First off, I gotta say I’m a LeBron fan before anything else. And out of every team in the league, Philly was always the one I hoped he’d end up with if he ever left.

I’m not even gonna lie—I was sick when he chose the Lakers. Then we spent years listening to people who couldn’t go two seconds without turning everything into Kobe vs. LeBron instead of just appreciating what they were watching. As a Bron fan, that got exhausting.

But this? This just feels right.

And what’s crazy is this is kind of the perfect landing spot for me anyway. I’ve been a Jaylen Brown defender for YEARS. I’ve been saying he was underrated and living in Tatum’s shadow long before it became a popular take. Call me a JB apologist if you want.

On top of that, I absolutely love VJ Edgecombe. I was already planning on watching a ton of Sixers games because of him.

So this isn’t just me following LeBron. I already had reasons to be invested in this team.

I just hope y’all treat us Bron fans well enough that after Bron retires, I can still call Philly home. I’d love for this to be my team going forward.

TRUST THE MFN PROCESS",33,14,/r/sixers/comments/1v5gne2/from_a_lifelong_lebron_fan_this_feels_right/,2026-07-24
1v5go7x,sixers,1784911327,Lebron to Sixers broke twitter 331K Posts about it IN JUST 60 minutes!,Holy SHIT 340k NOW!,34,4,/r/sixers/comments/1v5go7x/lebron_to_sixers_broke_twitter_331k_posts_about/,2026-07-24
1v5gook,sixers,1784911354,Lebron can allow Embiid to come off the bench,"I still can’t believe it. But while I was imagining and lamenting the 10 games we would have Embiid-Lebron-Brown-VJ-Maxey together, something clicked. What if Embiid just came off the bench instead?

In the playoffs, the rotation can change. But letting Embiid come off the bench during the season might rest his knees better, allow VJ to grow as a 4th and future 3rd option and make the bench significantly better.

Rotation can look something like this:

Hukporti/Bona-Embiid-Barlow  
Lebron-Wade-Barlow  
Brown-Wade-Edwards  
VJ- Simons-Edwards  
Maxey-Philon

What do you think?",0,23,/r/sixers/comments/1v5gook/lebron_can_allow_embiid_to_come_off_the_bench/,2026-07-24
1v5gxd2,sixers,1784911871,LEBRON IS A SIXER!!!!,,1,0,/r/sixers/comments/1v5gxd2/lebron_is_a_sixer/,2026-07-24
1v5gxp7,sixers,1784911891,Lebron James is going to his 11th NBA FINAL,,1,0,/r/sixers/comments/1v5gxp7/lebron_james_is_going_to_his_11th_nba_final/,2026-07-24
1v5h5qv,sixers,1784912360,We now have a LeBron James day on July 24th in the State of Pennsylvania.,,30,0,/r/sixers/comments/1v5h5qv/we_now_have_a_lebron_james_day_on_july_24th_in/,2026-07-24
1v5h8v5,sixers,1784912528,"Fun Fact: IF LeBron James is wearing #23 on the Sixers, it will not be the first time the Sixers had a player whose last name is James wearing that number.",[removed],1,0,/r/sixers/comments/1v5h8v5/fun_fact_if_lebron_james_is_wearing_23_on_the/,2026-07-24
1v5hcow,sixers,1784912758,D. Wade to LeBron 2027,"As a lifelong Cavs fan, I hope you’ll enjoy this. ",143,5,/r/sixers/comments/1v5hcow/d_wade_to_lebron_2027/,2026-07-24
1v5hi01,sixers,1784913067,Jayson Tatum seeing that Jaylen Brown gets to play with LeBron/Maxey/Embiid while he's stuck with Paul George Payton Pritchard and Hugo Gonzalez,,41,8,/r/sixers/comments/1v5hi01/jayson_tatum_seeing_that_jaylen_brown_gets_to/,2026-07-24
1v5hnnm,sixers,1784913383,Interesting details on LeBron's decision,"Windhorst just mentioned that while over the last 5 days the Sixers didnt necessarily think they were the favorite, Lebron kept reaching out to the Sixers players and having conversations. Shams said that this decision came down to the sixers players convincing him that its all about winning. 

  
I think its clear lebron was looking for assurance that this could work and the players have a preliminary understanding of the pecking order and how this is going to play out. Obviously there is 1 ball and everyone's scoring will go down from last season , but most likely at least 1 player will see a pretty big dip in shot attempts similar to Chris Bosh and Kevin Love. 

My guess is that because of health that player will be Embiid. With less touches he will fall down less and hopefully get banged up less. I think embiid is tired of not winning , he has nothing to prove as a scorer anymore. He will have his games , but getting to april healthy is the top priority.",80,33,/r/sixers/comments/1v5hnnm/interesting_details_on_lebrons_decision/,2026-07-24
1v5hp91,sixers,1784913478,The 76ers are about to sell a billion dollars worth of LeBron jerseys,That’s it. That’s the post. ,22,6,/r/sixers/comments/1v5hp91/the_76ers_are_about_to_sell_a_billion_dollars/,2026-07-24
1v5htkj,sixers,1784913727,"101 GUIDE TO PHILADELPHIA - For LeBron Fans (History Of ""The Process"")","1) ""Trust The Process"" is the whole concept of continuously tanking and accumulating draft assets to eventually stack the roster, rather than get stuck in mediocrity as a 6-10th seed.  When criticized for tearing down the team and hoarding draft picks instead of acquiring established players, GM Hinkie famously said: *""Some would have us go out and buy apples. But we want to build the whole orchard.""*   


  
2) ""The Process"" started with Sam Hinkie, who has a 90% approval rating here. Slandering him in any way is blasphemy. He was forced out of the NBA by Silver (who we all hate) because they whined about the Sixers exploiting the rules to run the Process. So it never really got ""completed"". A successful implementation of The Process is the current OKC team basically.

  
3) Colangelo was our GM after Hinkie, forced upon by his father who lead the ""GM search"" process. He fucking sucks and 99% of our fanbase hates him. He was caught having burner accounts where he openly shat on Embiid and propped up his own #1 draft pick (Ben Simmons). We make fun of his large collars on his suits that he defended in his burner accounts.

  
4) One of our first round picks (Zhaire Smith) almost died of a peanut allergy right after getting drafted. We also traded the first round pick (Mikal Bridges) to get Zhaire. PErfect example of how random terrible shit happens to us and why our fanbase is so fucking miserable.

  
5) ""Nobody likes Philadelphia"" [https://www.youtube.com/watch?v=-fHDgvwFYp8](https://www.youtube.com/watch?v=-fHDgvwFYp8) 

  
6) We hate our own team and players better than any other fanbase can hate on our players.

  
7) Philadelphia is notorous for hating on losers with shit and/or lazy attitude. Ben Simmons. James Harden. And for that reason we love the opposite, aka the 10 day Corey Brewer experience - [https://www.youtube.com/watch?v=u9n6NcOIcvU](https://www.youtube.com/watch?v=u9n6NcOIcvU)

  
8) Rights To Ricky Sanchez and PHLY Sixers are the two main media outlets to follow. Derek Bodner has a 90%+ approval rating here and is one of the best sports analysts in the NBA. When you hear about the crazy stories of Sixers fandom/cult, a lot of that is RTRS because they do crazy shit like fly out to away team games every year, take up a big section of the stadium. and chant random ass cheers. Lakers have the biggest NBA fanbase. Philly has the most hardcore.

  
9) Neither Pat nor Geno's has the best Philly cheesesteak.

  
10) Fultz got into a motor vehicle accident (never officially acknowledged but we all know it's true) after getting drafted #1, and that + the yips forever messed up his career and mental. His mom was crazy and set up security cameras inside his house and his trainer (who was dating his mom) had him do stupid drills like shoot while sitting down which probably made his shoulder/yips worse. But we traded Fultz for a first rounder which was likely never going to convey (which we call a fake first rounder) until Mike Muscala (former Sixer during the Process years) hit a meaningless game winner in the bubble to enable the pick to convey, which became Tyrese Maxey. Incredible lore.

  
11) Maxey has the most infectious smile/personality of probably LeBron's whole career, which is why he got the \* next to his name on the whiteboard. Dude's motto is getting 1% better every day, and is an absolute force of positivity and good vibes (not in a distracting stupid Dwight Howard way, but in a mature good work ethic way). 



12) Dario Saric spent a year overseas after we drafted him, hence the joke that he's never coming over to the NBA. When Hinkie was fired he wrote a manifesto with a long-ass section on Robert Covington. Mike Scott famously in an interview said ""we ain't no bitches"". Jimmy Butler wore a cool Ninja Turtles headband with several players until the NBA banned it. These past players all have 90%+ approval ratings here so no shitting on them. 



13) Embiid's ups and downs mirror the emotions of this fanbase. His health and journey will be the deciding factor if LeBron wins a ring here or not. This article sums up a lot of Joel's complicated relationship with the city. [https://www.espn.com/nba/story/\_/id/45747447/joel-embiid-philadelphia-76ers-star-sees-you](https://www.espn.com/nba/story/_/id/45747447/joel-embiid-philadelphia-76ers-star-sees-you) in a way, Joel is Rocky still mid-journey without the happy ending yet, and LeBron could be that happy ending. You should probably watch the movie ""Rocky"" as it's Philadelphia in a movie. 

  
There's more but this is a start.",198,66,/r/sixers/comments/1v5htkj/101_guide_to_philadelphia_for_lebron_fans_history/,2026-07-24
1v5hvyc,sixers,1784913862,[Charania] LeBron did not have Philadelphia on his radar until the Jaylen Brown trade. The Boston Celtics effectively gave them both with the trade,,653,61,/r/sixers/comments/1v5hvyc/charania_lebron_did_not_have_philadelphia_on_his/,2026-07-24
1v5hwtw,sixers,1784913911,"LeBron on Maxey, and Philadelphia fans, few months ago",,23,0,/r/sixers/comments/1v5hwtw/lebron_on_maxey_and_philadelphia_fans_few_months/,2026-07-24
1v5hzxj,sixers,1784914090,Lebron's fans joining the Sixers sub.,,23,8,/r/sixers/comments/1v5hzxj/lebrons_fans_joining_the_sixers_sub/,2026-07-24
1v5i2tn,sixers,1784914264,We really got D Wade and LeBron on the sixers,,1,1,/r/sixers/comments/1v5i2tn/we_really_got_d_wade_and_lebron_on_the_sixers/,2026-07-24
1v5i980,sixers,1784914646,"LeBron came here on a minimum contract to help us win a championship, time to brigade Space Jam: A New Legacy with 10 stars reviews on IMDB, this masterpiece of a film deserves to be in the IMDB top-250",,15,2,/r/sixers/comments/1v5i980/lebron_came_here_on_a_minimum_contract_to_help_us/,2026-07-24
1v5gcib,sixers,1784910623,New To This Sub. I hope Lebron will be treated better here than the way Lakers fan has treated him over there.,[removed],1,0,/r/sixers/comments/1v5gcib/new_to_this_sub_i_hope_lebron_will_be_treated/,2026-07-24
1v5k07o,sixers,1784918361,LEBRON FANS HAVE LANDED😤😈🤝,,1,1,/r/sixers/comments/1v5k07o/lebron_fans_have_landed/,2026-07-24
1v5k5z9,sixers,1784918711,"[Shelburne] As for the impact of LeBron James’ decision on his son Bronny James, Rich Paul, the agent for both tells ESPN that ""they are not a package deal"" and there's no current plan or request for Bronny Janes to join his father in Philly.",,1,0,/r/sixers/comments/1v5k5z9/shelburne_as_for_the_impact_of_lebron_james/,2026-07-24
1v5oj2n,sixers,1784928219,What people are missing about LeBron,"So excited for LeBron to play in Philly. Lots of love to all of the Bronsexuals we accept all walks of life here in the city of Brotherly Love.

From a basketball standpoint this team is stupendous. The thing that people are missing about this is the added distress this causes to the Boston Fanbase. We broke them. They went up 3-1 and it resulted in us getting their best player and the Goat.

My message to the nomadic Bronsexuals: Welcome to Philly, there’s a lot of ups and downs but it’s a great time. Never stop believing in the Process. And last but not least, F the Celtics

LeProcess LISSAN Al EMBIID",18,8,/r/sixers/comments/1v5oj2n/what_people_are_missing_about_lebron/,2026-07-24
1v5oklr,sixers,1784928313,"New family, long-time LeBron fan here",[removed],1,1,/r/sixers/comments/1v5oklr/new_family_longtime_lebron_fan_here/,2026-07-24
1v5olr7,sixers,1784928385,"[ohnohedidnt24] Interesting tidbit here from Shams: ""The only coach that LeBron James spoke to during this 3 week long process was Sixers head coach Nick Nurse""",,336,40,/r/sixers/comments/1v5olr7/ohnohedidnt24_interesting_tidbit_here_from_shams/,2026-07-24
1v5om0c,sixers,1784928400,[video] LeBron James releases video package announcing his move to the Philadelphia 76ers,,1,0,/r/sixers/comments/1v5om0c/video_lebron_james_releases_video_package/,2026-07-24
1v5op5c,sixers,1784928589,To all the LeBron fans now rooting for Philly...,"... the City of Brotherly Love welcomes you all.

Prepare to be loved and hated as only family can do.

In the words of my Phillyest Uncle, ""Hey fuck you! Now bring it in, gimme a hug.""",36,2,/r/sixers/comments/1v5op5c/to_all_the_lebron_fans_now_rooting_for_philly/,2026-07-24
1v5ppgk,sixers,1784930943,The Lebron Embiid connection is great and clutch.,,1,0,/r/sixers/comments/1v5ppgk/the_lebron_embiid_connection_is_great_and_clutch/,2026-07-24
1v5ptm5,sixers,1784931223,Debate is finally over. LeBron > MJ,,110,19,/r/sixers/comments/1v5ptm5/debate_is_finally_over_lebron_mj/,2026-07-24
1v5q1jb,sixers,1784931761,[Charania] The only coach that LeBron James spoke to during this 3-week-long process was Sixers head coach Nick Nurse.,,13,1,/r/sixers/comments/1v5q1jb/charania_the_only_coach_that_lebron_james_spoke/,2026-07-24
1v5q2hr,sixers,1784931823,"LeBron to the 76ers: Grade, reaction, winners",,5,0,/r/sixers/comments/1v5q2hr/lebron_to_the_76ers_grade_reaction_winners/,2026-07-24
1v5q9gh,sixers,1784932292,Apparently The Sixers do not have the cap space yet to sign lebron yet.,"If a player signs a 1 year vet minimum only 2.4m counts against the cap but because Bron is getting a 2 year deal the full amount counts. Meaning we need to free up 600k. 

Dalen Terry will be waived when lebron actually lands in philly. Leaving them with $1.9m

The sixers want to add another Vet minimum player based on reports which means The Sixers will have to either Waive Walker or Trade Summer League Superstar Johni Broome into cap space. ",0,21,/r/sixers/comments/1v5q9gh/apparently_the_sixers_do_not_have_the_cap_space/,2026-07-24
1v5qqg6,sixers,1784933460,Hey Ben Simmons we're good LeBron is here.,[removed],1,1,/r/sixers/comments/1v5qqg6/hey_ben_simmons_were_good_lebron_is_here/,2026-07-24
1v5re16,sixers,1784935094,Time to do another version of this cover with LeBron & JB,Apologies for the Tobias & Ben jumpscare 😅,28,8,/r/sixers/comments/1v5re16/time_to_do_another_version_of_this_cover_with/,2026-07-24
1v5rgy7,sixers,1784935311,Embiid is going to get injured (again) a couple games into the season and will have done nothing but wasted LeBron's last years,Apparently everybody but Bron knows this is going to happen. Hate to see it. ,0,35,/r/sixers/comments/1v5rgy7/embiid_is_going_to_get_injured_again_a_couple/,2026-07-24
1v5rii7,sixers,1784935426,I assume Tyrese Martin will change his number to have LeBron get 23. What will he change it to?,,6,15,/r/sixers/comments/1v5rii7/i_assume_tyrese_martin_will_change_his_number_to/,2026-07-24
1v5riid,sixers,1784935426,LeBron is doing things we have NEVER seen…,,2,0,/r/sixers/comments/1v5riid/lebron_is_doing_things_we_have_never_seen/,2026-07-24
1v5rl7x,sixers,1784935619,the first thing LeBron James sees when he lands in Philly,[removed],1,0,/r/sixers/comments/1v5rl7x/the_first_thing_lebron_james_sees_when_he_lands/,2026-07-24
1v5rlq8,sixers,1784935655,the first thing LeBron James sees when he lands in Philly,,62,2,/r/sixers/comments/1v5rlq8/the_first_thing_lebron_james_sees_when_he_lands/,2026-07-24
1v5nuvf,sixers,1784926725,How it feels to be here after the LeBron news,"New fan, really enjoyed the playoff run last season. The “we want Boston” chants rang loud in our house.

Someone on this sub said, “remember we went through hell and back to get here.” Will do my best to appreciate that.",133,21,/r/sixers/comments/1v5nuvf/how_it_feels_to_be_here_after_the_lebron_news/,2026-07-24
1v5k0v8,sixers,1784918401,"[Shelburne] As for the impact of LeBron James’ decision on his son Bronny James, Rich Paul, the agent for both tells ESPN that ""they are not a package deal"" and there's no current plan or request for Bronny Janes to join his father in Philly.",,9,6,/r/sixers/comments/1v5k0v8/shelburne_as_for_the_impact_of_lebron_james/,2026-07-24
1v5nt7e,sixers,1784926625,"LeBron James vs 76ers Dec 7, 2025 Full Play",,2,0,/r/sixers/comments/1v5nt7e/lebron_james_vs_76ers_dec_7_2025_full_play/,2026-07-24
1v5nm08,sixers,1784926177,He's picked a side in the LeBron-Jordan debate,[deleted],0,1,/r/sixers/comments/1v5nm08/hes_picked_a_side_in_the_lebronjordan_debate/,2026-07-24
1v5k73z,sixers,1784918778,This has always been my favorite LeBron moment.  It's way better now,"2018 LeBron against the Celtics where he just went full Psycho on the Celtics.  I remember this bucket so clearly...there was like a minute to go to and LeBron made this crazy layup to clinch the series and he screamed at the crowd afterwards.  You’ve got Philly’s own Marcus Morris doing everything possible to drag him down, while future Sixers legend JB can’t quite get there for the block.",2,0,/r/sixers/comments/1v5k73z/this_has_always_been_my_favorite_lebron_moment/,2026-07-24
1v5kfax,sixers,1784919257,Is anyone else disappointed with LeBron's arrival?,"LeBron James is an amazing, all time great, who will thrive in a perfect Swiss army knife role for us. To have a hall of famer as a 4th option who could still put up 20ppg if needed, but likely will get 13, 7 and 7 is a basketball gift.    

And...I just feel like its so unearned. Ive never liked ring chasing, I dont like the media circus he'll bring, or the constant last year or two for LeBron focus, which will take spotlight away from Maxey's emerging brilliance, Edgecombs growth, Jaylen revenge tear, and Embiid perhaps last chance to come back.    

  

I love teams most when its homegrown stars (Maxey, Embiid, now Edgecomb) and when great trades happen e.g. Jaylen Brown (odd as it was). I liked the underdog status.   

Obviously we will be a contender, I just will never ""love"" this team as the signing feels like the easy way out.    

Anyone else agree, or am I on an island?",0,83,/r/sixers/comments/1v5kfax/is_anyone_else_disappointed_with_lebrons_arrival/,2026-07-24
1v5kz1m,sixers,1784920408,Happy Lebron James day everyone!,,19,4,/r/sixers/comments/1v5kz1m/happy_lebron_james_day_everyone/,2026-07-24
1v5l39m,sixers,1784920664,Lebron got Fabrizio Romano the biggest Football/Soccer journalist post Basketball on his page,[https://www.instagram.com/p/DbLrKS2N3V5/](https://www.instagram.com/p/DbLrKS2N3V5/) ,21,1,/r/sixers/comments/1v5l39m/lebron_got_fabrizio_romano_the_biggest/,2026-07-24
1v5l5ty,sixers,1784920819,"Max Kellerman on Lebron going to the 76ers: ""It's called selling out. It's very easy to take a stand when there is low to no cost. When there is a real price to pay, then who will stand up? Not Lebron James""",[removed],1,0,/r/sixers/comments/1v5l5ty/max_kellerman_on_lebron_going_to_the_76ers_its/,2026-07-24
1v5l8jt,sixers,1784920979,LeBron +/- 10 apg?,"He’s done it once in his career. I know he might not have the legs to bring the ball up every possession but point/forward for at least part of each quarter allow’s Maxey to play a SG role that he’s honestly destined to play, just like Iverson. VJ has the freshest legs and is an insane rebounder so if his role puts him closer to the rim that’s ok cause he can go up and get offensive rebounds. ",9,14,/r/sixers/comments/1v5l8jt/lebron_10_apg/,2026-07-24
1v5lhi9,sixers,1784921537,How LeBron completely elevates the 76ers Title Window!,,1,2,/r/sixers/comments/1v5lhi9/how_lebron_completely_elevates_the_76ers_title/,2026-07-24
1v5lia0,sixers,1784921585,Lebron loves playing in Philly!,"Cant wait to see him making these plays for us rather than against us.

The playmaking, the strength, the scoring, the rebounding.

I'm LeHype!!!",7,0,/r/sixers/comments/1v5lia0/lebron_loves_playing_in_philly/,2026-07-24
1v5lnwh,sixers,1784921933,LeBron,Do sixer fans think LeBron should get a statue in philly?,6,5,/r/sixers/comments/1v5lnwh/lebron/,2026-07-24
1v5lpmz,sixers,1784922039,LeBron's been dropping hints all along lol,,43,2,/r/sixers/comments/1v5lpmz/lebrons_been_dropping_hints_all_along_lol/,2026-07-24
1v5mi4e,sixers,1784923752,First time i’ve seen a team/fanbase embrace LeBron in a wholesome way,"when bron went to the lakers, kobe fans HATED it. it was a dumb argument considering kobe was already retired at that point. sixers fans have been having a ball all over social media. you guys deserve it! get that ring #5 goat 🙏🏽",47,15,/r/sixers/comments/1v5mi4e/first_time_ive_seen_a_teamfanbase_embrace_lebron/,2026-07-24
1v5mi8r,sixers,1784923758,[Basketball Forever] LeBron James could reportedly live in New York while playing for the Philadelphia 76ers Shams notes it’s just a 45-minute helicopter ride from Manhattan to Philadelphia. (HT: ArashMarkazi/X),,86,87,/r/sixers/comments/1v5mi8r/basketball_forever_lebron_james_could_reportedly/,2026-07-24
1v5moxb,sixers,1784924176,So are we gonna get a LeBron + Jaylen presser now? (And dean wade/hukporti),This offseason is a movie ,38,3,/r/sixers/comments/1v5moxb/so_are_we_gonna_get_a_lebron_jaylen_presser_now/,2026-07-24
1v5mto0,sixers,1784924459,"[Shams] BREAKING: In an absolute blockbuster, the Philadelphia 76ers are sending Joel Embiid to the Washington Wizards in exchange for Anthony Davis, 3 future 1st round picks and a 2nd round pick swap. LeBron wanted AD as a part of the move to Philly and he gets his guy.",[removed],1,1,/r/sixers/comments/1v5mto0/shams_breaking_in_an_absolute_blockbuster_the/,2026-07-24
1v5n0w1,sixers,1784924887,LeBron James Will Become the Oldest Player in 76ers History When He Debuts at Age 41,"When LeBron James steps on the court for the 76ers this October, he will become the oldest player in franchise history at 41 years old.

The only players to appear in a game for the 76ers at age 40 or older:

• LeBron James — Age 41 (2026)  
• Rick Mahorn — Age 40 years, 225 days (1999)  
• Kyle Lowry — Age 40 years, 18 days (2026)

Data via Basketball Reference / Stathead",32,3,/r/sixers/comments/1v5n0w1/lebron_james_will_become_the_oldest_player_in/,2026-07-24
1v5n5ag,sixers,1784925152,LeBron 76ers Roster,[removed],1,0,/r/sixers/comments/1v5n5ag/lebron_76ers_roster/,2026-07-24
1v5nc4y,sixers,1784925567,"Kentavious Caldwell-Pope is expected to soon reach a buyout with the Grizzlies, and he could follow LeBron James to the Sixers. Philadelphia plans to add one or two more bench pieces at veteran’s minimum deals to further solidify their title aspirations.",,78,47,/r/sixers/comments/1v5nc4y/kentavious_caldwellpope_is_expected_to_soon_reach/,2026-07-24
1v5ns5u,sixers,1784926561,"[Shelburne] As for the impact of LeBron James’ decision on his son Bronny James, Rich Paul, the agent for both tells ESPN that ""they are not a package deal"" and there's no current plan or request for Bronny Janes to join his father in Philly.",,13,0,/r/sixers/comments/1v5ns5u/shelburne_as_for_the_impact_of_lebron_james/,2026-07-24
1v5gbax,sixers,1784910554,Lebron's IG Post,"https://www.instagram.com/reel/DbLj8uit-CS/?igsh=a2tnM3d5N3E3dnlp

THE KING IS COMING TO PHILLY

LET'S WIN THAT FIFTH RING",270,23,/r/sixers/comments/1v5gbax/lebrons_ig_post/,2026-07-24
1v5g7ry,sixers,1784910336,"Planes currently circling Barclays Center in Brooklyn towing LeBron to Philly messages - ""#PhillyWantsLeBron"" ""23 + (Liberty Bell) = (Goat)"" ""Strive for GOATness""",[removed],1,1,/r/sixers/comments/1v5g7ry/planes_currently_circling_barclays_center_in/,2026-07-24
1v5g255,sixers,1784910007,Ummm so REST EMBID until playoffs? We could win… with lebron ?! IS THIS THE FINAL PROCESS,"What yall think?

My god, its been so long i think this is our time.

It will either get us a ring, anything else we will hear nothing but lebron slander and not winning the chip, and how another year l

Of trusting the the process…

Can embid body even hold up? ",6,6,/r/sixers/comments/1v5g255/ummm_so_rest_embid_until_playoffs_we_could_win/,2026-07-24
1v5equ9,nba,1784907179,"BREAKING: LeBron James is signing with the Philadelphia 76ers on a two-year, $8 million deal with a player option, Klutch Sports Group and Klutch CEO and Game Over show host Rich Paul tells ESPN.",[removed],1,0,/r/nba/comments/1v5equ9/breaking_lebron_james_is_signing_with_the/,2026-07-24
1v5eqss,nba,1784907177,"BREAKING: LeBron James is signing with the Philadelphia 76ers on a two-year, $8 million deal with a player option, Klutch Sports Group and Klutch CEO and Game Over show host Rich Paul tells ESPN.",,1,1,/r/nba/comments/1v5eqss/breaking_lebron_james_is_signing_with_the/,2026-07-24
1v5eqml,nba,1784907165,"BREAKING: LeBron James is signing with the Philadelphia 76ers on a two-year, $8 million deal with a player option, Klutch Sports Group and Klutch CEO and Game Over show host Rich Paul tells ESPN.",,1,1,/r/nba/comments/1v5eqml/breaking_lebron_james_is_signing_with_the/,2026-07-24
1v5eqk6,nba,1784907161,BREAKING: LeBron James is signing with the Philadelphia 76ers...,,1,1,/r/nba/comments/1v5eqk6/breaking_lebron_james_is_signing_with_the/,2026-07-24
1v5eqj8,nba,1784907160,BREAKING: LeBron James is signing with the Philadelphia 76ers,[removed],1,1,/r/nba/comments/1v5eqj8/breaking_lebron_james_is_signing_with_the/,2026-07-24
1v5eqi0,nba,1784907158,BREAKING: LeBron James is signing with the Philadelphia 76ers...,,1,1,/r/nba/comments/1v5eqi0/breaking_lebron_james_is_signing_with_the/,2026-07-24
1v5eqey,nba,1784907153,BREAKING: LeBron James is signing with the Philadelphia 76ers...,,1,1,/r/nba/comments/1v5eqey/breaking_lebron_james_is_signing_with_the/,2026-07-24
1v5eqdu,nba,1784907151,"[Charania] BREAKING: LeBron James is signing with the Philadelphia 76ers on a two-year, $8 million deal with a player option, Klutch Sports Group and Klutch CEO and Game Over show host Rich Paul tells ESPN.",[removed],1,1,/r/nba/comments/1v5eqdu/charania_breaking_lebron_james_is_signing_with/,2026-07-24
1v5eqbo,nba,1784907147,"(Charania) BREAKING: LeBron James is signing with the Philadelphia 76ers on a two-year, $8 million deal with a player option, Klutch Sports Group and Klutch CEO and Game Over show host Rich Paul tells ESPN.","BREAKING: LeBron James is signing with the Philadelphia 76ers on a two-year, $8 million deal with a player option, Klutch Sports Group and Klutch CEO and Game Over show host Rich Paul tells ESPN.",37663,7201,/r/nba/comments/1v5eqbo/charania_breaking_lebron_james_is_signing_with/,2026-07-24
1v5eq3d,nba,1784907134,"BREAKING: LeBron James is signing with the Philadelphia 76ers on a two-year, $8 million deal with a player option, Klutch Sports Group and Klutch CEO and Game Over show host Rich Paul tells ESPN.",,1,1,/r/nba/comments/1v5eq3d/breaking_lebron_james_is_signing_with_the/,2026-07-24
1v5epyi,nba,1784907125,"BREAKING: LeBron James is signing with the Philadelphia 76ers on a two-year, $8 million deal with a player option, Klutch Sports Group and Klutch CEO and Game Over show host Rich Paul tells ESPN.",,1,1,/r/nba/comments/1v5epyi/breaking_lebron_james_is_signing_with_the/,2026-07-24
1v5eps3,nba,1784907114,LeBron James is signing with the Philadelphia 76ers...,[removed],1,1,/r/nba/comments/1v5eps3/lebron_james_is_signing_with_the_philadelphia/,2026-07-24
1v5eozm,nba,1784907067,Theory: Nico Harrison made the Luka-AD trade based on intel that LeBron would join Dallas to reunite with AD/Kyrie to form a Big 3 for the Mavs,"It all makes sense when viewed through this lens. This is why Nico was fine with shipping Luka for AD and not much else. He didn't want Reaves because that would've interfered with LeBron signing later on. His connects through Nike probably led to him having these conversations with Bron. 

If you remember, LeBron originally wanted LA to trade for Kyrie for years on end. In addition to credible reporting that he wanted the trade from Shams, Marc Stein and Woj over the course of two years, he openly advocated for the trade to happen:

>""I can't sit here and say I'm not disappointed on not being able to land such a talent, but someone that I had great chemistry with and know I got chemistry with on the floor, that can help you win championships, in my mind, in my eyes.""

When he realized this wasn't feasible, he was likely maneuvering to have that trio happen in Dallas instead. This was the move that Kyrie originally advocated in the first place, rather than Kyrie coming to LA.

Multiple sources covered Kyrie's angling for LeBron to join him in Dallas. Mavs found they couldn't make the deal because LeBron wanted to maintain roots in LA for business purposes and the cap constrained them. But LeBron's souring relationship with LA likely presented an avenue where this would have been possible, due to him being willing to take a paycut. I think Nico Harrison had intel that Bron would prefer AD to Luka as a running mate in a ""big 3"" because AD provides something more sorely-needed on a Bron/Kyrie team.

I think this pretty cleanly explains why Nico Harrison (1) didn't create an open market for Luka, he knew LeBron wanted AD so there was on reason to open up bidding and risk news leaking, and (2) took only AD/FRP because adding Austin Reaves would've further complicated adding Bron later.

Anyway, $4 a pound.",0,51,/r/nba/comments/1v5eozm/theory_nico_harrison_made_the_lukaad_trade_based/,2026-07-24
1v5emyu,nba,1784906945,THEORY: Nico Harrison made the AD trade based on intel that LeBron would join Dallas to reunite with AD/Kyrie to form a Big 3 for the Mavs,[removed],1,0,/r/nba/comments/1v5emyu/theory_nico_harrison_made_the_ad_trade_based_on/,2026-07-24
1v5e1vf,nba,1784905643,Mavs made the Luka-AD move based on intel that LeBron would join Dallas to reunite with AD/Kyrie to form a Big 3 for the Mavs,[removed],1,0,/r/nba/comments/1v5e1vf/mavs_made_the_lukaad_move_based_on_intel_that/,2026-07-24
1v5e0ur,nba,1784905581,THEORY: Mavs made the Luka-AD move based on intel that LeBron would join Dallas to reunite with AD/Kyrie to form a Big 3 for the Mavs,[removed],1,0,/r/nba/comments/1v5e0ur/theory_mavs_made_the_lukaad_move_based_on_intel/,2026-07-24
1v5dzey,nba,1784905495,Theory: Mavs made the Luka-AD trade based on intel that LeBron would join Dallas to reunite with AD/Kyrie to form a Big 3 for the Mavs,[removed],1,0,/r/nba/comments/1v5dzey/theory_mavs_made_the_lukaad_trade_based_on_intel/,2026-07-24
1v5eqvq,nba,1784907181,"[Charania] BREAKING: LeBron James is signing with the Philadelphia 76ers on a two-year, $8 million deal with a player option, Klutch Sports Group and Klutch CEO and Game Over show host Rich Paul tells ESPN.","[Charania] BREAKING: LeBron James is signing with the Philadelphia 76ers on a two-year, $8 million deal with a player option, Klutch Sports Group and Klutch CEO and Game Over show host Rich Paul tells ESPN.  
  
Source: https://www.espn.com/contributor/shams-charania/c89639ef979dd",60,39,/r/nba/comments/1v5eqvq/charania_breaking_lebron_james_is_signing_with/,2026-07-24
1v5dq42,nba,1784904942,Theory: Nico Harrison made the Luka-AD trade based on intel that LeBron would join Dallas to reunite with AD/Kyrie to form a Big 3 for the Mavs,[removed],1,0,/r/nba/comments/1v5dq42/theory_nico_harrison_made_the_lukaad_trade_based/,2026-07-24
1v5eqxf,nba,1784907184,LeBron Signs with Lakers,[removed],1,0,/r/nba/comments/1v5eqxf/lebron_signs_with_lakers/,2026-07-24
1v5erbn,nba,1784907208,"[Charania] BREAKING: LeBron James is signing with the Philadelphia 76ers on a two-year, $8 million deal with a player option, Klutch Sports Group and Klutch CEO and Game Over show host Rich Paul tells ESPN.",[removed],1,1,/r/nba/comments/1v5erbn/charania_breaking_lebron_james_is_signing_with/,2026-07-24
1v5f153,nba,1784907814,"Lebron James: "" I believe I can help make the Philadelphia 76ers a championship team and I am so excited to energize a new fan base and start this incredible journey one last time. Thank you LA. Miami I’ll forever love and Northeast Ohio will always home!""","LeBron on social media explains his decision:

I thought I was done when the season ended. I wasn't ready to announce it, and I knew I needed some time to really decide, but I was pretty sure I played my last game. I was honest at that last press conference when I said I needed to look at myself and deicide if I still love this game. I still truly love this game, and I have more to give. 

The last few weeks have really been special. I’ve never been able to have no clue what to do and take real time to just think. I’ve had an incredible few months with all the people I love trying to figure it all out. This is my last decision. I’m not going for money. I’m not going for family. What am I really playing for at this point? 

I still want to sacrifice. I still want to work. I still want to grind. I still want to compete, to win and to have a chance at the feeling of winning another championship. 

 I believe I can help make the Philadelphia 76ers a championship team and I am so excited to energize a new fan base and start this incredible journey one last time.  

Thank you LA. Miami I’ll forever love and Northeast Ohio will always home!",13990,1987,/r/nba/comments/1v5f153/lebron_james_i_believe_i_can_help_make_the/,2026-07-24
1v5f0u1,nba,1784907796,LeBron James on his decision to sign with Philadelphia,"**LeBron James with a series of tweets on his decision to sign with Philadelphia.**  
**——**  
I thought I was done when the season ended. I wasn't ready to announce it, and I knew I needed some time to really decide, but I was pretty sure I played my last game. I was honest at that last press conference when I said I needed to look at myself and deicide if I still love this game. I still truly love this game, and I have more to give. 

The last few weeks have really been special. I’ve never been able to have no clue what to do and take real time to just think. I’ve had an incredible few months with all the people I love trying to figure it all out. This is my last decision. I’m not going for money. I’m not going for family. What am I really playing for at this point? 

I still want to sacrifice. I still want to work. I still want to grind. I still want to compete, to win and to have a chance at the feeling of winning another championship. 

 I believe I can help make the Philadelphia 76ers a championship team and I am so excited to energize a new fan base and start this incredible journey one last time.  

Thank you LA. Miami I’ll forever love and Northeast Ohio will always home!

🙏🏾🫡👑",2628,416,/r/nba/comments/1v5f0u1/lebron_james_on_his_decision_to_sign_with/,2026-07-24
1v5f0k6,nba,1784907779,[LeBron James] “I believe I can help make the Philadelphia 76ers a championship team and I am so excited to energize a new fan base and start this incredible journey one last time.”,[removed],1,0,/r/nba/comments/1v5f0k6/lebron_james_i_believe_i_can_help_make_the/,2026-07-24
1v5ezjt,nba,1784907718,LeBron James on his decision to sign with Philadelphia.,[removed],1,0,/r/nba/comments/1v5ezjt/lebron_james_on_his_decision_to_sign_with/,2026-07-24
1v5eyxl,nba,1784907680,"76ers moves this offseason: Traded Paul George for Jaylen Brown, drafted Labaron Philon, signed Dean Wade, Anfernee Simons, and LEBRON JAMES.","> 76ers moves this offseason: Traded Paul George for Jaylen Brown, drafted Labaron Philon, signed Dean Wade, Anfernee Simons, and LEBRON JAMES.

Absolutely UNBELIEVABLE offseason for Mike Gansey and the Philadelphia 76ers. Literally went from A core of Maxey/Embiid/George with little upward momentum to this.",6173,644,/r/nba/comments/1v5eyxl/76ers_moves_this_offseason_traded_paul_george_for/,2026-07-24
1v5eyr0,nba,1784907668,Does LeBron signing a 2 year contract instead of a 1 year confirm he’s playing for another 2 seasons? Or do you think he’s still pondering retirement after 1 season and foregoing the 2nd year of the contract?,"Does LeBron signing a 2 year contract instead of a 1 year confirm he’s playing for another 2 seasons? Or do you think he’s still pondering retirement after 1 season and foregoing the 2nd year of the contract?

  
I guess it depends on the result of this next season. if the Sixers get the chip, I doubt he’d stay for another season. if they are a 2nd round exit, same deal. if they’re a finals team but lose, maybe he sticks around? ",0,33,/r/nba/comments/1v5eyr0/does_lebron_signing_a_2_year_contract_instead_of/,2026-07-24
1v5eyix,nba,1784907653,LeBron James & DeAndre Jordan will be taking up the same % of cap room space as of this season,"With LeBron James signing for the Philadelphia 76ers on a 2-year, 8-million dollar deal he will be taking up the same cap space room as DeAndre Jordan currently is with the New Orleans Pelicans. Jordan is currently on a 2-year, 8-million dollar deal fully guaranteed as of the last few weeks. ",10,4,/r/nba/comments/1v5eyix/lebron_james_deandre_jordan_will_be_taking_up_the/,2026-07-24
1v5ey2c,nba,1784907624,LEBRON TO THE 76ers!!,[removed],1,0,/r/nba/comments/1v5ey2c/lebron_to_the_76ers/,2026-07-24
1v5eusv,nba,1784907421,LeBron James signs with the Philadelphia 76ers as NBA icon finally makes a decision on his future,,1,1,/r/nba/comments/1v5eusv/lebron_james_signs_with_the_philadelphia_76ers_as/,2026-07-24
1v5eult,nba,1784907410,LeBron to Philly,,1,1,/r/nba/comments/1v5eult/lebron_to_philly/,2026-07-24
1v5eu7q,nba,1784907385,LeBron to the 76ers,,0,1,/r/nba/comments/1v5eu7q/lebron_to_the_76ers/,2026-07-24
1v5esp4,nba,1784907293,"[Charania] BREAKING: LeBron James is signing with the Philadelphia 76ers on a two-year, $8 million deal with a player option, Klutch Sports Group and Klutch CEO and Game Over show host Rich Paul tells ESPN","BREAKING: LeBron James is signing with the Philadelphia 76ers on a two-year, $8 million deal with a player option, Klutch Sports Group and Klutch CEO and Game Over show host Rich Paul tells ESPN

https://www.espn.com/contributor/shams-charania/c89639ef979dd",4021,1390,/r/nba/comments/1v5esp4/charania_breaking_lebron_james_is_signing_with/,2026-07-24
1v5esc8,nba,1784907270,LeBron signed with… WHO?,[removed],1,1,/r/nba/comments/1v5esc8/lebron_signed_with_who/,2026-07-24
1v5eru9,nba,1784907240,LeBron to the Sixers on a 2-yr 8 mil,[removed],1,1,/r/nba/comments/1v5eru9/lebron_to_the_sixers_on_a_2yr_8_mil/,2026-07-24
1v5eroa,nba,1784907228,LeBron to 76ers per Charania,,1,1,/r/nba/comments/1v5eroa/lebron_to_76ers_per_charania/,2026-07-24
1v5erm8,nba,1784907225,"Lebron to the Sixers, what do yall think about this? Keep in mind the amount and years he signed.",Who else believed or had an inkling he would sign here? I feel like the Phillies was a place he could’ve possibly went to but not enough discussion about it happening.,0,2,/r/nba/comments/1v5erm8/lebron_to_the_sixers_what_do_yall_think_about/,2026-07-24
1v5erh8,nba,1784907217,LeBron signs with the 76ers,"Signs on a two year, $8 million dollar deal with a player option likely his final two years in the league.",0,0,/r/nba/comments/1v5erh8/lebron_signs_with_the_76ers/,2026-07-24
1v5er0l,nba,1784907190,"[Charania] BREAKING: LeBron James is signing with the Philadelphia 76ers on a two year, $8 million deal with a player option.",,1,1,/r/nba/comments/1v5er0l/charania_breaking_lebron_james_is_signing_with/,2026-07-24
1v5d77m,nba,1784903781,IF LeBron had stayed with Cleveland his entire career and everything else in his career stayed the same...,"leave out the fact of the different teammates etc. he gets to play with the same level of talent he had when he won those titles.

he wins the same number of titles and gets the same records. 

How different would the general vibe be about him?",0,107,/r/nba/comments/1v5d77m/if_lebron_had_stayed_with_cleveland_his_entire/,2026-07-24
1v5cvg5,nba,1784903053,"[ESPN] League sources said LeBron James had been angling for former teammate Kyrie Irving to join him in Cleveland, but the Dallas Mavericks have had no interest in engaging the Cavaliers in a trade, and Irving is believed to be comfortable where he is.","\> If James went back to Cleveland, expectations would be outsized and unfair, no matter what he says about his free agency priorities. The team that made it to the conference finals, only to be humbled by the eventual champion New York Knicks, doesn't appear to be a LeBron James away from a title, considering the Cavs' already feature the high-usage playmaking of Donovan Mitchell and James Harden.

\> Rather, it was frontcourt toughness that was the Cavaliers' bugaboo, as Jarrett Allen and Evan Mobley got moved around a bit too easily in the conference finals. League sources said James had been angling for former teammate Irving to join him in Cleveland, but the Dallas Mavericks have had no interest in engaging the Cavaliers in a trade, and Irving is believed to be comfortable where he is.

https://www.espn.com/nba/story/\_/id/49434263/nba-free-agency-lebron-james-heat-cavaliers-reunion-close-chapter",10,20,/r/nba/comments/1v5cvg5/espn_league_sources_said_lebron_james_had_been/,2026-07-24
1v5cn42,nba,1784902525,Should LeBron just retire and comeback in 2027-28?,"At this point, retirement might be the best choice.

He probably won’t do it… LeBron has to get that final hooray from the fans and players on his official last year.

But this free agency period hasn’t gone smoothly!

**He obviously did not like the recent comments made by the NBA commissioner** **essentially rushing him to make a decision.**

Then there’s the top options (based on reports):

• The Sixers best player can’t stay healthy.

• The Warriors are old and can’t get AD.

• The Cavaliers have a defenseless backcourt and can’t get Kyrie.\*

• The Heat can’t shoot (that ""leaked"" video may not have helped things either).

\*The storybook ending would be to go back to Cleveland…. But if he doesn’t trust the current roster to compete for a title, then what?

A year off from the game might just be what LeBron (and his family) needs.",0,42,/r/nba/comments/1v5cn42/should_lebron_just_retire_and_comeback_in_202728/,2026-07-24
1v5f4au,sixers,1784908002,Lebron is coming to Philadelphia,,46,3,/r/sixers/comments/1v5f4au/lebron_is_coming_to_philadelphia/,2026-07-24
1v5f7f8,sixers,1784908193,Finally lebron is with us,"after failed recruitment in 2018 lebron finally with us and will give us a chance to get that trophy he might old but he's still one of the best players in this league, god bless Philly god bless to us now it's about showtime.",29,3,/r/sixers/comments/1v5f7f8/finally_lebron_is_with_us/,2026-07-24
1v5f7p0,sixers,1784908209,Lebron james is sighning with the 76rs,[removed],1,0,/r/sixers/comments/1v5f7p0/lebron_james_is_sighning_with_the_76rs/,2026-07-24
1v5f7rg,sixers,1784908214,"76ers moves this offseason: Traded Paul George for Jaylen Brown, drafted Labaron Philon, signed Dean Wade, Anfernee Simons, and LEBRON JAMES.",,50,16,/r/sixers/comments/1v5f7rg/76ers_moves_this_offseason_traded_paul_george_for/,2026-07-24
1v5f9oi,sixers,1784908329,"LeBron fan and super casual nba fan, what should i know?",Ready to support bron for this season as he becomes a member of the philly 76ers. I'm pretty casual as I don't have a team and pretty much just support bron. The only nba content I consume outside of LeBron is the playoffs and youtube videos to just play in the background,4,18,/r/sixers/comments/1v5f9oi/lebron_fan_and_super_casual_nba_fan_what_should_i/,2026-07-24
1v5fanx,sixers,1784908386,Lebron James is signing with the Philadelphia 76rs,,1,0,/r/sixers/comments/1v5fanx/lebron_james_is_signing_with_the_philadelphia_76rs/,2026-07-24
1v5fb9c,sixers,1784908423,Its officially LeBron James Day,,57,0,/r/sixers/comments/1v5fb9c/its_officially_lebron_james_day/,2026-07-24
1v5fnzs,sixers,1784909170,VJ learning and growing with LeBron on the roster is gonna be fucking monumental for his future,Dude is gonna be a sponge ,28,5,/r/sixers/comments/1v5fnzs/vj_learning_and_growing_with_lebron_on_the_roster/,2026-07-24
1v5fowl,sixers,1784909221,Season Tickets after Lebron,Can the franchise adjust season ticket prices overnight or have they been and will continue to be set for the rest of the offeason? ,4,8,/r/sixers/comments/1v5fowl/season_tickets_after_lebron/,2026-07-24
1v5fpm1,sixers,1784909260,[Charania] Philadelphia was not being seriously considered by LeBron James until they acquired Jaylen Brown from Boston. LeBron James believed that the 76ers have a better chance to win a championship than Miami and Cleveland.,,38,6,/r/sixers/comments/1v5fpm1/charania_philadelphia_was_not_being_seriously/,2026-07-24
1v5fsdh,sixers,1784909422,"ESPN: LeBron chooses 76ers, will sign 2-year, $8 million contract","Lebron said, ""I believe I can help make the Philadelphia 76ers a championship team and I am so excited to energize a new fan base and start this incredible journey one last time.""",12,0,/r/sixers/comments/1v5fsdh/espn_lebron_chooses_76ers_will_sign_2year_8/,2026-07-24
1v5fubo,sixers,1784909534,I laid out at beginning of FA why Philadelphia Sixers were the best candidate for Lebron given the Klutch connection with Nick Nurse and Maxey,,7,0,/r/sixers/comments/1v5fubo/i_laid_out_at_beginning_of_fa_why_philadelphia/,2026-07-24
1v5fv3r,sixers,1784909584,Lebron Championship Checklist,"Cavaliers- ✅  
Heat- ✅  
Lakers- ✅  
Sixers- ⏰",4,0,/r/sixers/comments/1v5fv3r/lebron_championship_checklist/,2026-07-24
1v5fwhk,sixers,1784909668,"ESPN: LeBron chooses 76ers, will sign 2-year, $8 million contract","Lebron said, ""I believe I can help make the Philadelphia 76ers a championship team and I am so excited to energize a new fan base and start this incredible journey one last time.""",3,0,/r/sixers/comments/1v5fwhk/espn_lebron_chooses_76ers_will_sign_2year_8/,2026-07-24
1v5fxi6,sixers,1784909726,"Looking back at it, there were tons of hints of LeBron to Philly: Rich Paul's whiteboard with an asterisk next to Maxey (Klutch), Sixers GM Mike Gansey's brother posting a picture of Mike and LeBron in high school, Bob Myers on Rich Paul podcast, and LeBron saying Trust The Process at Fanatics.",,22,6,/r/sixers/comments/1v5fxi6/looking_back_at_it_there_were_tons_of_hints_of/,2026-07-24
1v5fyoh,sixers,1784909797,[Charania] Philadelphia was not being seriously considered by LeBron James until they acquired Jaylen Brown from Boston. LeBron James believed that the 76ers have a better chance to win a championship than Miami and Cleveland.,,1,0,/r/sixers/comments/1v5fyoh/charania_philadelphia_was_not_being_seriously/,2026-07-24
1v5fyq4,sixers,1784909800,Does Lebron signing imply a healthy Joel Embiid?,"Let me know if I'm reaching, but i feel like Lebron wouldn't have chosen to sign with Philly if he didn't have some reason to believe that Embiid would be in at least decent shape for the season.

Obviously there's not way to predict his health but this makes me feel like Bron has seen/heard things that make him confident in Joel's ability to play.

  
BUT WHO CARES RN WE GOT BRON LET'S FUCKING GOOO",18,17,/r/sixers/comments/1v5fyq4/does_lebron_signing_imply_a_healthy_joel_embiid/,2026-07-24
1v5f3sv,sixers,1784907970,[LeBron] This is my last decision. I’m not going for money. I still want to compete and to win. I believe I can help make the Philadelphia 76ers a championship team and I am so excited to energize a new fan base and start this incredible journey one last time,,513,37,/r/sixers/comments/1v5f3sv/lebron_this_is_my_last_decision_im_not_going_for/,2026-07-24
1v5f2er,sixers,1784907889,LeBron James on his decision to sign with Philadelphia,"**LeBron James with a series of tweets on his decision to sign with Philadelphia.**  
——    
I thought I was done when the season ended. I wasn't ready to announce it, and I knew I needed some time to really decide, but I was pretty sure I played my last game. I was honest at that last press conference when I said I needed to look at myself and deicide if I still love this game. I still truly love this game, and I have more to give. 

The last few weeks have really been special. I’ve never been able to have no clue what to do and take real time to just think. I’ve had an incredible few months with all the people I love trying to figure it all out. This is my last decision. I’m not going for money. I’m not going for family. What am I really playing for at this point? 

I still want to sacrifice. I still want to work. I still want to grind. I still want to compete, to win and to have a chance at the feeling of winning another championship. 

 I believe I can help make the Philadelphia 76ers a championship team and I am so excited to energize a new fan base and start this incredible journey one last time.  

Thank you LA. Miami I’ll forever love and Northeast Ohio will always home!

🙏🏾🫡👑",18,5,/r/sixers/comments/1v5f2er/lebron_james_on_his_decision_to_sign_with/,2026-07-24
1v5f0l7,sixers,1784907781,WE JUST GOT LEBRON FUCKING JAMES LETSSSS GO,,1,1,/r/sixers/comments/1v5f0l7/we_just_got_lebron_fucking_james_letssss_go/,2026-07-24
1v5f0hi,sixers,1784907775,"LeBron Stan joining Sub, What do i need to know and do as a new Sixers fan these next two seasons?","What are players we hate? What are the legends we praise irrationally? What phrases do we say? Is there an equivalent to the Timberwolves just saying ""Naz Reid?"" ",0,20,/r/sixers/comments/1v5f0hi/lebron_stan_joining_sub_what_do_i_need_to_know/,2026-07-24
1v59zvg,nba,1784896135,LeBron Gets Destroyed by Tyson Chandler's Screen,,1,1,/r/nba/comments/1v59zvg/lebron_gets_destroyed_by_tyson_chandlers_screen/,2026-07-24
1v52px3,nba,1784872810,If LeBron and Jordan were in the same draft class who would you choose #1 overall?,Given what we know about their career’s.  Thru miraculously are the same age.  Who would you choose #1 overall?  Of course they are the GOATs.  but youre building a team.  ,0,190,/r/nba/comments/1v52px3/if_lebron_and_jordan_were_in_the_same_draft_class/,2026-07-24
1v5s7bo,sixers,1784937222,Rich Paul speaks on why LeBron James signed with Philadelphia 76ers,"Interesting conversation. A few subtleties:  
\- Rich Paul didn’t mention Embiid at all initially. But he does say “it’s not easy for someone who is deemed a star player on the team. When LeBron comes, he shows you how little of a star you are”  
\- When Max does mention Embiid, Rich Paul quickly puts the focus back on LeBron

The most interesting part of this will be the effect of this offseason on Embiid. He lost top-dog status to Maxey last year. We all know that LeBron didn’t come to Philly to have a 300 million dollar hole in the roster every night. And he certainly didn’t come here to try and maximize Embiid’s prime and carry him to the playoffs lmao.

Embiid will need to be on time for meetings. Present on the bench when he’s not playing. In shape. And engaged throughout the season.

Outside of Embiid, this is huge for VJ, Maxey and Philon. They will learn a lot from Lebron and it should elevate the franchise beyond just these next two seasons. This is absolutely huge for the franchise.",12,23,/r/sixers/comments/1v5s7bo/rich_paul_speaks_on_why_lebron_james_signed_with/,2026-07-24
1v5ie1m,nbadiscussion,1784914935,Will LeBron play past 2028?,[removed],1,0,/r/nbadiscussion/comments/1v5ie1m/will_lebron_play_past_2028/,2026-07-24
1v5epo1,sixers,1784907108,"[Shams] BREAKING: LeBron James is signing with the Philadelphia 76ers on a two-year, $8 million deal with a player option, Klutch Sports Group and Klutch CEO and Game Over show host Rich Paul tells ESPN.",,4935,1639,/r/sixers/comments/1v5epo1/shams_breaking_lebron_james_is_signing_with_the/,2026-07-24
1v5epw5,sixers,1784907121,"[Charania] BREAKING: LeBron James is signing with the Philadelphia 76ers on a two-year, $8 million deal with a player option, Klutch Sports Group and Klutch CEO and Game Over show host Rich Paul tells ESPN.",,4143,766,/r/sixers/comments/1v5epw5/charania_breaking_lebron_james_is_signing_with/,2026-07-24
1v5eq8c,sixers,1784907141,lebron to philly confirmed!,Lets goooo!!!,3,0,/r/sixers/comments/1v5eq8c/lebron_to_philly_confirmed/,2026-07-24
1v5er2c,sixers,1784907193,"BREAKING: LeBron James is signing with the Philadelphia 76ers on a two-year, $8 million deal with a player option, Klutch Sports Group and Klutch CEO and Game Over show host Rich Paul tells ESPN.",,57,8,/r/sixers/comments/1v5er2c/breaking_lebron_james_is_signing_with_the/,2026-07-24
1v5f1o6,nba,1784907846,LeBron James: “I believe I can help make the Philadelphia 76ers a championship team and I am so excited to energize a new fan base and start this incredible journey one last time.”,"I thought I was done when the season ended. I wasn't ready to announce it, and I knew I needed some time to really decide, but I was pretty sure I played my last game. I was honest at that last press conference when I said I needed to look at myself and deicide if I still love this game. I still truly love this game, and I have more to give.

The last few weeks have really been special. I’ve never been able to have no clue what to do and take real time to just think. I’ve had an incredible few months with all the people I love trying to figure it all out. This is my last decision. I’m not going for money. I’m not going for family. What am I really playing for at this point?

I still want to sacrifice. I still want to work. I still want to grind. I still want to compete, to win and to have a chance at the feeling of winning another championship.

I believe I can help make the Philadelphia 76ers a championship team and I am so excited to energize a new fan base and start this incredible journey one last time.  

Thank you LA. Miami I’ll forever love and Northeast Ohio will always home!

Source: [https://sports.yahoo.com/nba/breaking-news/article/lebron-james-reportedly-signing-with-76ers-for-his-24th-nba-season-153616566.html](https://sports.yahoo.com/nba/breaking-news/article/lebron-james-reportedly-signing-with-76ers-for-his-24th-nba-season-153616566.html)",70,58,/r/nba/comments/1v5f1o6/lebron_james_i_believe_i_can_help_make_the/,2026-07-24
1v5erc4,sixers,1784907209,lebron to the sixers confirmed,,2,1,/r/sixers/comments/1v5erc4/lebron_to_the_sixers_confirmed/,2026-07-24
1v5es06,sixers,1784907250,"WELCOME TO PHILADELPHIA, LEBRON JAMES!",,5,3,/r/sixers/comments/1v5es06/welcome_to_philadelphia_lebron_james/,2026-07-24
1v5esth,sixers,1784907301,LeBron coming to the sixers,Confirmed by Shams today,22,3,/r/sixers/comments/1v5esth/lebron_coming_to_the_sixers/,2026-07-24
1v5et2c,sixers,1784907316,WELCOME LEBRON FANS,WE HAVE ARRIVED,207,61,/r/sixers/comments/1v5et2c/welcome_lebron_fans/,2026-07-24
1v5ett0,sixers,1784907360,"WELCOME TO THE 76ERS, LEBRON JAMES!!!",,819,50,/r/sixers/comments/1v5ett0/welcome_to_the_76ers_lebron_james/,2026-07-24
1v5ewsf,sixers,1784907544,"BREAKING: LeBron James agrees to sign with the Philadelphia 76ers on a two-year, $8 million deal with a player option",,326,22,/r/sixers/comments/1v5ewsf/breaking_lebron_james_agrees_to_sign_with_the/,2026-07-24
1v5ex46,sixers,1784907565,"LEBRON JAMES, WELCOME TO PHILADELPHIA!",,81,0,/r/sixers/comments/1v5ex46/lebron_james_welcome_to_philadelphia/,2026-07-24
1v5eyb4,sixers,1784907639,Happy LeBron James Day everyone!,"This is real 💀

https://xcancel.com/GovernorShapiro/status/2080678000845021525?s=20",17,0,/r/sixers/comments/1v5eyb4/happy_lebron_james_day_everyone/,2026-07-24
1v5ezqo,sixers,1784907731,Official LeBron Apology Thread,"I officially apologize to everyone who I called a “pussy” or dickhead” for thinking LeBron would sign here.

Sorry to LeBron Sr, Gloria, Rich Paul, Lebron James Jr, Bryce and Zhuri.",48,9,/r/sixers/comments/1v5ezqo/official_lebron_apology_thread/,2026-07-24
1v5erer,sixers,1784907213,"(Charania) BREAKING: LeBron James is signing with the Philadelphia 76ers on a two-year, $8 million deal with a player option, Klutch Sports Group and Klutch CEO and Game Over show host Rich Paul tells ESPN.",,486,104,/r/sixers/comments/1v5erer/charania_breaking_lebron_james_is_signing_with/,2026-07-24
1v5j5zz,nbadiscussion,1784916559,"Where do the Sixers rank in the league after signing LeBron James, and what should they do next to finalise their roster for this season?",[removed],1,2,/r/nbadiscussion/comments/1v5j5zz/where_do_the_sixers_rank_in_the_league_after/,2026-07-24
